movie_id,movie_title,release_date,poster_url,unknown,action,adventure,animation,childrens,comedy,crime,documentary,drama,fantasy,film_noir,horror,musical,mystery,romance,sci_fi,thriller,war,western,imdb_url_new
1,Toy Story (1995),01-Jan-1995,https://m.media-amazon.com/images/M/MV5BZTA3OWVjOWItNjE1NS00NzZiLWE1MjgtZDZhMWI1ZTlkNzYwXkEyXkFqcGc@..jpg,0,0,0,1,1,1,0,0,0,0,0,0,0,0,0,0,0,0,0,https://www.imdb.com/title/tt0114709/?ref_=fn_ttl_ttl_1
2,GoldenEye (1995),01-Jan-1995,https://m.media-amazon.com/images/M/MV5BOGQxNmYyY2YtZGIyNy00ODgxLThhZWEtZGIyNjJhYzFlOTllXkEyXkFqcGc@..jpg,0,1,1,0,0,0,0,0,0,0,0,0,0,0,0,0,1,0,0,https://www.imdb.com/title/tt0113189/?ref_=fn_ttl_ttl_1
3,Four Rooms (1995),01-Jan-1995,https://m.media-amazon.com/images/M/MV5BMmNlMjE5YTEtZTU1My00MDc1LTgwNzctNTZlYmJmNTM3ZjYzXkEyXkFqcGc@..jpg,0,0,0,0,0,0,0,0,0,0,0,0,0,0,0,0,1,0,0,https://www.imdb.com/title/tt0113101/?ref_=fn_ttl_ttl_1
4,Get Shorty (1995),01-Jan-1995,https://m.media-amazon.com/images/M/MV5BMjAwODYzNDY4Ml5BMl5BanBnXkFtZTcwODkwNTgzNA@@..jpg,0,1,0,0,0,1,0,0,1,0,0,0,0,0,0,0,0,0,0,https://www.imdb.com/title/tt0113161/?ref_=fn_ttl_ttl_1
5,Copycat (1995),01-Jan-1995,https://m.media-amazon.com/images/M/MV5BY2ZiODRlYWMtOGViYS00ZTNiLTlkMGQtZTAxY2IyMDAzYzU2XkEyXkFqcGc@..jpg,0,0,0,0,0,0,1,0,1,0,0,0,0,0,0,0,1,0,0,https://www.imdb.com/title/tt0112722/?ref_=fn_ttl_ttl_1
6,Shanghai Triad (Yao a yao yao dao waipo qiao) (1995),01-Jan-1995,https://m.media-amazon.com/images/M/MV5BMjExNzU2NDctYTQ4My00MmFkLTljN2UtN2MzYWQ1NTFiNDEyXkEyXkFqcGc@..jpg,0,0,0,0,0,0,0,0,1,0,0,0,0,0,0,0,0,0,0,https://www.imdb.com/title/tt0115012/?ref_=fn_ttl_ttl_1
7,Twelve Monkeys (1995),01-Jan-1995,https://m.media-amazon.com/images/M/MV5BMDQwNDY0M2MtOGFmNy00ZjI5LTkzN2ItMzg5M2IwZTZjY2MyXkEyXkFqcGc@..jpg,0,0,0,0,0,0,0,0,1,0,0,0,0,0,0,1,0,0,0,https://www.imdb.com/title/tt0114746/?ref_=fn_ttl_ttl_1
8,Babe (1995),01-Jan-1995,https://m.media-amazon.com/images/M/MV5BODYxZWZiMTgtMjJhOC00OTE1LTk0MmQtMGFiOGY3ZTAwZGRjXkEyXkFqcGc@..jpg,0,0,0,0,1,1,0,0,1,0,0,0,0,0,0,0,0,0,0,https://www.imdb.com/title/tt0112431/?ref_=fn_ttl_ttl_1
9,Dead Man Walking (1995),01-Jan-1995,https://m.media-amazon.com/images/M/MV5BMTM3NzA1MjM2N15BMl5BanBnXkFtZTcwMzY3MTMzNA@@..jpg,0,0,0,0,0,0,0,0,1,0,0,0,0,0,0,0,0,0,0,https://www.imdb.com/title/tt0112818/?ref_=fn_ttl_ttl_1
10,Richard III (1995),22-Jan-1996,https://m.media-amazon.com/images/M/MV5BMWZjODNlYzAtNWIxZC00ZWRkLWFlMjctZGVlMDYxZTU1MGM1XkEyXkFqcGc@..jpg,0,0,0,0,0,0,0,0,1,0,0,0,0,0,0,0,0,1,0,https://www.imdb.com/title/tt0114279/?ref_=fn_ttl_ttl_1
11,Seven (Se7en) (1995),01-Jan-1995,https://m.media-amazon.com/images/M/MV5BY2IzNzMxZjctZjUxZi00YzAxLTk3ZjMtODFjODdhMDU5NDM1XkEyXkFqcGc@..jpg,0,0,0,0,0,0,1,0,0,0,0,0,0,0,0,0,1,0,0,https://www.imdb.com/title/tt0114369/?ref_=nv_sr_srsg_0_tt_8_nm_0_in_0_q_seven
12,"Usual Suspects, The (1995)",14-Aug-1995,https://m.media-amazon.com/images/M/MV5BOTE5MDUxZDUtZWZmZC00NDVmLWFhOGQtNWI2YTc4NzY3MGQ0XkEyXkFqcGc@..jpg,0,0,0,0,0,0,1,0,0,0,0,0,0,0,0,0,1,0,0,https://www.imdb.com/title/tt0114814/?ref_=fn_ttl_ttl_1
13,Mighty Aphrodite (1995),30-Oct-1995,https://m.media-amazon.com/images/M/MV5BNGY4MWQ2Y2QtMzliZC00NTc3LWJmMGYtMzUxYWI0YTFhYTY4XkEyXkFqcGc@..jpg,0,0,0,0,0,1,0,0,0,0,0,0,0,0,0,0,0,0,0,https://www.imdb.com/title/tt0113819/?ref_=fn_ttl_ttl_1
14,"Postino, Il (1994)",01-Jan-1994,https://m.media-amazon.com/images/M/MV5BMTE1OTJkMmEtZDBmNC00ZTBiLWEwYTQtODEzNGU2OTAxZmU5XkEyXkFqcGc@..jpg,0,0,0,0,0,0,0,0,1,0,0,0,0,0,1,0,0,0,0,https://www.imdb.com/title/tt0110877/?ref_=fn_ttl_ttl_1
15,Mr. Holland's Opus (1995),29-Jan-1996,https://m.media-amazon.com/images/M/MV5BZGJkOTFkYjEtNzg5Zi00NWIyLTkyN2QtMDExNjk1NTg1NTQ1XkEyXkFqcGc@..jpg,0,0,0,0,0,0,0,0,1,0,0,0,0,0,0,0,0,0,0,https://www.imdb.com/title/tt0113862/?ref_=fn_ttl_ttl_1
16,French Twist (Gazon maudit) (1995),01-Jan-1995,https://m.media-amazon.com/images/M/MV5BMTY2ZDdlY2YtYzdkNi00MzcxLTgxYjMtMmQ1ZjMyNTBmYTU0XkEyXkFqcGc@..jpg,0,0,0,0,0,1,0,0,0,0,0,0,0,0,1,0,0,0,0,https://www.imdb.com/title/tt0113149/
17,From Dusk Till Dawn (1996),05-Feb-1996,https://m.media-amazon.com/images/M/MV5BZGNjMWMwNWEtYTQ2YS00N2E5LTg5ZWYtMDgzM2UxMTE1ZTE4XkEyXkFqcGc@..jpg,0,1,0,0,0,1,1,0,0,0,0,1,0,0,0,0,1,0,0,https://www.imdb.com/title/tt0116367/?ref_=fn_ttl_ttl_1
18,"White Balloon, The (1995)",01-Jan-1995,https://m.media-amazon.com/images/M/MV5BM2E0OGRkOGQtMzhiOC00NDUxLThjMzYtNTM4ZTNhYWU1NmQ1XkEyXkFqcGc@..jpg,0,0,0,0,0,0,0,0,1,0,0,0,0,0,0,0,0,0,0,https://www.imdb.com/title/tt0112445/?ref_=fn_ttl_ttl_1
19,Antonia's Line (1995),01-Jan-1995,https://m.media-amazon.com/images/M/MV5BYzAxYmM1YzQtNDhmOS00N2UxLTljNTctOGE0ZDI3NWIxMTYwXkEyXkFqcGc@..jpg,0,0,0,0,0,0,0,0,1,0,0,0,0,0,0,0,0,0,0,https://www.imdb.com/title/tt0112379/?ref_=fn_ttl_ttl_1
20,Angels and Insects (1995),01-Jan-1995,https://m.media-amazon.com/images/M/MV5BZjZkYTk4ZjEtMWRmNi00MzM5LThlNTItZThhNzFlMzc1NDIwXkEyXkFqcGc@..jpg,0,0,0,0,0,0,0,0,1,0,0,0,0,0,1,0,0,0,0,https://www.imdb.com/title/tt0112365/?ref_=fn_ttl_ttl_1
21,Muppet Treasure Island (1996),16-Feb-1996,https://m.media-amazon.com/images/M/MV5BZmE3MmM4NTYtM2JhYS00ZjIwLWExOTItOTI3YjI4ZDQ2NjBhXkEyXkFqcGc@..jpg,0,1,1,0,0,1,0,0,0,0,0,0,1,0,0,0,1,0,0,https://www.imdb.com/title/tt0117110/?ref_=fn_ttl_ttl_1
22,Braveheart (1995),16-Feb-1996,https://m.media-amazon.com/images/M/MV5BNGMxZDBhNGQtYTZlNi00N2UzLWI4NDEtNmUzNWM2NTdmZDA0XkEyXkFqcGc@..jpg,0,1,0,0,0,0,0,0,1,0,0,0,0,0,0,0,0,1,0,https://www.imdb.com/title/tt0112573/?ref_=fn_ttl_ttl_1
23,Taxi Driver (1976),16-Feb-1996,https://m.media-amazon.com/images/M/MV5BZDNhMGYwM2UtMTdlZS00MGQ1LWI2YzAtODY5YWI1MjYyNzRmXkEyXkFqcGc@..jpg,0,0,0,0,0,0,0,0,1,0,0,0,0,0,0,0,1,0,0,https://www.imdb.com/title/tt0075314/?ref_=fn_ttl_ttl_1
24,Rumble in the Bronx (1995),23-Feb-1996,https://m.media-amazon.com/images/M/MV5BNWUxMDcyZTMtYzJjMi00Y2Q1LWE3NWMtNTRiNGQxZTljYjE2XkEyXkFqcGc@..jpg,0,1,1,0,0,0,1,0,0,0,0,0,0,0,0,0,0,0,0,https://www.imdb.com/title/tt0113326/?ref_=fn_ttl_ttl_1
25,"Birdcage, The (1996)",08-Mar-1996,https://m.media-amazon.com/images/M/MV5BMTM2NjExODYyOF5BMl5BanBnXkFtZTcwNTc0NjgyNA@@..jpg,0,0,0,0,0,1,0,0,0,0,0,0,0,0,0,0,0,0,0,https://www.imdb.com/title/tt0115685/?ref_=fn_ttl_ttl_1
26,"Brothers McMullen, The (1995)",01-Jan-1995,https://m.media-amazon.com/images/M/MV5BZDQ3MmE1NWItMGIzNi00NWZjLTgzZDMtYmY5YjdhNDQ0NjcxXkEyXkFqcGc@..jpg,0,0,0,0,0,1,0,0,0,0,0,0,0,0,0,0,0,0,0,https://www.imdb.com/title/tt0112585/?ref_=fn_ttl_ttl_1
27,Bad Boys (1995),01-Jan-1995,https://m.media-amazon.com/images/M/MV5BMWNjZWEwNDMtMWE1ZC00MTgwLTk2YzAtYmE0NTkwOWVhMDI0XkEyXkFqcGc@..jpg,0,1,0,0,0,0,0,0,0,0,0,0,0,0,0,0,0,0,0,https://www.imdb.com/title/tt0112442/?ref_=fn_ttl_ttl_1
28,Apollo 13 (1995),01-Jan-1995,https://m.media-amazon.com/images/M/MV5BMGZmNGY1OTAtNjFkYS00MjcyLWFlZjUtYzEyMDllZGZhMzM3XkEyXkFqcGc@..jpg,0,1,0,0,0,0,0,0,1,0,0,0,0,0,0,0,1,0,0,https://www.imdb.com/title/tt0112384/?ref_=fn_ttl_ttl_1
29,Batman Forever (1995),01-Jan-1995,https://m.media-amazon.com/images/M/MV5BMTUyNjJhZWItMTZkNS00NDc4LTllNjUtYTg3NjczMzA5ZTViXkEyXkFqcGc@..jpg,0,1,1,0,0,1,1,0,0,0,0,0,0,0,0,0,0,0,0,https://www.imdb.com/title/tt0112462/?ref_=fn_ttl_ttl_1
30,Belle de jour (1967),01-Jan-1967,https://m.media-amazon.com/images/M/MV5BMDhiYmZmNjEtZjE1NC00YmIxLTgyMDEtODVkYTkyNzZkNzk0XkEyXkFqcGc@..jpg,0,0,0,0,0,0,0,0,1,0,0,0,0,0,0,0,0,0,0,https://www.imdb.com/title/tt0061395/?ref_=fn_ttl_ttl_1
31,Crimson Tide (1995),01-Jan-1995,https://m.media-amazon.com/images/M/MV5BNTNhZDk2NmQtNDc3ZC00Nzk3LWFmNTctYTc0OWMyNGM0ZWYyXkEyXkFqcGc@..jpg,0,0,0,0,0,0,0,0,1,0,0,0,0,0,0,0,1,1,0,https://www.imdb.com/title/tt0112740/?ref_=fn_ttl_ttl_1
32,Crumb (1994),01-Jan-1994,https://m.media-amazon.com/images/M/MV5BZDQ2NjNkZTktNTg4MC00ZTBkLTlkMDItYzIyODA4M2MzMzdjXkEyXkFqcGc@..jpg,0,0,0,0,0,0,0,1,0,0,0,0,0,0,0,0,0,0,0,https://www.imdb.com/title/tt0109508/?ref_=fn_ttl_ttl_1
33,Desperado (1995),01-Jan-1995,https://m.media-amazon.com/images/M/MV5BN2IzOThmNTMtODE4My00NTI1LThkOWMtNTA4MTc4NWI1NTNlXkEyXkFqcGc@..jpg,0,1,0,0,0,0,0,0,0,0,0,0,0,0,1,0,1,0,0,https://www.imdb.com/title/tt0112851/?ref_=fn_ttl_ttl_1
34,"Doom Generation, The (1995)",01-Jan-1995,https://m.media-amazon.com/images/M/MV5BYjQ2MmE3NzctZjYzZS00ZGVjLWEyODUtYjM3MTAwYTQ2YmU4XkEyXkFqcGc@..jpg,0,0,0,0,0,1,0,0,1,0,0,0,0,0,0,0,0,0,0,https://www.imdb.com/title/tt0112887/?ref_=fn_ttl_ttl_1
35,Free Willy 2: The Adventure Home (1995),01-Jan-1995,https://m.media-amazon.com/images/M/MV5BMmVjZjMxMmUtYWQ4Mi00YzAzLThkMmQtZjNmMGQyNDVkNzk2XkEyXkFqcGc@..jpg,0,0,1,0,1,0,0,0,1,0,0,0,0,0,0,0,0,0,0,https://www.imdb.com/title/tt0113114/?ref_=fn_ttl_ttl_1
36,Mad Love (1995),01-Jan-1995,https://m.media-amazon.com/images/M/MV5BZjVlZGY3ZTItYjZkMS00N2U4LTk1ZWMtNTFjYTdiYmFmZWRmXkEyXkFqcGc@..jpg,0,0,0,0,0,0,0,0,1,0,0,0,0,0,1,0,0,0,0,https://www.imdb.com/title/tt0113729/?ref_=fn_ttl_ttl_1
37,Nadja (1994),01-Jan-1994,https://m.media-amazon.com/images/M/MV5BOWI2OWNjYzMtZTgxMC00ZWZhLTlhODAtMzE0ODY5Njc0MTAwXkEyXkFqcGc@..jpg,0,0,0,0,0,0,0,0,1,0,0,0,0,0,0,0,0,0,0,https://www.imdb.com/title/tt0110620/?ref_=fn_ttl_ttl_1
38,"Net, The (1995)",01-Jan-1995,https://m.media-amazon.com/images/M/MV5BMDNhMjgxODUtMWRjOS00N2JlLWEyYWEtOWJhNWQ1MTdmYTllXkEyXkFqcGc@..jpg,0,0,0,0,0,0,0,0,0,0,0,0,0,0,0,1,1,0,0,https://www.imdb.com/title/tt0113957/?ref_=fn_ttl_ttl_1
39,Strange Days (1995),01-Jan-1995,https://m.media-amazon.com/images/M/MV5BNzk1NGY4ZGUtYzllYy00ODM0LTljNmItYTY5NGI4YWQxNTQxXkEyXkFqcGc@..jpg,0,1,0,0,0,0,1,0,0,0,0,0,0,0,0,1,0,0,0,https://www.imdb.com/title/tt0114558/?ref_=fn_ttl_ttl_1
40,"To Wong Foo, Thanks for Everything! Julie Newmar (1995)",01-Jan-1995,https://m.media-amazon.com/images/M/MV5BZWZjMmVhNzAtYTBmMi00YTUyLTkzMmItZGVhY2RiMmNhN2ZkXkEyXkFqcGc@..jpg,0,0,0,0,0,1,0,0,0,0,0,0,0,0,0,0,0,0,0,https://www.imdb.com/title/tt0114682/?ref_=fn_ttl_ttl_1
41,Billy Madison (1995),01-Jan-1995,https://m.media-amazon.com/images/M/MV5BY2Y2ODczY2YtZTQ4NS00NWQxLTlhZWMtZWY4M2IyMmJhZGI1XkEyXkFqcGc@..jpg,0,0,0,0,0,1,0,0,0,0,0,0,0,0,0,0,0,0,0,https://www.imdb.com/title/tt0112508/?ref_=fn_ttl_ttl_1
42,Clerks (1994),01-Jan-1994,https://m.media-amazon.com/images/M/MV5BYzcwZTU5NzMtMGIxYi00NjRhLThkYTItNjhlYWQ0MjdhYWFmXkEyXkFqcGc@..jpg,0,0,0,0,0,1,0,0,0,0,0,0,0,0,0,0,0,0,0,https://www.imdb.com/title/tt0109445/?ref_=fn_ttl_ttl_1
43,Disclosure (1994),01-Jan-1994,https://m.media-amazon.com/images/M/MV5BYmRlNTA4NGQtOTFlYy00NDk5LWEzOWYtNjMyMjI3NDdlNjRmXkEyXkFqcGc@..jpg,0,0,0,0,0,0,0,0,1,0,0,0,0,0,0,0,1,0,0,https://www.imdb.com/title/tt0109635/?ref_=fn_ttl_ttl_1
44,Dolores Claiborne (1994),01-Jan-1994,https://m.media-amazon.com/images/M/MV5BYzYxMGVlMTktNWMyNS00YmQwLThmMzAtYmI0NGJkMGI4YzlkXkEyXkFqcGc@..jpg,0,0,0,0,0,0,0,0,1,0,0,0,0,0,0,0,1,0,0,https://www.imdb.com/title/tt0109642/?ref_=fn_ttl_ttl_1
45,Eat Drink Man Woman (1994),01-Jan-1994,https://m.media-amazon.com/images/M/MV5BYmZjMDNiOTgtYjBjMi00OWU0LThkYTAtNjgyOTliNTgzN2M3XkEyXkFqcGc@..jpg,0,0,0,0,0,1,0,0,1,0,0,0,0,0,0,0,0,0,0,https://www.imdb.com/title/tt0111797/?ref_=fn_ttl_ttl_1
46,Exotica (1994),01-Jan-1994,https://m.media-amazon.com/images/M/MV5BNmIwZWQxMWUtMDllZi00ZmY5LTkwY2ItNjRkNThhNWZiZjgzXkEyXkFqcGc@..jpg,0,0,0,0,0,0,0,0,1,0,0,0,0,0,0,0,0,0,0,https://www.imdb.com/title/tt0109759/?ref_=fn_ttl_ttl_1
47,Ed Wood (1994),01-Jan-1994,https://m.media-amazon.com/images/M/MV5BOWU4NzlkZGEtODNmYi00YTVhLWJhYjAtZjBkN2Q1Y2U5NjE4XkEyXkFqcGc@..jpg,0,0,0,0,0,1,0,0,1,0,0,0,0,0,0,0,0,0,0,https://www.imdb.com/title/tt0109707/?ref_=fn_ttl_ttl_1
48,Hoop Dreams (1994),01-Jan-1994,https://m.media-amazon.com/images/M/MV5BOGQ0NDdmZjUtYWY5OC00MDQzLThjNTgtZjc5ZTVmNGNhMmI2XkEyXkFqcGc@..jpg,0,0,0,0,0,0,0,1,0,0,0,0,0,0,0,0,0,0,0,https://www.imdb.com/title/tt0110057/?ref_=fn_ttl_ttl_1
49,I.Q. (1994),01-Jan-1994,https://m.media-amazon.com/images/M/MV5BMDkyZmFiNmQtNWY1YS00N2MxLWJkMDItNWI5ODIxNWY1M2FiXkEyXkFqcGc@..jpg,0,0,0,0,0,1,0,0,0,0,0,0,0,0,1,0,0,0,0,https://www.imdb.com/title/tt0110099/?ref_=fn_ttl_ttl_1
50,Star Wars (1977),01-Jan-1977,https://m.media-amazon.com/images/M/MV5BOGUwMDk0Y2MtNjBlNi00NmRiLTk2MWYtMGMyMDlhYmI4ZDBjXkEyXkFqcGc@..jpg,0,1,1,0,0,0,0,0,0,0,0,0,0,0,1,1,0,1,0,https://www.imdb.com/title/tt0076759/?ref_=fn_ttl_ttl_1
51,Legends of the Fall (1994),01-Jan-1994,https://m.media-amazon.com/images/M/MV5BMzFlMjE3NjYtYjIwMC00YTVhLWJlOWMtZjM1NDdmMTk1OGRlXkEyXkFqcGc@..jpg,0,0,0,0,0,0,0,0,1,0,0,0,0,0,1,0,0,1,1,https://www.imdb.com/title/tt0110322/?ref_=fn_ttl_ttl_1
52,"Madness of King George, The (1994)",01-Jan-1994,https://m.media-amazon.com/images/M/MV5BOWYyMDcyZDUtMzQ0ZC00ZDllLWI1MTMtZjM0M2I5N2JhNDgzXkEyXkFqcGc@..jpg,0,0,0,0,0,0,0,0,1,0,0,0,0,0,0,0,0,0,0,https://www.imdb.com/title/tt0110428/?ref_=fn_ttl_ttl_1
53,Natural Born Killers (1994),01-Jan-1994,https://m.media-amazon.com/images/M/MV5BNTlmYjkxNzYtYWMwMC00NTNhLWExZjEtNmUwMzlmYWJhOGFjXkEyXkFqcGc@..jpg,0,1,0,0,0,0,0,0,0,0,0,0,0,0,0,0,1,0,0,https://www.imdb.com/title/tt0110632/?ref_=fn_ttl_ttl_1
54,Outbreak (1995),01-Jan-1995,https://m.media-amazon.com/images/M/MV5BNGYxY2Q0YzUtMmE3OS00ZmQ5LWFiOGUtZDZmNTJlM2YyZjJmXkEyXkFqcGc@..jpg,0,1,0,0,0,0,0,0,1,0,0,0,0,0,0,0,1,0,0,https://www.imdb.com/title/tt0114069/?ref_=fn_ttl_ttl_1
55,"Professional, The (1994)",01-Jan-1994,https://m.media-amazon.com/images/M/MV5BNGRkYTNhOWQtYmI0Ni00MjZhLWJmMzAtMTA2Mjg4NGNiNDU0XkEyXkFqcGc@..jpg,0,0,0,0,0,0,1,0,1,0,0,0,0,0,1,0,1,0,0,https://www.imdb.com/title/tt0110413/?ref_=fn_ttl_ttl_1
56,Pulp Fiction (1994),01-Jan-1994,https://m.media-amazon.com/images/M/MV5BYTViYTE3ZGQtNDBlMC00ZTAyLTkyODMtZGRiZDg0MjA2YThkXkEyXkFqcGc@..jpg,0,0,0,0,0,0,1,0,1,0,0,0,0,0,0,0,0,0,0,https://www.imdb.com/title/tt0110912/?ref_=fn_ttl_ttl_1
57,Priest (1994),01-Jan-1994,https://m.media-amazon.com/images/M/MV5BM2FlZTliMTctNjg5ZC00ZGY0LThkMjItNGMyY2MzNTkyOGYxXkEyXkFqcGc@..jpg,0,0,0,0,0,0,0,0,1,0,0,0,0,0,0,0,0,0,0,https://www.imdb.com/title/tt0110889/?ref_=fn_ttl_ttl_1
58,Quiz Show (1994),01-Jan-1994,https://m.media-amazon.com/images/M/MV5BYzYyMjAzN2YtYTJiNC00MDhhLWE0MmUtZTE0ZmUxODU3MzkyXkEyXkFqcGc@..jpg,0,0,0,0,0,0,0,0,1,0,0,0,0,0,0,0,0,0,0,https://www.imdb.com/title/tt0110932/?ref_=fn_ttl_ttl_1
59,Three Colors: Red (1994),01-Jan-1994,https://m.media-amazon.com/images/M/MV5BMTQ0YTQyYzItNGEzMi00NmI4LWJkOTMtOWMyMjAwMWEzYTZhXkEyXkFqcGc@..jpg,0,0,0,0,0,0,0,0,1,0,0,0,0,0,0,0,0,0,0,https://www.imdb.com/title/tt0111495/?ref_=fn_ttl_ttl_1
60,Three Colors: Blue (1993),01-Jan-1993,https://m.media-amazon.com/images/M/MV5BNWMxNWE2NGYtMzYwOS00NmJhLTgwNjAtNGM3ODIwNjU5MTZiXkEyXkFqcGc@..jpg,0,0,0,0,0,0,0,0,1,0,0,0,0,0,0,0,0,0,0,https://www.imdb.com/title/tt0108394/?ref_=fn_ttl_ttl_1
61,Three Colors: White (1994),01-Jan-1994,https://m.media-amazon.com/images/M/MV5BMWUyMWJiYTEtNmIzYi00OTYxLTlkYjEtMGFjMjY3NDc5Mjk0XkEyXkFqcGc@..jpg,0,0,0,0,0,0,0,0,1,0,0,0,0,0,0,0,0,0,0,https://www.imdb.com/title/tt0111507/?ref_=fn_ttl_ttl_1
62,Stargate (1994),01-Jan-1994,https://m.media-amazon.com/images/M/MV5BNGRmZmNhMTctZTBiMy00ZmJhLWE3MmMtMDNmZWRkZjczMGVkXkEyXkFqcGc@..jpg,0,1,1,0,0,0,0,0,0,0,0,0,0,0,0,1,0,0,0,https://www.imdb.com/title/tt0111282/?ref_=fn_ttl_ttl_1
63,"Santa Clause, The (1994)",01-Jan-1994,https://m.media-amazon.com/images/M/MV5BNTYwZWUxNmUtNzdmMS00MDBiLWFhN2EtNjBmYjM1ZWFiNDUzXkEyXkFqcGc@..jpg,0,0,0,0,1,1,0,0,0,0,0,0,0,0,0,0,0,0,0,https://www.imdb.com/title/tt0111070/?ref_=fn_ttl_ttl_1
64,"Shawshank Redemption, The (1994)",01-Jan-1994,https://m.media-amazon.com/images/M/MV5BMDAyY2FhYjctNDc5OS00MDNlLThiMGUtY2UxYWVkNGY2ZjljXkEyXkFqcGc@..jpg,0,0,0,0,0,0,0,0,1,0,0,0,0,0,0,0,0,0,0,https://www.imdb.com/title/tt0111161/?ref_=fn_ttl_ttl_1
65,What's Eating Gilbert Grape (1993),01-Jan-1993,https://m.media-amazon.com/images/M/MV5BNWM5NWI1OTQtMTJiOS00ZDMxLWE1ODQtZjQ4MDc4OGE4ZjQyXkEyXkFqcGc@..jpg,0,0,0,0,0,1,0,0,1,0,0,0,0,0,0,0,0,0,0,https://www.imdb.com/title/tt0108550/?ref_=fn_ttl_ttl_1
66,While You Were Sleeping (1995),01-Jan-1995,https://m.media-amazon.com/images/M/MV5BZTJmOWIzY2YtYmE2ZC00NDRiLWIzYmMtNTkyNmNlMTA0N2NkXkEyXkFqcGc@..jpg,0,0,0,0,0,1,0,0,0,0,0,0,0,0,1,0,0,0,0,https://www.imdb.com/title/tt0114924/?ref_=fn_ttl_ttl_1
67,Ace Ventura: Pet Detective (1994),01-Jan-1994,https://m.media-amazon.com/images/M/MV5BOWU1M2Q5MDgtOTkxZS00NjdmLWFlNWEtOGEyOTNlNGYyYTZlXkEyXkFqcGc@..jpg,0,0,0,0,0,1,0,0,0,0,0,0,0,0,0,0,0,0,0,https://www.imdb.com/title/tt0109040/?ref_=fn_ttl_ttl_1
68,"Crow, The (1994)",01-Jan-1994,https://m.media-amazon.com/images/M/MV5BOTBiNzhkZTItZWUwZS00YTJkLTg0YTEtN2I0ZDI5ODI2MWFjXkEyXkFqcGc@..jpg,0,1,0,0,0,0,0,0,0,0,0,0,0,0,1,0,1,0,0,https://www.imdb.com/title/tt0109506/?ref_=fn_ttl_ttl_1
69,Forrest Gump (1994),01-Jan-1994,https://m.media-amazon.com/images/M/MV5BNDYwNzVjMTItZmU5YS00YjQ5LTljYjgtMjY2NDVmYWMyNWFmXkEyXkFqcGc@..jpg,0,0,0,0,0,1,0,0,0,0,0,0,0,0,1,0,0,1,0,https://www.imdb.com/title/tt0109830/?ref_=fn_ttl_ttl_1
70,Four Weddings and a Funeral (1994),01-Jan-1994,https://m.media-amazon.com/images/M/MV5BMTMyNzg2NzgxNV5BMl5BanBnXkFtZTcwMTcxNzczNA@@..jpg,0,0,0,0,0,1,0,0,0,0,0,0,0,0,1,0,0,0,0,https://www.imdb.com/title/tt0109831/?ref_=fn_ttl_ttl_1
71,"Lion King, The (1994)",01-Jan-1994,https://m.media-amazon.com/images/M/MV5BZGRiZDZhZjItM2M3ZC00Y2IyLTk3Y2MtMWY5YjliNDFkZTJlXkEyXkFqcGc@..jpg,0,0,0,1,1,0,0,0,0,0,0,0,1,0,0,0,0,0,0,https://www.imdb.com/title/tt0110357/?ref_=fn_ttl_ttl_1
72,"Mask, The (1994)",01-Jan-1994,https://m.media-amazon.com/images/M/MV5BNGNmNjI0ZmMtMzI5MC00ZjUyLWFlZDEtYjUyMGZlN2E3N2E2XkEyXkFqcGc@..jpg,0,0,0,0,0,1,1,0,0,1,0,0,0,0,0,0,0,0,0,https://www.imdb.com/title/tt0110475/?ref_=fn_ttl_ttl_1
73,Maverick (1994),01-Jan-1994,https://m.media-amazon.com/images/M/MV5BMjk5MzdhYWMtOWU3Yi00MTE5LWEyYTEtOGU5NWM0NWNmZDE1XkEyXkFqcGc@..jpg,0,1,0,0,0,1,0,0,0,0,0,0,0,0,0,0,0,0,1,https://www.imdb.com/title/tt0110478/?ref_=fn_ttl_ttl_1
74,Faster Pussycat! Kill! Kill! (1965),01-Jan-1965,https://m.media-amazon.com/images/M/MV5BMGUzNGU0NjAtNTcyMi00ZWNlLWJkZGYtNDdkN2I3ZTIyMGUzXkEyXkFqcGc@..jpg,0,1,0,0,0,1,0,0,1,0,0,0,0,0,0,0,0,0,0,https://www.imdb.com/title/tt0059170/?ref_=fn_ttl_ttl_1
75,Brother Minister: The Assassination of Malcolm X (1994),01-Jan-1994,https://m.media-amazon.com/images/M/MV5BNDA2MTYyNDE4NV5BMl5BanBnXkFtZTcwOTY5ODA3NA@@..jpg,0,0,0,0,0,0,0,1,0,0,0,0,0,0,0,0,0,0,0,https://www.imdb.com/title/tt0109339/?ref_=fn_ttl_ttl_1
76,Carlito's Way (1993),01-Jan-1993,https://m.media-amazon.com/images/M/MV5BZjMxOTgzNzMtZmZlNC00YTMyLThhZDEtZjc2MTY4ZDgxNjcwXkEyXkFqcGc@..jpg,0,0,0,0,0,0,1,0,1,0,0,0,0,0,0,0,0,0,0,https://www.imdb.com/title/tt0106519/?ref_=fn_ttl_ttl_1
77,"Firm, The (1993)",01-Jan-1993,https://m.media-amazon.com/images/M/MV5BMjE3ZDZkMWMtY2RkMC00YzJjLWFhYTUtYmRjMzAyMzEwZDE5XkEyXkFqcGc@..jpg,0,0,0,0,0,0,0,0,1,0,0,0,0,0,0,0,1,0,0,https://www.imdb.com/title/tt0106918/?ref_=fn_ttl_ttl_1
78,Free Willy (1993),01-Jan-1993,https://m.media-amazon.com/images/M/MV5BNjY4NDJhOTMtZmVjMC00Njk5LThjOWItMjg4NDcxMmNkODM3XkEyXkFqcGc@..jpg,0,0,1,0,1,0,0,0,1,0,0,0,0,0,0,0,0,0,0,https://www.imdb.com/title/tt0106965/?ref_=fn_ttl_ttl_1
79,"Fugitive, The (1993)",01-Jan-1993,https://m.media-amazon.com/images/M/MV5BM2RjMjEwODUtYTE4OC00MzhkLThjMjItZjYyZjk3YzA4YWUxXkEyXkFqcGc@..jpg,0,1,0,0,0,0,0,0,0,0,0,0,0,0,0,0,1,0,0,https://www.imdb.com/title/tt0106977/?ref_=fn_ttl_ttl_1
80,Hot Shots! Part Deux (1993),01-Jan-1993,https://m.media-amazon.com/images/M/MV5BNGU5ZTUzMmQtZDI3Yy00Y2ZlLTg1MmMtYWZiNDYyYmI4YmE2XkEyXkFqcGc@..jpg,0,1,0,0,0,1,0,0,0,0,0,0,0,0,0,0,0,1,0,https://www.imdb.com/title/tt0107144/?ref_=fn_ttl_ttl_1
81,"Hudsucker Proxy, The (1994)",01-Jan-1994,https://m.media-amazon.com/images/M/MV5BMTc0YmNlMmQtNWQ4Yy00ZWZlLTgxYzItOWI2MGQyZGNmMWUzXkEyXkFqcGc@..jpg,0,0,0,0,0,1,0,0,0,0,0,0,0,0,1,0,0,0,0,https://www.imdb.com/title/tt0110074/?ref_=fn_ttl_ttl_1
82,Jurassic Park (1993),01-Jan-1993,https://m.media-amazon.com/images/M/MV5BMjM2MDgxMDg0Nl5BMl5BanBnXkFtZTgwNTM2OTM5NDE@..jpg,0,1,1,0,0,0,0,0,0,0,0,0,0,0,0,1,0,0,0,https://www.imdb.com/title/tt0107290/?ref_=fn_ttl_ttl_1
83,Much Ado About Nothing (1993),01-Jan-1993,https://m.media-amazon.com/images/M/MV5BOTI3MmI1NmYtZGI4Zi00ZWNiLWJjYWItYTVlOThiZGYzNWE5XkEyXkFqcGc@..jpg,0,0,0,0,0,1,0,0,0,0,0,0,0,0,1,0,0,0,0,https://www.imdb.com/title/tt0107616/?ref_=fn_ttl_ttl_1
84,Robert A. Heinlein's The Puppet Masters (1994),01-Jan-1994,https://m.media-amazon.com/images/M/MV5BNWUwZjM0YWItMzYwOS00MmYxLTljNGQtMjA4Mzk5MDY0YzM0XkEyXkFqcGc@..jpg,0,0,0,0,0,0,0,0,0,0,0,1,0,0,0,1,0,0,0,https://www.imdb.com/title/tt0111003/?ref_=fn_ttl_ttl_1
85,"Ref, The (1994)",01-Jan-1994,https://m.media-amazon.com/images/M/MV5BODA5MDk1NjUtNTk5ZS00OGVhLThhMDItZTY1ZWY5ZDBiOTZmXkEyXkFqcGc@..jpg,0,0,0,0,0,1,0,0,0,0,0,0,0,0,0,0,0,0,0,https://www.imdb.com/title/tt0110955/?ref_=fn_ttl_ttl_1
86,"Remains of the Day, The (1993)",01-Jan-1993,https://m.media-amazon.com/images/M/MV5BOWY5MTFkMmEtNDE2Zi00NzU4LWE2OWMtZGE4ZWY1NmIzN2I0XkEyXkFqcGc@..jpg,0,0,0,0,0,0,0,0,1,0,0,0,0,0,0,0,0,0,0,https://www.imdb.com/title/tt0107943/?ref_=fn_ttl_ttl_1
87,Searching for Bobby Fischer (1993),01-Jan-1993,https://m.media-amazon.com/images/M/MV5BYjhmMDU3MTctN2M3Ny00YTBhLWExZmUtYmRlZTAxNDhmZTQ1XkEyXkFqcGc@..jpg,0,0,0,0,0,0,0,0,1,0,0,0,0,0,0,0,0,0,0,https://www.imdb.com/title/tt0108065/?ref_=fn_ttl_ttl_1
88,Sleepless in Seattle (1993),01-Jan-1993,https://m.media-amazon.com/images/M/MV5BMzYwNzNlYWEtY2NiMC00Y2ZkLWFmYzUtYWU4ZTQ5YTAyNTZmXkEyXkFqcGc@..jpg,0,0,0,0,0,1,0,0,0,0,0,0,0,0,1,0,0,0,0,https://www.imdb.com/title/tt0108160/?ref_=fn_ttl_ttl_1
89,Blade Runner (1982),01-Jan-1982,https://m.media-amazon.com/images/M/MV5BOWQ4YTBmNTQtMDYxMC00NGFjLTkwOGQtNzdhNmY1Nzc1MzUxXkEyXkFqcGc@..jpg,0,0,0,0,0,0,0,0,0,0,1,0,0,0,0,1,0,0,0,https://www.imdb.com/title/tt0083658/?ref_=fn_ttl_ttl_1
90,So I Married an Axe Murderer (1993),01-Jan-1993,https://m.media-amazon.com/images/M/MV5BMDNiMzA1MzEtMDQwOC00NTkzLTgyMWEtNzk0YjNkZmY5MDIwXkEyXkFqcGc@..jpg,0,0,0,0,0,1,0,0,0,0,0,0,0,0,1,0,1,0,0,https://www.imdb.com/title/tt0108174/?ref_=fn_ttl_ttl_1
91,"Nightmare Before Christmas, The (1993)",01-Jan-1993,https://m.media-amazon.com/images/M/MV5BNmYxOTAzZWYtOGI3Yi00ODc3LTk5ZjYtZTY0MzVkZTg3YmRiXkEyXkFqcGc@..jpg,0,0,0,0,1,1,0,0,0,0,0,0,1,0,0,0,0,0,0,https://www.imdb.com/title/tt0107688/?ref_=fn_ttl_ttl_1
92,True Romance (1993),01-Jan-1993,https://m.media-amazon.com/images/M/MV5BYzQ5OGMwMDAtMzcyOS00YTA4LWEwM2MtOTA1MDZjZGEyYmI1XkEyXkFqcGc@..jpg,0,1,0,0,0,0,1,0,0,0,0,0,0,0,1,0,0,0,0,https://www.imdb.com/title/tt0108399/?ref_=fn_ttl_ttl_1
93,Welcome to the Dollhouse (1995),24-May-1996,https://m.media-amazon.com/images/M/MV5BZGI1ZGIzYjctMDAxZC00ZGVlLWI0NGYtMjM0MWM3MTkzYzE2XkEyXkFqcGc@..jpg,0,0,0,0,0,1,0,0,1,0,0,0,0,0,0,0,0,0,0,https://www.imdb.com/title/tt0114906/?ref_=fn_ttl_ttl_1
94,Home Alone (1990),01-Jan-1990,https://m.media-amazon.com/images/M/MV5BNzNmNmQ2ZDEtMTc1MS00NjNiLThlMGUtZmQxNTg1Nzg5NWMzXkEyXkFqcGc@..jpg,0,0,0,0,1,1,0,0,0,0,0,0,0,0,0,0,0,0,0,https://www.imdb.com/title/tt0099785/?ref_=fn_ttl_ttl_1
95,Aladdin (1992),01-Jan-1992,https://m.media-amazon.com/images/M/MV5BMmQwYWZjZGItYzc0OC00ZDllLTg3NjItOWIyOWYwMDljMjAyXkEyXkFqcGc@..jpg,0,0,0,1,1,1,0,0,0,0,0,0,1,0,0,0,0,0,0,https://www.imdb.com/title/tt0103639/?ref_=fn_ttl_ttl_1
96,Terminator 2: Judgment Day (1991),01-Jan-1991,https://m.media-amazon.com/images/M/MV5BNGMyMGNkMDUtMjc2Ni00NWFlLTgyODEtZTY2MzBiZTg0OWZiXkEyXkFqcGc@..jpg,0,1,0,0,0,0,0,0,0,0,0,0,0,0,0,1,1,0,0,https://www.imdb.com/title/tt0103064/?ref_=fn_ttl_ttl_1
97,Dances with Wolves (1990),01-Jan-1990,https://m.media-amazon.com/images/M/MV5BMTY3OTI5NDczN15BMl5BanBnXkFtZTcwNDA0NDY3Mw@@..jpg,0,0,1,0,0,0,0,0,1,0,0,0,0,0,0,0,0,0,1,https://www.imdb.com/title/tt0099348/?ref_=fn_ttl_ttl_1
98,"Silence of the Lambs, The (1991)",01-Jan-1991,https://m.media-amazon.com/images/M/MV5BNDdhOGJhYzctYzYwZC00YmI2LWI0MjctYjg4ODdlMDExYjBlXkEyXkFqcGc@..jpg,0,0,0,0,0,0,0,0,1,0,0,0,0,0,0,0,1,0,0,https://www.imdb.com/title/tt0102926/?ref_=fn_ttl_ttl_1
99,Snow White and the Seven Dwarfs (1937),01-Jan-1937,https://m.media-amazon.com/images/M/MV5BMTQwMzE2Mzc4M15BMl5BanBnXkFtZTcwMTE4NTc1Nw@@..jpg,0,0,0,1,1,0,0,0,0,0,0,0,1,0,0,0,0,0,0,https://www.imdb.com/title/tt0029583/?ref_=fn_ttl_ttl_1
100,Fargo (1996),14-Feb-1997,https://m.media-amazon.com/images/M/MV5BNjg4MWE0MjEtODFhNy00MjA5LTg5ODktMzgwNWFmZTAwNjBlXkEyXkFqcGc@..jpg,0,0,0,0,0,0,1,0,1,0,0,0,0,0,0,0,1,0,0,https://www.imdb.com/title/tt0116282/?ref_=fn_ttl_ttl_1
101,Heavy Metal (1981),08-Mar-1981,https://m.media-amazon.com/images/M/MV5BMjRkYWE1ZDUtYjg4Ny00YjAwLWJlZDQtZGU4MWE3ZmNmNjdmXkEyXkFqcGc@..jpg,0,1,1,1,0,0,0,0,0,0,0,1,0,0,0,1,0,0,0,https://www.imdb.com/title/tt0082509/?ref_=fn_ttl_ttl_1
102,"Aristocats, The (1970)",01-Jan-1970,https://m.media-amazon.com/images/M/MV5BMTU1MzM0MjcxMF5BMl5BanBnXkFtZTgwODQ0MzcxMTE@..jpg,0,0,0,1,1,0,0,0,0,0,0,0,0,0,0,0,0,0,0,https://www.imdb.com/title/tt0065421/?ref_=fn_ttl_ttl_1
103,All Dogs Go to Heaven 2 (1996),29-Mar-1996,https://m.media-amazon.com/images/M/MV5BODZmOTI3ZjEtYWUyMy00MjRiLWEwY2UtOWI0OWZkZTcxMDM0XkEyXkFqcGc@..jpg,0,0,0,1,1,0,0,0,0,0,0,0,1,0,0,0,0,0,0,https://www.imdb.com/title/tt0115509/?ref_=fn_ttl_ttl_1
104,Theodore Rex (1995),29-Mar-1996,https://m.media-amazon.com/images/M/MV5BMzQ4NGIwMjItYzhkNC00ZTI0LWI0YWMtYzgxZDE2ZWViYzRiXkEyXkFqcGc@..jpg,0,0,0,0,0,1,0,0,0,0,0,0,0,0,0,0,0,0,0,https://www.imdb.com/title/tt0114658/?ref_=fn_ttl_ttl_1
105,Sgt. Bilko (1996),29-Mar-1996,https://m.media-amazon.com/images/M/MV5BM2NhYzI5ZjYtNTEzNS00MGQ1LTkxMTQtYTc2ZTk2NzQwMWZmXkEyXkFqcGc@..jpg,0,0,0,0,0,1,0,0,0,0,0,0,0,0,0,0,0,0,0,https://www.imdb.com/title/tt0117608/?ref_=fn_ttl_ttl_1
106,Diabolique (1996),01-Jan-1996,https://m.media-amazon.com/images/M/MV5BMzRlNjVlNTAtNjQ0Mi00NDhmLTlhMWUtNmIwY2FhNTdkOTc0XkEyXkFqcGc@..jpg,0,0,0,0,0,0,0,0,1,0,0,0,0,0,0,0,1,0,0,https://www.imdb.com/title/tt0116095/?ref_=fn_ttl_ttl_1
107,Moll Flanders (1996),14-Jun-1996,https://m.media-amazon.com/images/M/MV5BMWM4NjRhN2ItZDAzZi00NDY4LTk5OWMtYjRlZTU1ZGIwYjg2XkEyXkFqcGc@..jpg,0,0,0,0,0,0,0,0,1,0,0,0,0,0,0,0,0,0,0,https://www.imdb.com/title/tt0117071/?ref_=fn_ttl_ttl_1
108,Kids in the Hall: Brain Candy (1996),12-Apr-1996,https://m.media-amazon.com/images/M/MV5BOWUwODQ3ZTAtMDE5OS00YTFiLTlhMWYtZjYyMTdlYTUyYzQ4XkEyXkFqcGc@..jpg,0,0,0,0,0,1,0,0,0,0,0,0,0,0,0,0,0,0,0,https://www.imdb.com/title/tt0116768/?ref_=fn_ttl_ttl_1
109,Mystery Science Theater 3000: The Movie (1996),19-Apr-1996,https://m.media-amazon.com/images/M/MV5BYmIzYmZlNWMtYTVjNC00YWU5LWI1N2UtZjY2MDVjYTE0YjU0XkEyXkFqcGc@..jpg,0,0,0,0,0,1,0,0,0,0,0,0,0,0,0,1,0,0,0,https://www.imdb.com/title/tt0117128/?ref_=fn_ttl_ttl_1
110,Operation Dumbo Drop (1995),01-Jan-1995,https://m.media-amazon.com/images/M/MV5BOTJjM2U4MGMtNThmNi00ODAzLWE1ZGEtMzkyOWFjMzE0YzNjXkEyXkFqcGc@..jpg,0,1,1,0,0,1,0,0,0,0,0,0,0,0,0,0,0,1,0,https://www.imdb.com/title/tt0114048/?ref_=fn_ttl_ttl_1
111,"Truth About Cats & Dogs, The (1996)",26-Apr-1996,https://m.media-amazon.com/images/M/MV5BMmZmYzFiOWQtZDkxYS00Y2NhLWI3ODktZjU2Yzk4ZDNiMzU5XkEyXkFqcGc@..jpg,0,0,0,0,0,1,0,0,0,0,0,0,0,0,1,0,0,0,0,https://www.imdb.com/title/tt0117979/?ref_=fn_ttl_ttl_1
112,Flipper (1996),10-May-1996,https://m.media-amazon.com/images/M/MV5BNWRmNzA4MmYtMThjZS00NzQ5LWI4MzItOWNlZjUxNDVmMzExXkEyXkFqcGc@..jpg,0,0,1,0,1,0,0,0,0,0,0,0,0,0,0,0,0,0,0,https://www.imdb.com/title/tt0116322/?ref_=fn_ttl_ttl_1
113,"Horseman on the Roof, The (Hussard sur le toit, Le) (1995)",19-Apr-1996,https://m.media-amazon.com/images/M/MV5BYmIwODM3MzUtZDI1ZC00YjZhLWEwYmMtMmRmMjVjODE4MzQ3XkEyXkFqcGc@..jpg,0,0,0,0,0,0,0,0,1,0,0,0,0,0,0,0,0,0,0,https://www.imdb.com/title/tt0113362/?ref_=fn_ttl_ttl_1
114,Wallace & Gromit: The Best of Aardman Animation (1996),05-Apr-1996,https://m.media-amazon.com/images/M/MV5BYWUzNzgwODctZGFhMS00NWFjLWE1NTEtZjM2ZmYzMmY5MTRhXkEyXkFqcGc@..jpg,0,0,0,1,0,0,0,0,0,0,0,0,0,0,0,0,0,0,0,https://www.imdb.com/title/tt32404372/?ref_=fn_ttl_ttl_1
115,"Haunted World of Edward D. Wood Jr., The (1995)",26-Apr-1996,https://m.media-amazon.com/images/M/MV5BOTE1ODI3OTIxNl5BMl5BanBnXkFtZTgwOTQyMzgwMzE@..jpg,0,0,0,0,0,0,0,1,0,0,0,0,0,0,0,0,0,0,0,https://www.imdb.com/title/tt0113270/?ref_=fn_ttl_ttl_1
116,Cold Comfort Farm (1995),23-Apr-1996,https://m.media-amazon.com/images/M/MV5BY2U2MmQ5MjMtNjEyMC00NDE3LTkyNDEtZjI3MTA3ODliNzI4XkEyXkFqcGc@..jpg,0,0,0,0,0,1,0,0,0,0,0,0,0,0,0,0,0,0,0,https://www.imdb.com/title/tt0112701/
117,"Rock, The (1996)",07-Jun-1996,https://m.media-amazon.com/images/M/MV5BMDhkYjRiZWEtZTE0Ny00ZjA1LThmNjgtM2UyYTQzODA4MjdhXkEyXkFqcGc@..jpg,0,1,1,0,0,0,0,0,0,0,0,0,0,0,0,0,1,0,0,https://www.imdb.com/title/tt0117500/?ref_=fn_ttl_ttl_1
118,Twister (1996),10-May-1996,https://m.media-amazon.com/images/M/MV5BNGVhY2JjYzgtYjAyOC00ODg0LTliYWEtMzliZWYzMjA2NjYyXkEyXkFqcGc@..jpg,0,1,1,0,0,0,0,0,0,0,0,0,0,0,0,0,1,0,0,https://www.imdb.com/title/tt0117998/?ref_=fn_ttl_ttl_1
119,Maya Lin: A Strong Clear Vision (1994),01-Jan-1994,https://m.media-amazon.com/images/M/MV5BYjFlZWFjZWYtMzM4Yi00ZmZiLWJiMGEtNDA5OWE4NDZlOTQyXkEyXkFqcGc@..jpg,0,0,0,0,0,0,0,1,0,0,0,0,0,0,0,0,0,0,0,https://www.imdb.com/title/tt0110480/?ref_=fn_ttl_ttl_1
120,Striptease (1996),28-Jun-1996,https://m.media-amazon.com/images/M/MV5BZjA4N2FjZDktYzFkMi00YzMzLWIyNTctNzY5OTA3ZTQ0OTVlXkEyXkFqcGc@..jpg,0,0,0,0,0,1,1,0,0,0,0,0,0,0,0,0,0,0,0,https://www.imdb.com/title/tt0117765/?ref_=fn_ttl_ttl_1
121,Independence Day (ID4) (1996),03-Jul-1996,https://m.media-amazon.com/images/M/MV5BOGMwN2UwZjEtYjFjMi00ZDA1LWJlYTQtMjA1MTYxMzIyNTdiXkEyXkFqcGc@..jpg,0,1,0,0,0,0,0,0,0,0,0,0,0,0,0,1,0,1,0,https://www.imdb.com/title/tt0116629/?ref_=fn_ttl_ttl_1
122,"Cable Guy, The (1996)",14-Jun-1996,https://m.media-amazon.com/images/M/MV5BZjZiODE3ZTUtYTA0Yi00YjVmLTlhYTEtMzc3MDU1YmZjMWYxXkEyXkFqcGc@..jpg,0,0,0,0,0,1,0,0,0,0,0,0,0,0,0,0,0,0,0,https://www.imdb.com/title/tt0115798/?ref_=fn_ttl_ttl_1
123,"Frighteners, The (1996)",19-Jul-1996,https://m.media-amazon.com/images/M/MV5BODg1MzlmMmMtYzg2Zi00N2Y5LTk2YzMtMWM5N2UxZDY1YjI3XkEyXkFqcGc@..jpg,0,0,0,0,0,1,0,0,0,0,0,1,0,0,0,0,0,0,0,https://www.imdb.com/title/tt0116365/?ref_=fn_ttl_ttl_1
124,Lone Star (1996),21-Jun-1996,https://m.media-amazon.com/images/M/MV5BOTk1NWZmMjItNjJhMy00ZjAzLTg5Y2ItY2IwYmY3MGRhMjlkXkEyXkFqcGc@..jpg,0,0,0,0,0,0,0,0,1,0,0,0,0,1,0,0,0,0,0,https://www.imdb.com/title/tt0116905/?ref_=fn_ttl_ttl_1
125,Phenomenon (1996),29-Jun-1996,https://m.media-amazon.com/images/M/MV5BMjAwMDA2NzEyMl5BMl5BanBnXkFtZTgwNTA2MjgxMTE@..jpg,0,0,0,0,0,0,0,0,1,0,0,0,0,0,1,0,0,0,0,https://www.imdb.com/title/tt0117333/?ref_=fn_ttl_ttl_1
126,"Spitfire Grill, The (1996)",06-Sep-1996,https://m.media-amazon.com/images/M/MV5BMjQyNTVlZGMtOWIwMC00NWQ1LTk1MjgtZjNkZmRmNjRjYjZiXkEyXkFqcGc@..jpg,0,0,0,0,0,0,0,0,1,0,0,0,0,0,0,0,0,0,0,https://www.imdb.com/title/tt0117718/?ref_=fn_ttl_ttl_1
127,"Godfather, The (1972)",01-Jan-1972,https://m.media-amazon.com/images/M/MV5BNGEwYjgwOGQtYjg5ZS00Njc1LTk2ZGEtM2QwZWQ2NjdhZTE5XkEyXkFqcGc@..jpg,0,1,0,0,0,0,1,0,1,0,0,0,0,0,0,0,0,0,0,https://www.imdb.com/title/tt0068646/?ref_=fn_ttl_ttl_1
128,Supercop (1992),26-Jul-1996,https://m.media-amazon.com/images/M/MV5BMjVjYTFjMjItOGZiZS00ZjRlLThiMzUtOWVkMmE3YzE4ZGRkXkEyXkFqcGc@..jpg,0,1,0,0,0,0,0,0,0,0,0,0,0,0,0,0,1,0,0,https://www.imdb.com/title/tt0104558/?ref_=fn_ttl_ttl_1
129,Bound (1996),04-Oct-1996,https://m.media-amazon.com/images/M/MV5BNjY0OWFmODctNmEwNy00Njc2LWFkYTAtNmI4OWIzY2ZkYjJlXkEyXkFqcGc@..jpg,0,0,0,0,0,0,1,0,1,0,0,0,0,0,1,0,1,0,0,https://www.imdb.com/title/tt0115736/?ref_=fn_ttl_ttl_1
130,Kansas City (1996),16-Aug-1996,https://m.media-amazon.com/images/M/MV5BNTkyZWUxM2UtNGI4YS00YzBlLWFjNWEtNmY0MzE4ZmEzYjEzXkEyXkFqcGc@..jpg,0,0,0,0,0,0,1,0,0,0,0,0,0,0,0,0,0,0,0,https://www.imdb.com/title/tt0116745/?ref_=fn_ttl_ttl_1
131,Breakfast at Tiffany's (1961),01-Jan-1961,https://m.media-amazon.com/images/M/MV5BZmU1MzlmOTMtZTNmMC00ZTA3LTkzMWMtOTc1MWNlMjFiYjFlXkEyXkFqcGc@..jpg,0,0,0,0,0,0,0,0,1,0,0,0,0,0,1,0,0,0,0,https://www.imdb.com/title/tt0054698/?ref_=fn_ttl_ttl_1
132,"Wizard of Oz, The (1939)",01-Jan-1939,https://m.media-amazon.com/images/M/MV5BYWRmY2I0MGItYTQ0OC00NWZmLWIwMDktYjJlNDc0MzVhMmViXkEyXkFqcGc@..jpg,0,0,1,0,1,0,0,0,1,0,0,0,1,0,0,0,0,0,0,https://www.imdb.com/title/tt0032138/?ref_=fn_ttl_ttl_1
133,Gone with the Wind (1939),01-Jan-1939,https://m.media-amazon.com/images/M/MV5BYmYxZTE3YzMtYmE2Yy00NmFlLTkzYTAtYTAzN2IzNDFkN2E0XkEyXkFqcGc@..jpg,0,0,0,0,0,0,0,0,1,0,0,0,0,0,1,0,0,1,0,https://www.imdb.com/title/tt0031381/?ref_=fn_ttl_ttl_1
134,Citizen Kane (1941),01-Jan-1941,https://m.media-amazon.com/images/M/MV5BYjk1ZDJlMmUtOWQ0Zi00MDM5LTk1OGYtODczNjFmMGYwZGVkXkEyXkFqcGc@..jpg,0,0,0,0,0,0,0,0,1,0,0,0,0,0,0,0,0,0,0,https://www.imdb.com/title/tt0033467/?ref_=fn_ttl_ttl_1
135,2001: A Space Odyssey (1968),01-Jan-1968,https://m.media-amazon.com/images/M/MV5BNjU0NDFkMTQtZWY5OS00MmZhLTg3Y2QtZmJhMzMzMWYyYjc2XkEyXkFqcGc@..jpg,0,0,0,0,0,0,0,0,1,0,0,0,0,1,0,1,1,0,0,https://www.imdb.com/title/tt0062622/?ref_=fn_ttl_ttl_1
136,Mr. Smith Goes to Washington (1939),01-Jan-1939,https://m.media-amazon.com/images/M/MV5BMDU4ZjNmMjEtMjcxYi00NDAxLWFlMjQtNWIyNjg5NWUzNTdjXkEyXkFqcGc@..jpg,0,0,0,0,0,0,0,0,1,0,0,0,0,0,0,0,0,0,0,https://www.imdb.com/title/tt0031679/?ref_=fn_ttl_ttl_1
137,Big Night (1996),20-Sep-1996,https://m.media-amazon.com/images/M/MV5BMzhiODc5YzMtZDBkNC00MTk4LWIyMDItOTE4ODE2ZDYwZGU5XkEyXkFqcGc@..jpg,0,0,0,0,0,0,0,0,1,0,0,0,0,0,0,0,0,0,0,https://www.imdb.com/title/tt0115678/?ref_=fn_ttl_ttl_1
138,D3: The Mighty Ducks (1996),04-Oct-1996,https://m.media-amazon.com/images/M/MV5BN2E2MjAyMzktNjQxNC00NmRmLWI2MWYtNjQxN2JjMTAyZjMxXkEyXkFqcGc@..jpg,0,0,0,0,1,1,0,0,0,0,0,0,0,0,0,0,0,0,0,https://www.imdb.com/title/tt0116000/?ref_=fn_ttl_ttl_1
139,"Love Bug, The (1969)",01-Jan-1969,https://m.media-amazon.com/images/M/MV5BYTBiZDAwMDYtOGFhMy00Mzk3LThlZTktZTM1MzYxMWEzMDE4XkEyXkFqcGc@..jpg,0,0,0,0,1,1,0,0,0,0,0,0,0,0,0,0,0,0,0,https://www.imdb.com/title/tt0064603/?ref_=fn_ttl_ttl_1
140,Homeward Bound: The Incredible Journey (1993),01-Jan-1993,https://m.media-amazon.com/images/M/MV5BOWQzYzgyNGEtMjFhMC00MjhlLTk2OGYtMzY4M2MyYWE5ZGI1XkEyXkFqcGc@..jpg,0,0,1,0,1,0,0,0,0,0,0,0,0,0,0,0,0,0,0,https://www.imdb.com/title/tt0107131/?ref_=fn_ttl_ttl_1
141,"20,000 Leagues Under the Sea (1954)",01-Jan-1954,https://m.media-amazon.com/images/M/MV5BNGMxNDA0MDUtOWRkMi00NjhhLTk3ODUtNDcyYzFhMzIzMDY4XkEyXkFqcGc@..jpg,0,0,1,0,1,0,0,0,0,1,0,0,0,0,0,1,0,0,0,https://www.imdb.com/title/tt0046672/?ref_=fn_ttl_ttl_1
142,Bedknobs and Broomsticks (1971),01-Jan-1971,https://m.media-amazon.com/images/M/MV5BMTUxMTY3MTE5OF5BMl5BanBnXkFtZTgwNTQ0ODgxMzE@..jpg,0,0,1,0,1,0,0,0,0,0,0,0,1,0,0,0,0,0,0,https://www.imdb.com/title/tt0066817/?ref_=fn_ttl_ttl_1
143,"Sound of Music, The (1965)",01-Jan-1965,https://m.media-amazon.com/images/M/MV5BYWJhYmU4MjQtZDJhYi00ZGVjLTlkNTEtNzkzNGVjOWQ3MjcwXkEyXkFqcGc@..jpg,0,0,0,0,0,0,0,0,0,0,0,0,1,0,0,0,0,0,0,https://www.imdb.com/title/tt0059742/?ref_=fn_ttl_ttl_1
144,Die Hard (1988),01-Jan-1988,https://m.media-amazon.com/images/M/MV5BMGNlYmM1NmQtYWExMS00NmRjLTg5ZmEtMmYyYzJkMzljYWMxXkEyXkFqcGc@..jpg,0,1,0,0,0,0,0,0,0,0,0,0,0,0,0,0,1,0,0,https://www.imdb.com/title/tt0095016/?ref_=fn_ttl_ttl_1
145,"Lawnmower Man, The (1992)",01-Jan-1992,https://m.media-amazon.com/images/M/MV5BM2JlNzVmN2QtM2IwYS00ZjVmLWI4NDMtYTU4MmEzMzRmYzNkXkEyXkFqcGc@..jpg,0,1,0,0,0,0,0,0,0,0,0,0,0,0,0,1,1,0,0,https://www.imdb.com/title/tt0104692/?ref_=fn_ttl_ttl_1
146,Unhook the Stars (1996),30-Oct-1996,https://m.media-amazon.com/images/M/MV5BNzJmYmJmNTUtOWIzNy00ZWU1LTg3ODktZjc2Zjc5ZDI1M2Q2XkEyXkFqcGc@..jpg,0,0,0,0,0,0,0,0,1,0,0,0,0,0,0,0,0,0,0,https://www.imdb.com/title/tt0118044/?ref_=fn_ttl_ttl_1
147,"Long Kiss Goodnight, The (1996)",05-Oct-1996,https://m.media-amazon.com/images/M/MV5BZjJmNzZjODktNmNhMy00NDZiLWIwNGUtM2NjYWNhZWU4YTY1XkEyXkFqcGc@..jpg,0,1,0,0,0,0,0,0,0,0,0,0,0,0,0,0,1,0,0,https://www.imdb.com/title/tt0116908/?ref_=fn_ttl_ttl_1
148,"Ghost and the Darkness, The (1996)",11-Oct-1996,https://m.media-amazon.com/images/M/MV5BN2RmY2IyNGMtMTE1Yi00ZmQ2LTllM2YtYzZmYzIzZmQ1ZTIxXkEyXkFqcGc@..jpg,0,1,1,0,0,0,0,0,0,0,0,0,0,0,0,0,0,0,0,https://www.imdb.com/title/tt0116409/?ref_=fn_ttl_ttl_1
149,Jude (1996),01-Nov-1996,https://m.media-amazon.com/images/M/MV5BOTU4NTc3NDUtMjI5ZS00MGMwLWFhMDQtODcwMmUwOGEyZjYwXkEyXkFqcGc@..jpg,0,0,0,0,0,0,0,0,1,0,0,0,0,0,0,0,0,0,0,https://www.imdb.com/title/tt0116722/?ref_=fn_ttl_ttl_1
150,Swingers (1996),18-Oct-1996,https://m.media-amazon.com/images/M/MV5BMWMyNzc3NGEtMzdlMy00OGFjLWIwN2ItYmUxNmVhN2Y0ODYyXkEyXkFqcGc@..jpg,0,0,0,0,0,1,0,0,1,0,0,0,0,0,0,0,0,0,0,https://www.imdb.com/title/tt0117802/?ref_=fn_ttl_ttl_1
151,Willy Wonka and the Chocolate Factory (1971),01-Jan-1971,https://m.media-amazon.com/images/M/MV5BNzllNzlkNzYtZTEzZi00ODMwLWFlYTctZDE5Mzk0NTM1NmViXkEyXkFqcGc@..jpg,0,0,1,0,1,1,0,0,0,0,0,0,0,0,0,0,0,0,0,https://www.imdb.com/title/tt0067992/?ref_=fn_ttl_ttl_1
152,Sleeper (1973),01-Jan-1973,https://m.media-amazon.com/images/M/MV5BZGVhZWIwZTQtZGVjMS00MzZkLWEzNWMtMDVmNDU5NmRmNTY1XkEyXkFqcGc@..jpg,0,0,0,0,0,1,0,0,0,0,0,0,0,0,0,1,0,0,0,https://www.imdb.com/title/tt0070707/?ref_=fn_ttl_ttl_1
153,"Fish Called Wanda, A (1988)",01-Jan-1988,https://m.media-amazon.com/images/M/MV5BNjFhZDg1ZmEtYmI0Ny00MjM3LWIxNzItMzU1MzczZTljMTkxXkEyXkFqcGc@..jpg,0,0,0,0,0,1,0,0,0,0,0,0,0,0,0,0,0,0,0,https://www.imdb.com/title/tt0095159/?ref_=fn_ttl_ttl_1
154,Monty Python's Life of Brian (1979),01-Jan-1979,https://m.media-amazon.com/images/M/MV5BNDMzY2E4NjEtMTJiZC00Y2UzLWFiM2MtZWVhNTg5OGQxNjk1XkEyXkFqcGc@..jpg,0,0,0,0,0,1,0,0,0,0,0,0,0,0,0,0,0,0,0,https://www.imdb.com/title/tt0079470/?ref_=fn_ttl_ttl_1
155,Dirty Dancing (1987),01-Jan-1987,https://m.media-amazon.com/images/M/MV5BZmIwZjA1NzUtNTA0OS00OWMyLWE5MzctM2RjOWYxZjQyZDdmXkEyXkFqcGc@..jpg,0,0,0,0,0,0,0,0,0,0,0,0,1,0,1,0,0,0,0,https://www.imdb.com/title/tt0092890/?ref_=fn_ttl_ttl_1
156,Reservoir Dogs (1992),01-Jan-1992,https://m.media-amazon.com/images/M/MV5BMmMzYjg4NDctYWY0Mi00OGViLWIzMTMtYWNlZGY5ZDJmYjk3XkEyXkFqcGc@..jpg,0,0,0,0,0,0,1,0,0,0,0,0,0,0,0,0,1,0,0,https://www.imdb.com/title/tt0105236/?ref_=fn_ttl_ttl_1
157,Platoon (1986),01-Jan-1986,https://m.media-amazon.com/images/M/MV5BZjE4YjllODAtZGMxZS00Mjg2LThkOWUtZjNkMjQ5YThiNDU4XkEyXkFqcGc@..jpg,0,0,0,0,0,0,0,0,1,0,0,0,0,0,0,0,0,1,0,https://www.imdb.com/title/tt0091763/?ref_=fn_ttl_ttl_1
158,Weekend at Bernie's (1989),01-Jan-1989,https://m.media-amazon.com/images/M/MV5BMzM1NDkxOWQtNTVkOC00YjA5LTk3ZjQtZWM5OGE1ZjMxZTJlXkEyXkFqcGc@..jpg,0,0,0,0,0,1,0,0,0,0,0,0,0,0,0,0,0,0,0,https://www.imdb.com/title/tt0098627/?ref_=fn_ttl_ttl_1
159,Basic Instinct (1992),01-Jan-1992,https://m.media-amazon.com/images/M/MV5BZWYwYmQzYTctMjg5Ni00NWZkLWI5NzItZGFjMDM2NDkyNGZlXkEyXkFqcGc@..jpg,0,0,0,0,0,0,0,0,0,0,0,0,0,1,0,0,1,0,0,https://www.imdb.com/title/tt0103772/?ref_=fn_ttl_ttl_1
160,Glengarry Glen Ross (1992),01-Jan-1992,https://m.media-amazon.com/images/M/MV5BM2Q5NDA1ODctNmM4Yy00Yjk4LTg2ZTUtZTJjYzYyMjA2MTdmXkEyXkFqcGc@..jpg,0,0,0,0,0,0,0,0,1,0,0,0,0,0,0,0,0,0,0,https://www.imdb.com/title/tt0104348/?ref_=fn_ttl_ttl_1
161,Top Gun (1986),01-Jan-1986,https://m.media-amazon.com/images/M/MV5BZmVjNzQ3MjYtYTZiNC00Y2YzLWExZTEtMTM2ZDllNDI0MzgyXkEyXkFqcGc@..jpg,0,1,0,0,0,0,0,0,0,0,0,0,0,0,1,0,0,0,0,https://www.imdb.com/title/tt0092099/?ref_=fn_ttl_ttl_1
162,On Golden Pond (1981),01-Jan-1981,https://m.media-amazon.com/images/M/MV5BZmI3OGQ0YjQtZjNkYi00NmEzLWE5NjMtMTdkYjA4YTdiYzBiXkEyXkFqcGc@..jpg,0,0,0,0,0,0,0,0,1,0,0,0,0,0,0,0,0,0,0,https://www.imdb.com/title/tt0082846/?ref_=fn_ttl_ttl_1
163,"Return of the Pink Panther, The (1974)",01-Jan-1974,https://m.media-amazon.com/images/M/MV5BZTFkNDljYjgtZmQ3NS00MDkxLTk3OGItNzZlZTgxZTAzN2JlXkEyXkFqcGc@..jpg,0,0,0,0,0,1,0,0,0,0,0,0,0,0,0,0,0,0,0,https://www.imdb.com/title/tt0072081/?ref_=fn_ttl_ttl_1
164,"Abyss, The (1989)",01-Jan-1989,https://m.media-amazon.com/images/M/MV5BMGRkNzJlNjgtZmUwYS00Y2U3LTljZDctMTQxYWIxOWVjMzNjXkEyXkFqcGc@..jpg,0,1,1,0,0,0,0,0,0,0,0,0,0,0,0,1,1,0,0,https://www.imdb.com/title/tt0096754/?ref_=fn_ttl_ttl_1
165,Jean de Florette (1986),01-Jan-1986,https://m.media-amazon.com/images/M/MV5BZjliZjBkNTEtODcyOS00ZGFlLWFmMTAtMTBmOTJkNmQ4MDgwXkEyXkFqcGc@..jpg,0,0,0,0,0,0,0,0,1,0,0,0,0,0,0,0,0,0,0,https://www.imdb.com/title/tt0091288/?ref_=fn_ttl_ttl_1
166,Manon of the Spring (Manon des sources) (1986),01-Jan-1986,https://m.media-amazon.com/images/M/MV5BYTQwZWUyNTgtYTU5My00YjdiLTg5NGQtN2JhMjE4MzY4NjAzXkEyXkFqcGc@..jpg,0,0,0,0,0,0,0,0,1,0,0,0,0,0,0,0,0,0,0,https://www.imdb.com/title/tt0091480/?ref_=fn_ttl_ttl_1
167,Private Benjamin (1980),01-Jan-1980,https://m.media-amazon.com/images/M/MV5BMjIyNjkxMjUyMF5BMl5BanBnXkFtZTgwMzU0MjEyMDE@..jpg,0,0,0,0,0,1,0,0,0,0,0,0,0,0,0,0,0,0,0,https://www.imdb.com/title/tt0081375/?ref_=fn_ttl_ttl_1
168,Monty Python and the Holy Grail (1974),01-Jan-1974,https://m.media-amazon.com/images/M/MV5BYWY4YmUzZmUtMzQ0ZS00N2Y2LWJlODQtN2IwMDc1MWQwMmU3XkEyXkFqcGc@..jpg,0,0,0,0,0,1,0,0,0,0,0,0,0,0,0,0,0,0,0,https://www.imdb.com/title/tt0071853/?ref_=fn_ttl_ttl_1
169,"Wrong Trousers, The (1993)",01-Jan-1993,https://m.media-amazon.com/images/M/MV5BZGI0ZjU1ZmUtZmRlZC00Yjg3LWI1MjktM2YwYmU1NGNiYzU0XkEyXkFqcGc@..jpg,0,0,0,1,0,1,0,0,0,0,0,0,0,0,0,0,0,0,0,https://www.imdb.com/title/tt0108598/
170,Cinema Paradiso (1988),01-Jan-1988,https://m.media-amazon.com/images/M/MV5BMTljNzc4YWEtYTZlMS00ODMyLWIwMTAtNWQxY2VkMDEwYTk5XkEyXkFqcGc@..jpg,0,0,0,0,0,1,0,0,1,0,0,0,0,0,1,0,0,0,0,https://www.imdb.com/title/tt0095765/?ref_=fn_ttl_ttl_1
171,Delicatessen (1991),01-Jan-1991,https://m.media-amazon.com/images/M/MV5BMGM3ZjE4ZjMtOGIxNi00ODc3LWI2OGQtY2E5MDlkMjAwZWZjXkEyXkFqcGc@..jpg,0,0,0,0,0,1,0,0,0,0,0,0,0,0,0,1,0,0,0,https://www.imdb.com/title/tt0101700/?ref_=fn_ttl_ttl_1
172,"Empire Strikes Back, The (1980)",01-Jan-1980,https://m.media-amazon.com/images/M/MV5BMTkxNGFlNDktZmJkNC00MDdhLTg0MTEtZjZiYWI3MGE5NWIwXkEyXkFqcGc@..jpg,0,1,1,0,0,0,0,0,1,0,0,0,0,0,1,1,0,1,0,https://www.imdb.com/title/tt0080684/?ref_=fn_ttl_ttl_1
173,"Princess Bride, The (1987)",01-Jan-1987,https://m.media-amazon.com/images/M/MV5BMjFiOTEyNGMtN2E4MC00ZjZlLTk3ZDQtNTU1ZGNiZTA1MzJlXkEyXkFqcGc@..jpg,0,1,1,0,0,1,0,0,0,0,0,0,0,0,1,0,0,0,0,https://www.imdb.com/title/tt0093779/?ref_=fn_ttl_ttl_1
174,Raiders of the Lost Ark (1981),01-Jan-1981,https://m.media-amazon.com/images/M/MV5BOGNhMjg2ZjgtYzk4Ni00MTViLTg1MmUtYzM2MDZiYjZlMmU3XkEyXkFqcGc@..jpg,0,1,1,0,0,0,0,0,0,0,0,0,0,0,0,0,0,0,0,https://www.imdb.com/title/tt0082971/?ref_=fn_ttl_ttl_1
175,Brazil (1985),01-Jan-1985,https://m.media-amazon.com/images/M/MV5BNjI1MTAzNmYtYzQ3Zi00ZWE0LWJiZmQtY2UwZWU3ZTE4OGQ3XkEyXkFqcGc@..jpg,0,0,0,0,0,0,0,0,0,0,0,0,0,0,0,1,0,0,0,https://www.imdb.com/title/tt0088846/?ref_=fn_ttl_ttl_1
176,Aliens (1986),01-Jan-1986,https://m.media-amazon.com/images/M/MV5BZjIyNGJhYzYtN2I1My00OTVhLWEyMzItZTVjNDMzOTVkYWViXkEyXkFqcGc@..jpg,0,1,0,0,0,0,0,0,0,0,0,0,0,0,0,1,1,1,0,https://www.imdb.com/title/tt0090605/?ref_=fn_ttl_ttl_1
177,"Good, The Bad and The Ugly, The (1966)",01-Jan-1966,https://m.media-amazon.com/images/M/MV5BMWM5ZjQxM2YtNDlmYi00ZDNhLWI4MWUtN2VkYjBlMTY1ZTkwXkEyXkFqcGc@..jpg,0,1,0,0,0,0,0,0,0,0,0,0,0,0,0,0,0,0,1,https://www.imdb.com/title/tt0060196/?ref_=fn_ttl_ttl_1
178,12 Angry Men (1957),01-Jan-1957,https://m.media-amazon.com/images/M/MV5BYjE4NzdmOTYtYjc5Yi00YzBiLWEzNDEtNTgxZGQ2MWVkN2NiXkEyXkFqcGc@..jpg,0,0,0,0,0,0,0,0,1,0,0,0,0,0,0,0,0,0,0,https://www.imdb.com/title/tt0050083/?ref_=fn_ttl_ttl_1
179,"Clockwork Orange, A (1971)",01-Jan-1971,https://m.media-amazon.com/images/M/MV5BMTY3MjM1Mzc4N15BMl5BanBnXkFtZTgwODM0NzAxMDE@..jpg,0,0,0,0,0,0,0,0,0,0,0,0,0,0,0,1,0,0,0,https://www.imdb.com/title/tt0066921/?ref_=fn_ttl_ttl_1
180,Apocalypse Now (1979),01-Jan-1979,https://m.media-amazon.com/images/M/MV5BZDhiMTljYjYtODc1Yy00MmEwLTg2OTYtYmE1YTRmNDE4MmEwXkEyXkFqcGc@..jpg,0,0,0,0,0,0,0,0,1,0,0,0,0,0,0,0,0,1,0,https://www.imdb.com/title/tt0078788/?
181,Return of the Jedi (1983),14-Mar-1997,https://m.media-amazon.com/images/M/MV5BNWEwOTI0MmUtMGNmNy00ODViLTlkZDQtZTg1YmQ3MDgyNTUzXkEyXkFqcGc@..jpg,0,1,1,0,0,0,0,0,0,0,0,0,0,0,1,1,0,1,0,https://www.imdb.com/title/tt0086190/?ref_=fn_ttl_ttl_1
182,GoodFellas (1990),01-Jan-1990,https://m.media-amazon.com/images/M/MV5BN2E5NzI2ZGMtY2VjNi00YTRjLWI1MDUtZGY5OWU1MWJjZjRjXkEyXkFqcGc@..jpg,0,0,0,0,0,0,1,0,1,0,0,0,0,0,0,0,0,0,0,https://www.imdb.com/title/tt0099685/?ref_=fn_ttl_ttl_1
183,Alien (1979),01-Jan-1979,https://m.media-amazon.com/images/M/MV5BNGQzZWVhMzUtZDg3ZC00NmMxLWJjNDgtNjYzMThhNzdkMGQxXkEyXkFqcGc@..jpg,0,1,0,0,0,0,0,0,0,0,0,1,0,0,0,1,1,0,0,https://www.imdb.com/title/tt1935072/?ref_=fn_ttl_ttl_1
184,Army of Darkness (1993),01-Jan-1993,https://m.media-amazon.com/images/M/MV5BYzU4ZDFmNzEtNmE2Ny00OTA1LWEyMmMtZjFiOWM0MGM3YTQ1XkEyXkFqcGc@..jpg,0,1,1,0,0,1,0,0,0,0,0,1,0,0,0,1,0,0,0,https://www.imdb.com/title/tt0106308/?ref_=fn_ttl_ttl_1
185,Psycho (1960),01-Jan-1960,https://m.media-amazon.com/images/M/MV5BYjZhMzFiZjItODA3ZC00MmRhLWIzMGYtMmVjOWUwYTA3MTRjXkEyXkFqcGc@..jpg,0,0,0,0,0,0,0,0,0,0,0,1,0,0,1,0,1,0,0,https://www.imdb.com/title/tt0054215/?ref_=fn_ttl_ttl_1
186,"Blues Brothers, The (1980)",01-Jan-1980,https://m.media-amazon.com/images/M/MV5BNzI2ZDAyNjYtNzgwOS00MTRlLWE3MjUtMTI3M2VmYzQ1ZWJmXkEyXkFqcGc@..jpg,0,1,0,0,0,1,0,0,0,0,0,0,1,0,0,0,0,0,0,https://www.imdb.com/title/tt0080455/?ref_=fn_ttl_ttl_1
187,"Godfather: Part II, The (1974)",01-Jan-1974,https://m.media-amazon.com/images/M/MV5BMDIxMzBlZDktZjMxNy00ZGI4LTgxNDEtYWRlNzRjMjJmOGQ1XkEyXkFqcGc@..jpg,0,1,0,0,0,0,1,0,1,0,0,0,0,0,0,0,0,0,0,https://www.imdb.com/title/tt0071562/?ref_=fn_ttl_ttl_1
188,Full Metal Jacket (1987),01-Jan-1987,https://m.media-amazon.com/images/M/MV5BYWUzNzZkNzUtNDdiYy00Nzk5LTgxMmItNTk0MjRjNjdjNDA0XkEyXkFqcGc@..jpg,0,1,0,0,0,0,0,0,1,0,0,0,0,0,0,0,0,1,0,https://www.imdb.com/title/tt0093058/?ref_=fn_ttl_ttl_1
189,"Grand Day Out, A (1992)",01-Jan-1992,https://m.media-amazon.com/images/M/MV5BMmY4NGRiZTQtNmFlYy00N2RkLWE5NGUtNmJkOGRhNzVhYzlmXkEyXkFqcGc@..jpg,0,0,0,1,0,1,0,0,0,0,0,0,0,0,0,0,0,0,0,https://www.imdb.com/title/tt27049694/?ref_=fn_ttl_ttl_1
190,Henry V (1989),01-Jan-1989,https://m.media-amazon.com/images/M/MV5BNzNiMWM3NGEtZWMxYi00NzM0LWE2ODItMzZlNTZmYTJhZWY1XkEyXkFqcGc@..jpg,0,0,0,0,0,0,0,0,1,0,0,0,0,0,0,0,0,1,0,https://www.imdb.com/title/tt0097499/?ref_=fn_ttl_ttl_1
191,Amadeus (1984),01-Jan-1984,https://m.media-amazon.com/images/M/MV5BMzc2MjM0NTMtOGY4NC00NzY1LWE2ODUtZjMzY2RhNGNkZDAyXkEyXkFqcGc@..jpg,0,0,0,0,0,0,0,0,1,0,0,0,0,1,0,0,0,0,0,https://www.imdb.com/title/tt0086879/?ref_=fn_ttl_ttl_1
192,Raging Bull (1980),01-Jan-1980,https://m.media-amazon.com/images/M/MV5BMjlkYmYyZWQtNTZkOS00ZjA0LWEwNWUtNzE2ZGNiYjg0MjA2XkEyXkFqcGc@..jpg,0,0,0,0,0,0,0,0,1,0,0,0,0,0,0,0,0,0,0,https://www.imdb.com/title/tt0081398/?ref_=fn_ttl_ttl_1
193,"Right Stuff, The (1983)",01-Jan-1983,https://m.media-amazon.com/images/M/MV5BZmNiMWIxZDEtYWE0Zi00YzU5LTk4NzctNmE2YThiMGUzYzlkXkEyXkFqcGc@..jpg,0,0,0,0,0,0,0,0,1,0,0,0,0,0,0,0,0,0,0,https://www.imdb.com/title/tt0086197/?ref_=fn_ttl_ttl_1
194,"Sting, The (1973)",01-Jan-1973,https://m.media-amazon.com/images/M/MV5BZGI4OTk4MDMtYmQ1Ni00YTUzLTkyYTktZGUwMjMyN2M4NjQ5XkEyXkFqcGc@..jpg,0,0,0,0,0,1,1,0,0,0,0,0,0,0,0,0,0,0,0,https://www.imdb.com/title/tt0070735/?ref_=fn_ttl_ttl_1
195,"Terminator, The (1984)",01-Jan-1984,https://m.media-amazon.com/images/M/MV5BZmE0YzIxM2QtMGNlMi00MjRmLWE3MWMtOWQzMGVjMmU0YTFmXkEyXkFqcGc@..jpg,0,1,0,0,0,0,0,0,0,0,0,0,0,0,0,1,1,0,0,https://www.imdb.com/title/tt0088247/?ref_=fn_ttl_ttl_1
196,Dead Poets Society (1989),01-Jan-1989,https://m.media-amazon.com/images/M/MV5BMDYwNGVlY2ItMWYxMS00YjZiLWE5MTAtYWM5NWQ2ZWJjY2Q3XkEyXkFqcGc@..jpg,0,0,0,0,0,0,0,0,1,0,0,0,0,0,0,0,0,0,0,https://www.imdb.com/title/tt0097165/?ref_=fn_ttl_ttl_1
197,"Graduate, The (1967)",01-Jan-1967,https://m.media-amazon.com/images/M/MV5BMTQ0ODc4MDk4Nl5BMl5BanBnXkFtZTcwMTEzNzgzNA@@..jpg,0,0,0,0,0,0,0,0,1,0,0,0,0,0,1,0,0,0,0,https://www.imdb.com/title/tt0061722/?ref_=fn_ttl_ttl_1
198,Nikita (La Femme Nikita) (1990),01-Jan-1990,https://m.media-amazon.com/images/M/MV5BMDgyZjNhNGYtYjNhZC00YTEyLTljYzgtZDM1MTk5ZTI5ODBkXkEyXkFqcGc@..jpg,0,0,0,0,0,0,0,0,0,0,0,0,0,0,0,0,1,0,0,https://www.imdb.com/title/tt0100263/?ref_=fn_ttl_ttl_1
199,"Bridge on the River Kwai, The (1957)",01-Jan-1957,https://m.media-amazon.com/images/M/MV5BNzdkYmU2YmItNmZiYy00OWQyLTg0YWYtZmUxM2U3YTRiNTQ1XkEyXkFqcGc@..jpg,0,0,0,0,0,0,0,0,1,0,0,0,0,0,0,0,0,1,0,https://www.imdb.com/title/tt0050212/?ref_=fn_ttl_ttl_1
200,"Shining, The (1980)",01-Jan-1980,https://m.media-amazon.com/images/M/MV5BNmM5ZThhY2ItOGRjOS00NzZiLWEwYTItNDgyMjFkOTgxMmRiXkEyXkFqcGc@..jpg,0,0,0,0,0,0,0,0,0,0,0,1,0,0,0,0,0,0,0,https://www.imdb.com/title/tt0081505/?ref_=fn_ttl_ttl_1
201,Evil Dead II (1987),01-Jan-1987,https://m.media-amazon.com/images/M/MV5BMGMxMWVhMzAtYWRlOS00YzY1LTlkYTQtYjU5ZDM4MGI1YWFjXkEyXkFqcGc@..jpg,0,1,1,0,0,1,0,0,0,0,0,1,0,0,0,0,0,0,0,https://www.imdb.com/title/tt0092991/?ref_=fn_ttl_ttl_1
202,Groundhog Day (1993),01-Jan-1993,https://m.media-amazon.com/images/M/MV5BOWE3MjQ3ZDAtNDQ2MC00YjBjLTk0ZWYtNjQ0YzQ4YWE3YTEyXkEyXkFqcGc@..jpg,0,0,0,0,0,1,0,0,0,0,0,0,0,0,1,0,0,0,0,https://www.imdb.com/title/tt0107048/?ref_=nv_sr_srsg_0_tt_8_nm_0_in_0_q_groundhog
203,Unforgiven (1992),01-Jan-1992,https://m.media-amazon.com/images/M/MV5BNmZmMzM3YWMtZjg5Yi00M2MxLTg3ZGItNGU4YjQxNDAxM2Q4XkEyXkFqcGc@..jpg,0,0,0,0,0,0,0,0,0,0,0,0,0,0,0,0,0,0,1,https://www.imdb.com/title/tt0105695/?ref_=fn_ttl_ttl_1
204,Back to the Future (1985),01-Jan-1985,https://m.media-amazon.com/images/M/MV5BZmM3ZjE0NzctNjBiOC00MDZmLTgzMTUtNGVlOWFlOTNiZDJiXkEyXkFqcGc@..jpg,0,0,0,0,0,1,0,0,0,0,0,0,0,0,0,1,0,0,0,https://www.imdb.com/title/tt0088763/?ref_=fn_ttl_ttl_1
205,Patton (1970),01-Jan-1970,https://m.media-amazon.com/images/M/MV5BYzQwNmI5MDItMGEyZi00Y2FjLTkzMTUtOTliOTIyOWRlN2Q0XkEyXkFqcGc@..jpg,0,0,0,0,0,0,0,0,1,0,0,0,0,0,0,0,0,1,0,https://www.imdb.com/title/tt0066206/?ref_=fn_ttl_ttl_1
206,Akira (1988),01-Jan-1988,https://m.media-amazon.com/images/M/MV5BYWUxMGRhZDQtMTBmMi00N2IxLWE5NmYtMDMyMWExODAwNWYzXkEyXkFqcGc@..jpg,0,0,1,1,0,0,0,0,0,0,0,0,0,0,0,1,1,0,0,https://www.imdb.com/title/tt0094625/?ref_=fn_ttl_ttl_1
207,Cyrano de Bergerac (1990),01-Jan-1990,https://m.media-amazon.com/images/M/MV5BYzgxYjJmZTktMWY1Zi00MjEyLWJlMGEtMmU4Y2UwMjJjZjEzXkEyXkFqcGc@..jpg,0,1,0,0,0,0,0,0,1,0,0,0,0,0,1,0,0,0,0,https://www.imdb.com/title/tt0099334/?ref_=fn_ttl_ttl_1
208,Young Frankenstein (1974),01-Jan-1974,https://m.media-amazon.com/images/M/MV5BMTEwNjg2MjM2ODFeQTJeQWpwZ15BbWU4MDQ1MDU5OTEx..jpg,0,0,0,0,0,1,0,0,0,0,0,1,0,0,0,0,0,0,0,https://www.imdb.com/title/tt0072431/?ref_=fn_ttl_ttl_1
209,This Is Spinal Tap (1984),01-Jan-1984,https://m.media-amazon.com/images/M/MV5BMTQ2MTIzMzg5Nl5BMl5BanBnXkFtZTgwOTc5NDI1MDE@..jpg,0,0,0,0,0,1,0,0,1,0,0,0,1,0,0,0,0,0,0,https://www.imdb.com/title/tt0088258/?ref_=fn_ttl_ttl_1
210,Indiana Jones and the Last Crusade (1989),01-Jan-1989,https://m.media-amazon.com/images/M/MV5BNGIxNzQ0YzYtMjNmYi00YjBlLWFjNzEtNGE3ZGFmYTczM2MwXkEyXkFqcGc@..jpg,0,1,1,0,0,0,0,0,0,0,0,0,0,0,0,0,0,0,0,https://www.imdb.com/title/tt0097576/?ref_=fn_ttl_ttl_1
211,M*A*S*H (1970),01-Jan-1970,https://m.media-amazon.com/images/M/MV5BZDI0MDNiNWMtYzc5NS00MTc2LWJlMjktM2RkZTEyMzZjOTIwXkEyXkFqcGc@..jpg,0,0,0,0,0,1,0,0,0,0,0,0,0,0,0,0,0,1,0,https://www.imdb.com/title/tt0066026/?ref_=fn_ttl_ttl_1
212,"Unbearable Lightness of Being, The (1988)",01-Jan-1988,https://m.media-amazon.com/images/M/MV5BMzQyMTliMzMtNzliZi00MmMwLWExZGEtNzQ3MDc1NmY4M2I1XkEyXkFqcGc@..jpg,0,0,0,0,0,0,0,0,1,0,0,0,0,0,0,0,0,0,0,https://www.imdb.com/title/tt0096332/?ref_=fn_ttl_ttl_1
213,"Room with a View, A (1986)",01-Jan-1986,https://m.media-amazon.com/images/M/MV5BOTkwNTZhMWUtOTNmZC00NmE0LWExOGItMzJiNzEyNWNmODI1XkEyXkFqcGc@..jpg,0,0,0,0,0,0,0,0,1,0,0,0,0,0,1,0,0,0,0,https://www.imdb.com/title/tt0091867/?ref_=fn_ttl_ttl_1
214,Pink Floyd - The Wall (1982),01-Jan-1982,https://m.media-amazon.com/images/M/MV5BNzMxZGFhMTUtZGJjYS00Njc4LTk1NTktZmYzNjI0MzQxZDU3XkEyXkFqcGc@..jpg,0,0,0,0,0,0,0,0,1,0,0,0,1,0,0,0,0,1,0,https://www.imdb.com/title/tt0084503/?ref_=fn_ttl_ttl_1
215,Field of Dreams (1989),01-Jan-1989,https://m.media-amazon.com/images/M/MV5BZTEwMGYzNDktOWEyMi00NTJjLWE5MGQtNmNlNDkxOTYyZDA5XkEyXkFqcGc@..jpg,0,0,0,0,0,0,0,0,1,0,0,0,0,0,0,0,0,0,0,https://www.imdb.com/title/tt0097351/?ref_=fn_ttl_ttl_1
216,When Harry Met Sally... (1989),01-Jan-1989,https://m.media-amazon.com/images/M/MV5BMjE0ODEwNjM2NF5BMl5BanBnXkFtZTcwMjU2Mzg3NA@@..jpg,0,0,0,0,0,1,0,0,0,0,0,0,0,0,1,0,0,0,0,https://www.imdb.com/title/tt0098635/?ref_=fn_ttl_ttl_1
217,Bram Stoker's Dracula (1992),01-Jan-1992,https://m.media-amazon.com/images/M/MV5BMmVhNzhlMzMtYjJkNy00ODU4LWJmMjUtYzdlMGI3MTQ3YzBhXkEyXkFqcGc@..jpg,0,0,0,0,0,0,0,0,0,0,0,1,0,0,1,0,0,0,0,https://www.imdb.com/title/tt0103874/?ref_=fn_ttl_ttl_1
218,Cape Fear (1991),01-Jan-1991,https://m.media-amazon.com/images/M/MV5BNTBkNTYwZTctOTgxYS00ZmIyLTgzNDAtODJhZjg2MDUwNmFlXkEyXkFqcGc@..jpg,0,0,0,0,0,0,0,0,0,0,0,0,0,0,0,0,1,0,0,https://www.imdb.com/title/tt0101540/?ref_=fn_ttl_ttl_1
219,"Nightmare on Elm Street, A (1984)",01-Jan-1984,https://m.media-amazon.com/images/M/MV5BNTZmN2VlMWMtMTdlMi00NDBhLWIyODMtODEwMzM0ODMwMWYwXkEyXkFqcGc@..jpg,0,0,0,0,0,0,0,0,0,0,0,1,0,0,0,0,0,0,0,https://www.imdb.com/title/tt0087800/?ref_=fn_ttl_ttl_1
220,"Mirror Has Two Faces, The (1996)",15-Nov-1996,https://m.media-amazon.com/images/M/MV5BZTc3ZmJkYTUtZGQwOC00NWNkLWE4YjEtZDZiOGZmN2I0NzIyXkEyXkFqcGc@..jpg,0,0,0,0,0,1,0,0,0,0,0,0,0,0,1,0,0,0,0,https://www.imdb.com/title/tt0117057/?ref_=fn_ttl_ttl_1
221,Breaking the Waves (1996),15-Nov-1996,https://m.media-amazon.com/images/M/MV5BYTdjYjg4MTAtMzU4Ny00ODVkLTlhZDItOThiMDBhODI4MTVhXkEyXkFqcGc@..jpg,0,0,0,0,0,0,0,0,1,0,0,0,0,0,0,0,0,0,0,https://www.imdb.com/title/tt0115751/?ref_=fn_ttl_ttl_1
222,Star Trek: First Contact (1996),22-Nov-1996,https://m.media-amazon.com/images/M/MV5BZjc0OWE1NDMtNjRmMi00ZDc2LWI2ZmQtNzEwNWU4Nzg4NDA5XkEyXkFqcGc@..jpg,0,1,1,0,0,0,0,0,0,0,0,0,0,0,0,1,0,0,0,https://www.imdb.com/title/tt0117731/?ref_=fn_ttl_ttl_1
223,Sling Blade (1996),22-Nov-1996,https://m.media-amazon.com/images/M/MV5BNDM5MjhhMDgtMmVmYy00ODNlLWI1OGMtMzAzNmY5OGRmNjk0XkEyXkFqcGc@..jpg,0,0,0,0,0,0,0,0,1,0,0,0,0,0,0,0,1,0,0,https://www.imdb.com/title/tt0117666/?ref_=fn_ttl_ttl_1
224,Ridicule (1996),27-Nov-1996,https://m.media-amazon.com/images/M/MV5BZDhiZjliZGItNGYxYy00MzY4LTg5ZDgtODVmZTQ1MzE1Njk5XkEyXkFqcGc@..jpg,0,0,0,0,0,0,0,0,1,0,0,0,0,0,0,0,0,0,0,https://www.imdb.com/title/tt0117477/?ref_=fn_ttl_ttl_1
225,101 Dalmatians (1996),27-Nov-1996,https://m.media-amazon.com/images/M/MV5BOTA5MjAzZWYtZmQxMC00NWE0LWJkNWMtMzczNjg3ZTM1ZGRiXkEyXkFqcGc@..jpg,0,0,0,0,1,1,0,0,0,0,0,0,0,0,0,0,0,0,0,https://www.imdb.com/title/tt0115433/?ref_=fn_ttl_ttl_1
226,Die Hard 2 (1990),01-Jan-1990,https://m.media-amazon.com/images/M/MV5BMTA1OGFlZWUtZjE4Yy00MzFmLTlhYjctOGY5ZmZjOWFlOWUwXkEyXkFqcGc@..jpg,0,1,0,0,0,0,0,0,0,0,0,0,0,0,0,0,1,0,0,https://www.imdb.com/title/tt0099423/?ref_=fn_ttl_ttl_1
227,Star Trek VI: The Undiscovered Country (1991),01-Jan-1991,https://m.media-amazon.com/images/M/MV5BNDgzYjM5MWQtYTkzNy00OWZlLWEzMDctYjA5MDUyNmJhZjM5XkEyXkFqcGc@..jpg,0,1,1,0,0,0,0,0,0,0,0,0,0,0,0,1,0,0,0,https://www.imdb.com/title/tt0102975/?ref_=fn_ttl_ttl_1
228,Star Trek: The Wrath of Khan (1982),01-Jan-1982,https://m.media-amazon.com/images/M/MV5BOTFkZDY5NWQtMjY4Yy00OThiLTk3YjQtMDdhYTllMTI4MTdiXkEyXkFqcGc@..jpg,0,1,1,0,0,0,0,0,0,0,0,0,0,0,0,1,0,0,0,https://www.imdb.com/title/tt0084726/?ref_=fn_ttl_ttl_1
229,Star Trek III: The Search for Spock (1984),01-Jan-1984,https://m.media-amazon.com/images/M/MV5BYzNkOTZjMTMtOWYzZS00Yjg2LTgyMzQtMmNjODdkYzM0ZjhmXkEyXkFqcGc@..jpg,0,1,1,0,0,0,0,0,0,0,0,0,0,0,0,1,0,0,0,https://www.imdb.com/title/tt0088170/?ref_=fn_ttl_ttl_1
230,Star Trek IV: The Voyage Home (1986),01-Jan-1986,https://m.media-amazon.com/images/M/MV5BYmZlYWYwMzUtMjYzMy00MWI1LTg3MDctOTdjYjA2MDkwNGU5XkEyXkFqcGc@..jpg,0,1,1,0,0,0,0,0,0,0,0,0,0,0,0,1,0,0,0,https://www.imdb.com/title/tt0092007/?ref_=fn_ttl_ttl_1
231,Batman Returns (1992),01-Jan-1992,https://m.media-amazon.com/images/M/MV5BZTliMDVkYTktZDdlMS00NTAwLWJhNzYtMWIwMDZjN2ViMGFiXkEyXkFqcGc@..jpg,0,1,1,0,0,1,1,0,0,0,0,0,0,0,0,0,0,0,0,https://www.imdb.com/title/tt0103776/?ref_=fn_ttl_ttl_1
232,Young Guns (1988),01-Jan-1988,https://m.media-amazon.com/images/M/MV5BMGE5ZjYzMDEtZmQ4ZS00YjczLTk5YWYtNjdkZjY4NmQxNTEyXkEyXkFqcGc@..jpg,0,1,0,0,0,1,0,0,0,0,0,0,0,0,0,0,0,0,1,https://www.imdb.com/title/tt0096487/?ref_=fn_ttl_ttl_1
233,Under Siege (1992),01-Jan-1992,https://m.media-amazon.com/images/M/MV5BM2I3YjcwZDgtZjc3Yy00NTU1LWE5NzMtNzlkOWE4ZDc2YzE2XkEyXkFqcGc@..jpg,0,1,0,0,0,0,0,0,0,0,0,0,0,0,0,0,0,0,0,https://www.imdb.com/title/tt0105690/?ref_=fn_ttl_ttl_1
234,Jaws (1975),01-Jan-1975,https://m.media-amazon.com/images/M/MV5BYjViNDQzNmUtYzkxZi00NTk5LTljMmItYjJlZmZkODIxNjU1XkEyXkFqcGc@..jpg,0,1,0,0,0,0,0,0,0,0,0,1,0,0,0,0,0,0,0,https://www.imdb.com/title/tt0073195/?ref_=fn_ttl_ttl_1
235,Mars Attacks! (1996),13-Dec-1996,https://m.media-amazon.com/images/M/MV5BZjJhNTIxZmQtZjQ3ZC00MTZkLWI2YTItY2Y0ZTdiMmNiNGIyXkEyXkFqcGc@..jpg,0,1,0,0,0,1,0,0,0,0,0,0,0,0,0,1,0,1,0,https://www.imdb.com/title/tt0116996/?ref_=fn_ttl_ttl_1
236,Citizen Ruth (1996),13-Dec-1996,https://m.media-amazon.com/images/M/MV5BYjhiYWVkZGYtYWVkZC00NDY1LTg4NTgtNzQ0ZjFiZTM4ZWQ2XkEyXkFqcGc@..jpg,0,0,0,0,0,1,0,0,1,0,0,0,0,0,0,0,0,0,0,https://www.imdb.com/title/tt0115906/?ref_=fn_ttl_ttl_1
237,Jerry Maguire (1996),13-Dec-1996,https://m.media-amazon.com/images/M/MV5BM2E1ZjU1MjctZjU2Yi00MGE1LWI1MDEtYzBlMWJlNDc1NTQxXkEyXkFqcGc@..jpg,0,0,0,0,0,0,0,0,1,0,0,0,0,0,1,0,0,0,0,https://www.imdb.com/title/tt0116695/?ref_=fn_ttl_ttl_1
238,Raising Arizona (1987),01-Jan-1987,https://m.media-amazon.com/images/M/MV5BNWIzMTdmZDgtZTc2NS00MDA1LWFiMmMtYzc5YzY0YTEyZjE5XkEyXkFqcGc@..jpg,0,0,0,0,0,1,0,0,0,0,0,0,0,0,0,0,0,0,0,https://www.imdb.com/title/tt0093822/?ref_=fn_ttl_ttl_1
239,Sneakers (1992),01-Jan-1992,https://m.media-amazon.com/images/M/MV5BMGEwMmZlMjgtNDc0MS00NmY1LTljMzQtMzBmNmE0OWRkNjViXkEyXkFqcGc@..jpg,0,0,0,0,0,0,1,0,1,0,0,0,0,0,0,1,0,0,0,https://www.imdb.com/title/tt0105435/?ref_=fn_ttl_ttl_1
240,Beavis and Butt-head Do America (1996),20-Dec-1996,https://m.media-amazon.com/images/M/MV5BNzA2NjczNmEtYjYxYi00ZjE2LTkzYTctYzhkZDdmMjlkY2FmXkEyXkFqcGc@..jpg,0,0,0,1,0,1,0,0,0,0,0,0,0,0,0,0,0,0,0,https://www.imdb.com/title/tt0115641/?ref_=fn_ttl_ttl_1
241,"Last of the Mohicans, The (1992)",01-Jan-1992,https://m.media-amazon.com/images/M/MV5BODAxNTAxMDItMzkwZS00ZTEyLWJlZmMtYTc0MGI1NDdkNWZkXkEyXkFqcGc@..jpg,0,1,0,0,0,0,0,0,0,0,0,0,0,0,1,0,0,1,0,https://www.imdb.com/title/tt0104691/?ref_=fn_ttl_ttl_1
242,Kolya (1996),24-Jan-1997,https://m.media-amazon.com/images/M/MV5BNWEzMjFkODMtYzhiNi00M2IyLTk1NmEtYWQ4ZjlkYmViZWU0XkEyXkFqcGc@..jpg,0,0,0,0,0,1,0,0,0,0,0,0,0,0,0,0,0,0,0,https://www.imdb.com/title/tt0116790/?ref_=fn_ttl_ttl_1
243,Jungle2Jungle (1997),07-Mar-1997,https://m.media-amazon.com/images/M/MV5BODQwYTBjMjYtMTIxOC00NzJjLTlmNmYtZGRhZGJkZDEyNmU1XkEyXkFqcGc@..jpg,0,0,0,0,1,1,0,0,0,0,0,0,0,0,0,0,0,0,0,https://www.imdb.com/title/tt0119432/?ref_=fn_ttl_ttl_1
244,Smilla's Sense of Snow (1997),14-Mar-1997,https://m.media-amazon.com/images/M/MV5BZTJjNDM1YTQtMjMzOC00OWIzLWIxNDgtMjdkNjRhZWJlNzY5XkEyXkFqcGc@..jpg,0,1,0,0,0,0,0,0,1,0,0,0,0,0,0,0,1,0,0,https://www.imdb.com/title/tt0120152/?ref_=fn_ttl_ttl_1
245,"Devil's Own, The (1997)",26-Mar-1997,https://m.media-amazon.com/images/M/MV5BNDU1ODI0ZGUtZDA3My00NGViLWFhM2QtNmI1NzU0ZTA1ODc5XkEyXkFqcGc@..jpg,0,1,0,0,0,0,0,0,1,0,0,0,0,0,0,0,1,1,0,https://www.imdb.com/title/tt0118972/?ref_=fn_ttl_ttl_1
246,Chasing Amy (1997),01-Jan-1997,https://m.media-amazon.com/images/M/MV5BZWQ5OWQ4NWEtZGJlYy00MzI3LTg5YzItZjVhYjJhYmNkZjM4XkEyXkFqcGc@..jpg,0,0,0,0,0,0,0,0,1,0,0,0,0,0,1,0,0,0,0,https://www.imdb.com/title/tt0118842/?ref_=fn_ttl_ttl_1
247,Turbo: A Power Rangers Movie (1997),28-Mar-1997,https://m.media-amazon.com/images/M/MV5BZGFlYTNjMDYtZjk5OC00MDZkLTk3YTYtZWMwNjNkMTc0YWIzXkEyXkFqcGc@..jpg,0,1,1,0,1,0,0,0,0,0,0,0,0,0,0,0,0,0,0,https://www.imdb.com/title/tt0120389/?ref_=fn_ttl_ttl_1
248,Grosse Pointe Blank (1997),11-Apr-1997,https://m.media-amazon.com/images/M/MV5BZDJkMWJkMTgtZjljZS00ZDNlLWE2MjEtNjQ2NzI5NDk4MTRkXkEyXkFqcGc@..jpg,0,0,0,0,0,1,1,0,0,0,0,0,0,0,0,0,0,0,0,https://www.imdb.com/title/tt0119229/?ref_=fn_ttl_ttl_1
249,Austin Powers: International Man of Mystery (1997),02-May-1997,https://m.media-amazon.com/images/M/MV5BODQzM2UwODQtMzg1ZC00MTk4LTlkOTEtYzU4NDFhYmM1MWJkXkEyXkFqcGc@..jpg,0,0,0,0,0,1,0,0,0,0,0,0,0,0,0,0,0,0,0,https://www.imdb.com/title/tt0118655/?ref_=fn_ttl_ttl_1
250,"Fifth Element, The (1997)",09-May-1997,https://m.media-amazon.com/images/M/MV5BODU4ZTE5MWYtNmY2MC00NDkyLTk0NDgtNTk5YjgzMzc4NmQwXkEyXkFqcGc@..jpg,0,1,0,0,0,0,0,0,0,0,0,0,0,0,0,1,0,0,0,https://www.imdb.com/title/tt0119116/?ref_=fn_ttl_ttl_1
251,Shall We Dance? (1996),11-Jul-1997,https://m.media-amazon.com/images/M/MV5BMzEwN2E3NjAtZTk0MS00NDUzLWI2NmYtMDg5M2E3ZjRhOGMyXkEyXkFqcGc@..jpg,0,0,0,0,0,1,0,0,0,0,0,0,0,0,0,0,0,0,0,https://www.imdb.com/title/tt0117615/?ref_=fn_ttl_ttl_1
252,"Lost World: Jurassic Park, The (1997)",23-May-1997,https://m.media-amazon.com/images/M/MV5BMGI3NDg5N2ItZGIyZi00ZWNkLWFlODUtZDA1Y2Q1M2U4NGM2XkEyXkFqcGc@..jpg,0,1,1,0,0,0,0,0,0,0,0,0,0,0,0,1,1,0,0,https://www.imdb.com/title/tt0119567/?ref_=fn_ttl_ttl_1
253,"Pillow Book, The (1995)",13-Jun-1997,https://m.media-amazon.com/images/M/MV5BZTc4MTEzM2MtM2YzZi00Y2YwLWE1MzMtYWZjNDRkZTFjNDQxXkEyXkFqcGc@..jpg,0,0,0,0,0,0,0,0,1,0,0,0,0,0,1,0,0,0,0,https://www.imdb.com/title/tt0114134/?ref_=fn_ttl_ttl_1
254,Batman & Robin (1997),20-Jun-1997,https://m.media-amazon.com/images/M/MV5BYzU3ZjE3M2UtM2E4Ni00MDI5LTkyZGUtOTFkMGIyYjNjZGU3XkEyXkFqcGc@..jpg,0,1,1,0,0,0,1,0,0,0,0,0,0,0,0,0,0,0,0,https://www.imdb.com/title/tt0118688/?ref_=fn_ttl_ttl_1
255,My Best Friend's Wedding (1997),20-Jun-1997,https://m.media-amazon.com/images/M/MV5BNzhlZjE4NTYtZDBlOC00NTAwLWFmMTQtMWVjNDQwZGI1MjViXkEyXkFqcGc@..jpg,0,0,0,0,0,1,0,0,0,0,0,0,0,0,1,0,0,0,0,https://www.imdb.com/title/tt0119738/?ref_=fn_ttl_ttl_1
256,When the Cats Away (Chacun cherche son chat) (1996),20-Jun-1997,https://m.media-amazon.com/images/M/MV5BYzBkMDQzODAtNjY2Ny00ZGMwLTkxYTctOGYyNmU1MjNkNzFjXkEyXkFqcGc@..jpg,0,0,0,0,0,1,0,0,0,0,0,0,0,0,1,0,0,0,0,https://www.imdb.com/title/tt0115856/
257,Men in Black (1997),04-Jul-1997,https://m.media-amazon.com/images/M/MV5BZmQ0YTdhYzEtMjIxZC00MGFiLTlmNjktZmFlOWE2M2QxOTRhXkEyXkFqcGc@..jpg,0,1,1,0,0,1,0,0,0,0,0,0,0,0,0,1,0,0,0,https://www.imdb.com/title/tt0119654/?ref_=fn_ttl_ttl_1
258,Contact (1997),11-Jul-1997,https://m.media-amazon.com/images/M/MV5BM2JiYmE1Y2UtNDQ3YS00YTZhLTk5MzAtYzEzMzIyNTM4OTRlXkEyXkFqcGc@..jpg,0,0,0,0,0,0,0,0,1,0,0,0,0,0,0,1,0,0,0,https://www.imdb.com/title/tt0118884/?ref_=fn_ttl_ttl_1
259,George of the Jungle (1997),01-Jan-1997,https://m.media-amazon.com/images/M/MV5BOWYwMzU2MDgtNTJmNy00MGRjLWI4N2ItNjA2ZGZkMTVjNjhmXkEyXkFqcGc@..jpg,0,0,0,0,1,1,0,0,0,0,0,0,0,0,0,0,0,0,0,https://www.imdb.com/title/tt0119190/?ref_=fn_ttl_ttl_1
260,Event Horizon (1997),01-Jan-1997,https://m.media-amazon.com/images/M/MV5BM2M4ZTI2MjMtYjVlNy00Y2E3LTgzM2EtNDA0NTUzZmQxZjY3XkEyXkFqcGc@..jpg,0,1,0,0,0,0,0,0,0,0,0,0,0,1,0,1,1,0,0,https://www.imdb.com/title/tt0119081/?ref_=fn_ttl_ttl_1
261,Air Bud (1997),01-Aug-1997,https://m.media-amazon.com/images/M/MV5BMzQxODE4MzEyNF5BMl5BanBnXkFtZTgwNjk2OTY4ODE@..jpg,0,0,0,0,1,1,0,0,0,0,0,0,0,0,0,0,0,0,0,https://www.imdb.com/title/tt0118570/?ref_=fn_ttl_ttl_1
262,In the Company of Men (1997),01-Aug-1997,https://m.media-amazon.com/images/M/MV5BMDYxNzM3OWEtYjNmMS00NWI0LTg3MGUtNWE5YzRjM2ZmNDM2XkEyXkFqcGc@..jpg,0,0,0,0,0,0,0,0,1,0,0,0,0,0,0,0,0,0,0,https://www.imdb.com/title/tt0119361/?ref_=fn_ttl_ttl_1
263,Steel (1997),15-Aug-1997,https://m.media-amazon.com/images/M/MV5BY2QxZWM5ZjMtYzk2MS00MTdkLWIyMWUtMmE0YjgyN2Y5ZTgxXkEyXkFqcGc@..jpg,0,1,0,0,0,0,0,0,0,0,0,0,0,0,0,0,0,0,0,https://www.imdb.com/title/tt0120207/?ref_=fn_ttl_ttl_1
264,Mimic (1997),22-Aug-1997,https://m.media-amazon.com/images/M/MV5BNGY4YjcwMmQtNDk4Yi00YTZkLWEzMDYtMzM0N2IwZWRmZGI1XkEyXkFqcGc@..jpg,0,0,0,0,0,0,0,0,0,0,0,0,0,0,0,1,1,0,0,https://www.imdb.com/title/tt0119675/?ref_=fn_ttl_ttl_1
265,"Hunt for Red October, The (1990)",01-Jan-1990,https://m.media-amazon.com/images/M/MV5BMmNhYWJmN2EtZDYwNC00NzE0LWE5N2UtZTUyMDM4YjZmYWE3XkEyXkFqcGc@..jpg,0,1,0,0,0,0,0,0,0,0,0,0,0,0,0,0,1,0,0,https://www.imdb.com/title/tt0099810/?ref_=fn_ttl_ttl_1
266,Kull the Conqueror (1997),29-Aug-1997,https://m.media-amazon.com/images/M/MV5BZTM1MGIyOGEtNTFmMi00Nzk3LWJkZTUtZDY0Zjc5MDg3YTBkXkEyXkFqcGc@..jpg,0,1,1,0,0,0,0,0,0,0,0,0,0,0,0,0,0,0,0,https://www.imdb.com/title/tt0119484/?ref_=fn_ttl_ttl_1
267,unknown,,https://m.media-amazon.com/images/M/MV5BYTA2NTA5NDYtMzlkOC00MTQxLWI0NDQtMzk2M2YzMGE4MTkxXkEyXkFqcGc@..jpg,1,0,0,0,0,0,0,0,0,0,0,0,0,0,0,0,0,0,0,https://www.imdb.com/title/tt11563598/?ref_=fn_ttl_ttl_1
268,Chasing Amy (1997),01-Jan-1997,https://m.media-amazon.com/images/M/MV5BZWQ5OWQ4NWEtZGJlYy00MzI3LTg5YzItZjVhYjJhYmNkZjM4XkEyXkFqcGc@..jpg,0,0,0,0,0,0,0,0,1,0,0,0,0,0,1,0,0,0,0,https://www.imdb.com/title/tt0118842/?ref_=fn_ttl_ttl_1
269,"Full Monty, The (1997)",01-Jan-1997,https://m.media-amazon.com/images/M/MV5BYjZjNjU4YjItM2NhNS00NzIwLWIzMjMtMGMzZjcyMjYwYzE2XkEyXkFqcGc@..jpg,0,0,0,0,0,1,0,0,0,0,0,0,0,0,0,0,0,0,0,https://www.imdb.com/title/tt0119164/?ref_=fn_ttl_ttl_1
270,Gattaca (1997),01-Jan-1997,https://m.media-amazon.com/images/M/MV5BZjQxNTc3YzQtZDA5ZC00MmM5LWE3NGYtMGE0Yjk3MDYwODVlXkEyXkFqcGc@..jpg,0,0,0,0,0,0,0,0,1,0,0,0,0,0,0,1,1,0,0,https://www.imdb.com/title/tt0119177/?ref_=fn_ttl_ttl_1
271,Starship Troopers (1997),01-Jan-1997,https://m.media-amazon.com/images/M/MV5BZTNiOGM1ZWUtZTZjZC00OWJmLWE2YzUtZjQ4ODZjZmVlMDU3XkEyXkFqcGc@..jpg,0,1,1,0,0,0,0,0,0,0,0,0,0,0,0,1,0,1,0,https://www.imdb.com/title/tt0120201/?ref_=fn_ttl_ttl_1
272,Good Will Hunting (1997),01-Jan-1997,https://m.media-amazon.com/images/M/MV5BNDdjZGQ5YzEtNTc2My00Mjc0LWFlMTctYzkwMzZlNzdiZWYzXkEyXkFqcGc@..jpg,0,0,0,0,0,0,0,0,1,0,0,0,0,0,0,0,0,0,0,https://www.imdb.com/title/tt0119217/?ref_=fn_ttl_ttl_1
273,Heat (1995),01-Jan-1995,https://m.media-amazon.com/images/M/MV5BMTkxYjU1OTMtYWViZC00ZjAzLWI3MDktZGQ2N2VmMjVjNDRlXkEyXkFqcGc@..jpg,0,1,0,0,0,0,1,0,0,0,0,0,0,0,0,0,1,0,0,https://www.imdb.com/title/tt0113277/?ref_=fn_ttl_ttl_1
274,Sabrina (1995),01-Jan-1995,https://m.media-amazon.com/images/M/MV5BNGZiMmM3YjEtZmQ3Zi00OTQxLTk5MGQtOTBhMDM1MWVkNzFmXkEyXkFqcGc@..jpg,0,0,0,0,0,1,0,0,0,0,0,0,0,0,1,0,0,0,0,https://www.imdb.com/title/tt0114319/?ref_=fn_ttl_ttl_1
275,Sense and Sensibility (1995),01-Jan-1995,https://m.media-amazon.com/images/M/MV5BY2MyZWJhNjktMWQ2My00OTgwLWI1NjEtYjUzM2M2N2M4Mzc4XkEyXkFqcGc@..jpg,0,0,0,0,0,0,0,0,1,0,0,0,0,0,1,0,0,0,0,https://www.imdb.com/title/tt0114388/?ref_=fn_ttl_ttl_1
276,Leaving Las Vegas (1995),01-Jan-1995,https://m.media-amazon.com/images/M/MV5BNDg3MDM5NTI0MF5BMl5BanBnXkFtZTcwNDY0NDk0NA@@..jpg,0,0,0,0,0,0,0,0,1,0,0,0,0,0,1,0,0,0,0,https://www.imdb.com/title/tt0113627/?ref_=fn_ttl_ttl_1
277,Restoration (1995),01-Jan-1995,https://m.media-amazon.com/images/M/MV5BOWZjM2NjM2EtMDkyNi00ODFiLWIwMTktM2JmMzUxODQ3YmRlXkEyXkFqcGc@..jpg,0,0,0,0,0,0,0,0,1,0,0,0,0,0,0,0,0,0,0,https://www.imdb.com/title/tt0114272/?ref_=fn_ttl_ttl_1
278,Bed of Roses (1996),01-Jan-1996,https://m.media-amazon.com/images/M/MV5BZTE2NjhiZDYtNDRjNS00NDY4LWI3ZmMtMWQyY2FlMmIxYzRlXkEyXkFqcGc@..jpg,0,0,0,0,0,0,0,0,1,0,0,0,0,0,1,0,0,0,0,https://www.imdb.com/title/tt0115644/?ref_=fn_ttl_ttl_1
279,Once Upon a Time... When We Were Colored (1995),01-Jan-1995,https://m.media-amazon.com/images/M/MV5BYzlkNWFlYTQtMjFiMi00ZmViLTk2MjEtNTUwZjE3MzY1M2ZkXkEyXkFqcGc@..jpg,0,0,0,0,0,0,0,0,1,0,0,0,0,0,0,0,0,0,0,https://www.imdb.com/title/tt0114039/?ref_=fn_ttl_ttl_1
280,Up Close and Personal (1996),01-Mar-1996,https://m.media-amazon.com/images/M/MV5BMDA2ZjI2ZjAtNjAxOS00YmIxLTgwMWEtNzA5ZDBjM2M0OGY3XkEyXkFqcGc@..jpg,0,0,0,0,0,0,0,0,1,0,0,0,0,0,1,0,0,0,0,https://www.imdb.com/title/tt0118055/?ref_=fn_ttl_ttl_1
281,"River Wild, The (1994)",01-Jan-1994,https://m.media-amazon.com/images/M/MV5BMDYzNzEyYWYtZWNkYy00ZjVjLWI2ZjMtMjFjNGU3ZTZiNWQ0XkEyXkFqcGc@..jpg,0,1,0,0,0,0,0,0,0,0,0,0,0,0,0,0,1,0,0,https://www.imdb.com/title/tt0110997/?ref_=fn_ttl_ttl_1
282,"Time to Kill, A (1996)",13-Jul-1996,https://m.media-amazon.com/images/M/MV5BYmNiYzY1N2ItZDZiNC00ZGMyLWJlZjktZDE1MDI3NDBlYjE5XkEyXkFqcGc@..jpg,0,0,0,0,0,0,0,0,1,0,0,0,0,0,0,0,0,0,0,https://www.imdb.com/title/tt0117913/?ref_=fn_ttl_ttl_1
283,Emma (1996),02-Aug-1996,https://m.media-amazon.com/images/M/MV5BZTZlN2YyMjMtYTlhYy00YWZmLTg5YTUtN2MzYTVlNDlmN2FhXkEyXkFqcGc@..jpg,0,0,0,0,0,0,0,0,1,0,0,0,0,0,1,0,0,0,0,https://www.imdb.com/title/tt0116191/?ref_=fn_ttl_ttl_1
284,Tin Cup (1996),16-Aug-1996,https://m.media-amazon.com/images/M/MV5BZmU1YzE5MWEtMzc4MS00MzQ3LWEwMzYtMDg0ZTFlMmVhMzNiXkEyXkFqcGc@..jpg,0,0,0,0,0,1,0,0,0,0,0,0,0,0,1,0,0,0,0,https://www.imdb.com/title/tt0117918/?ref_=fn_ttl_ttl_1
285,Secrets & Lies (1996),04-Oct-1996,https://m.media-amazon.com/images/M/MV5BMTU5ZWJkN2MtNGQ1Yy00YjIwLWE1ODAtNTMxNGM5NmY2YTJmXkEyXkFqcGc@..jpg,0,0,0,0,0,0,0,0,1,0,0,0,0,0,0,0,0,0,0,https://www.imdb.com/title/tt0117589/?ref_=fn_ttl_ttl_1
286,"English Patient, The (1996)",15-Nov-1996,https://m.media-amazon.com/images/M/MV5BODg0NjdiN2UtZWY3MS00M2JmLTg1MDAtY2ZiNzNiMzAzYWFmXkEyXkFqcGc@..jpg,0,0,0,0,0,0,0,0,1,0,0,0,0,0,1,0,0,1,0,https://www.imdb.com/title/tt0116209/?ref_=fn_ttl_ttl_1
287,Marvin's Room (1996),18-Dec-1996,https://m.media-amazon.com/images/M/MV5BZjQzY2E4NjgtMGMwNC00NGQzLWE0ZDEtYzdkNzExMzViYTE3XkEyXkFqcGc@..jpg,0,0,0,0,0,0,0,0,1,0,0,0,0,0,0,0,0,0,0,https://www.imdb.com/title/tt0116999/?ref_=fn_ttl_ttl_1
288,Scream (1996),20-Dec-1996,https://m.media-amazon.com/images/M/MV5BMjA2NjU5MTg5OF5BMl5BanBnXkFtZTgwOTkyMzQxMDE@..jpg,0,0,0,0,0,0,0,0,0,0,0,1,0,0,0,0,1,0,0,https://www.imdb.com/title/tt0117571/?ref_=fn_ttl_ttl_1
289,Evita (1996),25-Dec-1996,https://m.media-amazon.com/images/M/MV5BODNjMWViYzUtMzk4ZC00NjU4LTlmNjItNzc1ZjRiZGE3Y2E1XkEyXkFqcGc@..jpg,0,0,0,0,0,0,0,0,1,0,0,0,1,0,0,0,0,0,0,https://www.imdb.com/title/tt0116250/?ref_=fn_ttl_ttl_1
290,Fierce Creatures (1997),10-Jan-1997,https://m.media-amazon.com/images/M/MV5BNzljY2RhYzAtNTBkZC00NTRmLWI2ODYtODhjNTNjMGI4N2Q3XkEyXkFqcGc@..jpg,0,0,0,0,0,1,0,0,0,0,0,0,0,0,0,0,0,0,0,https://www.imdb.com/title/tt0119115/?ref_=fn_ttl_ttl_1
291,Absolute Power (1997),14-Feb-1997,https://m.media-amazon.com/images/M/MV5BMTZkNzU2YmItNmVmMC00OTM2LTg2YTEtOTk0MWRlNWY3NDIxXkEyXkFqcGc@..jpg,0,0,0,0,0,0,0,0,0,0,0,0,0,1,0,0,1,0,0,https://www.imdb.com/title/tt0118548/?ref_=nv_sr_srsg_0_tt_8_nm_0_in_0_q_absolute%2520powe
292,Rosewood (1997),21-Feb-1997,https://m.media-amazon.com/images/M/MV5BYTcwOTAyMzgtMzE3Mi00NTlkLWI4MjQtM2ZlYTdlYjYzOWQ1XkEyXkFqcGc@..jpg,0,0,0,0,0,0,0,0,1,0,0,0,0,0,0,0,0,0,0,https://www.imdb.com/title/tt0120036/?ref_=fn_ttl_ttl_1
293,Donnie Brasco (1997),28-Feb-1997,https://m.media-amazon.com/images/M/MV5BZWZkNDA2YTctZWJhZS00OTAzLThlODMtY2QyMzg1MTEwYjU2XkEyXkFqcGc@..jpg,0,0,0,0,0,0,1,0,1,0,0,0,0,0,0,0,0,0,0,https://www.imdb.com/title/tt0119008/?ref_=fn_ttl_ttl_1
294,Liar Liar (1997),21-Mar-1997,https://m.media-amazon.com/images/M/MV5BMGQ4MTk5YjctNGE5NC00ODk4LWIzOWItNzNhODc0N2JmYzMzXkEyXkFqcGc@..jpg,0,0,0,0,0,1,0,0,0,0,0,0,0,0,0,0,0,0,0,https://www.imdb.com/title/tt0119528/?ref_=fn_ttl_ttl_1
295,Breakdown (1997),02-May-1997,https://m.media-amazon.com/images/M/MV5BMjhiODJmOWQtNGYwZi00NjFmLWFiNTMtZjZhNTJiMTJmNjhjXkEyXkFqcGc@..jpg,0,1,0,0,0,0,0,0,0,0,0,0,0,0,0,0,1,0,0,https://www.imdb.com/title/tt0118771/?ref_=fn_ttl_ttl_1
296,"Promesse, La (1996)",16-May-1997,https://m.media-amazon.com/images/M/MV5BMTZlZGU3YzQtNWQwMy00YzJiLWFhZDMtMzg2MjUzMDY1MTEzXkEyXkFqcGc@..jpg,0,0,0,0,0,0,0,0,1,0,0,0,0,0,0,0,0,0,0,https://www.imdb.com/title/tt0117398/?ref_=fn_ttl_ttl_1
297,Ulee's Gold (1997),01-Jan-1997,https://m.media-amazon.com/images/M/MV5BMjE4NjY3NzA0OF5BMl5BanBnXkFtZTcwMDQ3Mjg3NA@@..jpg,0,0,0,0,0,0,0,0,1,0,0,0,0,0,0,0,0,0,0,https://www.imdb.com/title/tt0120402/?ref_=fn_ttl_ttl_1
298,Face/Off (1997),27-Jun-1997,https://m.media-amazon.com/images/M/MV5BOGQyOWNmYTgtZWY0NS00NzhjLTg3NmMtMzcwYzQ2OTA2OTJkXkEyXkFqcGc@..jpg,0,1,0,0,0,0,0,0,0,0,0,0,0,0,0,1,1,0,0,https://www.imdb.com/title/tt0119094/?ref_=fn_ttl_ttl_1
299,Hoodlum (1997),22-Aug-1997,https://m.media-amazon.com/images/M/MV5BOGZlNDE0ZDUtZmM3Ny00M2Q4LWI5NzQtZGJhMWQ4Y2FiY2E3XkEyXkFqcGc@..jpg,0,0,0,0,0,0,1,0,1,0,1,0,0,0,0,0,0,0,0,https://www.imdb.com/title/tt0119311/?ref_=fn_ttl_ttl_1
300,Air Force One (1997),01-Jan-1997,https://m.media-amazon.com/images/M/MV5BOTVlYmFhZjktOTA2ZC00Y2YzLWFmNDMtZGU2YzBkNGZkODY4XkEyXkFqcGc@..jpg,0,1,0,0,0,0,0,0,0,0,0,0,0,0,0,0,1,0,0,https://www.imdb.com/title/tt0118571/?ref_=fn_ttl_ttl_1
301,In & Out (1997),19-Sep-1997,https://m.media-amazon.com/images/M/MV5BODFjMDhjOTctNWY3ZS00ZjU4LTk0N2ItODUyYjM3NmNkYmY3XkEyXkFqcGc@..jpg,0,0,0,0,0,1,0,0,0,0,0,0,0,0,0,0,0,0,0,https://www.imdb.com/title/tt0119360/?ref_=fn_ttl_ttl_1
302,L.A. Confidential (1997),01-Jan-1997,https://m.media-amazon.com/images/M/MV5BODdiMjY1OGYtNDk0NC00NGQ1LWI4MDItOTJhMTM0YjE1YTAzXkEyXkFqcGc@..jpg,0,0,0,0,0,0,1,0,0,0,1,0,0,1,0,0,1,0,0,https://www.imdb.com/title/tt0119488/?ref_=fn_ttl_ttl_1
303,Ulee's Gold (1997),01-Jan-1997,https://m.media-amazon.com/images/M/MV5BMjE4NjY3NzA0OF5BMl5BanBnXkFtZTcwMDQ3Mjg3NA@@..jpg,0,0,0,0,0,0,0,0,1,0,0,0,0,0,0,0,0,0,0,https://www.imdb.com/title/tt0120402/?ref_=fn_ttl_ttl_1
304,Fly Away Home (1996),13-Sep-1996,https://m.media-amazon.com/images/M/MV5BNWQwYmJjNDgtOGU2MS00MzRmLTgyZmMtMTRjNWQ4ODFjMTBiXkEyXkFqcGc@..jpg,0,0,1,0,1,0,0,0,0,0,0,0,0,0,0,0,0,0,0,https://www.imdb.com/title/tt0116329/?ref_=fn_ttl_ttl_1
305,"Ice Storm, The (1997)",01-Jan-1997,https://m.media-amazon.com/images/M/MV5BMzljZTk2MzMtOTAwNi00MTBlLWI0ODYtODgwYTE4NmM1YWIwXkEyXkFqcGc@..jpg,0,0,0,0,0,0,0,0,1,0,0,0,0,0,0,0,0,0,0,https://www.imdb.com/title/tt0119349/?ref_=fn_ttl_ttl_1
306,"Mrs. Brown (Her Majesty, Mrs. Brown) (1997)",01-Jan-1997,https://m.media-amazon.com/images/M/MV5BNDU0ZTYzNDYtYTI5Ni00MDVlLTkwZWItZGQ2MjhjNzU2NmRhXkEyXkFqcGc@..jpg,0,0,0,0,0,0,0,0,1,0,0,0,0,0,1,0,0,0,0,https://www.imdb.com/title/tt0119280/?ref_=fn_ttl_ttl_1
307,"Devil's Advocate, The (1997)",01-Jan-1997,https://m.media-amazon.com/images/M/MV5BNGIxZmU2ZjEtYjc3OC00Y2FiLWE2ZTQtZGI3NzE0YmRhOTMxXkEyXkFqcGc@..jpg,0,0,0,0,0,0,1,0,0,0,0,1,0,1,0,0,1,0,0,https://www.imdb.com/title/tt0118971/?ref_=fn_ttl_ttl_1
308,FairyTale: A True Story (1997),01-Jan-1997,https://m.media-amazon.com/images/M/MV5BMjE3ZWIyOGYtMDhjNS00ZTk2LTllOGYtMzE2NWFlNzljYTYzXkEyXkFqcGc@..jpg,0,0,0,0,1,0,0,0,1,1,0,0,0,0,0,0,0,0,0,https://www.imdb.com/title/tt0119095/?ref_=fn_ttl_ttl_1
309,Deceiver (1997),01-Jan-1997,https://m.media-amazon.com/images/M/MV5BMTgyMDk1NjQyM15BMl5BanBnXkFtZTgwODYzMzgwMzE@..jpg,0,0,0,0,0,0,1,0,0,0,0,0,0,0,0,0,0,0,0,https://www.imdb.com/title/tt0119527/?ref_=fn_ttl_ttl_1
310,"Rainmaker, The (1997)",01-Jan-1997,https://m.media-amazon.com/images/M/MV5BNDY3ZjBjNjAtMjJiMS00MGI5LTk3ZDItNDcxYjI4Y2MyN2RhXkEyXkFqcGc@..jpg,0,0,0,0,0,0,0,0,1,0,0,0,0,0,0,0,0,0,0,https://www.imdb.com/title/tt0119978/?ref_=fn_ttl_ttl_1
311,"Wings of the Dove, The (1997)",01-Jan-1997,https://m.media-amazon.com/images/M/MV5BYjZhNzIyMzItYjliMC00NmViLWExYjMtZTk2NWY1Y2Q1NTY2XkEyXkFqcGc@..jpg,0,0,0,0,0,0,0,0,1,0,0,0,0,0,1,0,1,0,0,https://www.imdb.com/title/tt0120520/?ref_=fn_ttl_ttl_1
312,Midnight in the Garden of Good and Evil (1997),01-Jan-1997,https://m.media-amazon.com/images/M/MV5BNGQzOWM5OTItZDVkMi00YTA3LThiMGUtNTdiZDMwOWVlMjUxXkEyXkFqcGc@..jpg,0,0,0,0,0,1,1,0,1,0,0,0,0,1,0,0,0,0,0,https://www.imdb.com/title/tt0119668/?ref_=fn_ttl_ttl_1
313,Titanic (1997),01-Jan-1997,https://m.media-amazon.com/images/M/MV5BYzYyN2FiZmUtYWYzMy00MzViLWJkZTMtOGY1ZjgzNWMwN2YxXkEyXkFqcGc@..jpg,0,1,0,0,0,0,0,0,1,0,0,0,0,0,1,0,0,0,0,https://www.imdb.com/title/tt0120338/?ref_=fn_ttl_ttl_1
314,3 Ninjas: High Noon At Mega Mountain (1998),01-Jan-1997,https://m.media-amazon.com/images/M/MV5BYjc4N2Y4MDEtYzdiNS00ODk1LTliNDktMDgzZjhkYzE4M2Y2XkEyXkFqcGc@..jpg,0,1,0,0,1,0,0,0,0,0,0,0,0,0,0,0,0,0,0,https://www.imdb.com/title/tt0118539/?ref_=fn_ttl_ttl_1
315,Apt Pupil (1998),23-Oct-1998,https://m.media-amazon.com/images/M/MV5BZmMzOWM4NGQtMjBhZS00YmIxLTkwOTAtY2U0MmFjNWY0NTczXkEyXkFqcGc@..jpg,0,0,0,0,0,0,0,0,1,0,0,0,0,0,0,0,1,0,0,https://www.imdb.com/title/tt0118636/?ref_=fn_ttl_ttl_1
316,As Good As It Gets (1997),23-Dec-1997,https://m.media-amazon.com/images/M/MV5BMzBiMWJhYmQtOWYzNS00NjgxLWE5NDItNzZlZDQwODBmODNjXkEyXkFqcGc@..jpg,0,0,0,0,0,1,0,0,1,0,0,0,0,0,0,0,0,0,0,https://www.imdb.com/title/tt0119822/?ref_=fn_ttl_ttl_1
317,In the Name of the Father (1993),01-Jan-1993,https://m.media-amazon.com/images/M/MV5BMGZiZDVjNzYtZWM4ZC00MzVkLThhNDEtMDJlOTBhYzVjMmNhXkEyXkFqcGc@..jpg,0,0,0,0,0,0,0,0,1,0,0,0,0,0,0,0,0,0,0,https://www.imdb.com/title/tt0107207/?ref_=fn_ttl_ttl_1
318,Schindler's List (1993),01-Jan-1993,https://m.media-amazon.com/images/M/MV5BNjM1ZDQxYWUtMzQyZS00MTE1LWJmZGYtNGUyNTdlYjM3ZmVmXkEyXkFqcGc@..jpg,0,0,0,0,0,0,0,0,1,0,0,0,0,0,0,0,0,1,0,https://www.imdb.com/title/tt0108052/?ref_=fn_ttl_ttl_1
319,Everyone Says I Love You (1996),06-Dec-1996,https://m.media-amazon.com/images/M/MV5BZTVlNmFjNTItNjljOC00ZTkwLTk1ZGUtYmIzN2QwNThhM2E1XkEyXkFqcGc@..jpg,0,0,0,0,0,1,0,0,0,0,0,0,1,0,1,0,0,0,0,https://www.imdb.com/title/tt0116242/?ref_=fn_ttl_ttl_1
320,Paradise Lost: The Child Murders at Robin Hood Hills (1996),06-Dec-1996,https://m.media-amazon.com/images/M/MV5BNTVhODM4NDgtZDNhMy00M2VhLTkyOTAtMjFkNGQ4ZTIwMWRlXkEyXkFqcGc@..jpg,0,0,0,0,0,0,0,1,0,0,0,0,0,0,0,0,0,0,0,https://www.imdb.com/title/tt0117293/?ref_=fn_ttl_ttl_1
321,Mother (1996),25-Dec-1996,https://m.media-amazon.com/images/M/MV5BYzJlZjE5YTQtMmFhNC00NWE2LTlhNzctYWM1M2ZlOGY3YjE5XkEyXkFqcGc@..jpg,0,0,0,0,0,1,0,0,0,0,0,0,0,0,0,0,0,0,0,https://www.imdb.com/title/tt0117091/?ref_=fn_ttl_ttl_1
322,Murder at 1600 (1997),18-Apr-1997,https://m.media-amazon.com/images/M/MV5BN2RhNDM3OGItYzA2Yy00OTMyLWFmM2MtNzA0NzU5MGUwNzI0XkEyXkFqcGc@..jpg,0,0,0,0,0,0,0,0,0,0,0,0,0,1,0,0,1,0,0,https://www.imdb.com/title/tt0119731/?ref_=fn_ttl_ttl_1
323,Dante's Peak (1997),07-Feb-1997,https://m.media-amazon.com/images/M/MV5BNmZmZGQ1YmEtZGI1My00NDU1LTk5ODUtODM1ZTRlOTYyMmU3XkEyXkFqcGc@..jpg,0,1,0,0,0,0,0,0,0,0,0,0,0,0,0,0,1,0,0,https://www.imdb.com/title/tt0118928/?ref_=fn_ttl_ttl_1
324,Lost Highway (1997),21-Feb-1997,https://m.media-amazon.com/images/M/MV5BNjcyNmM2ODktYzk0Mi00Njk0LTljZGMtNGZhMzI4NmY1NzA1XkEyXkFqcGc@..jpg,0,0,0,0,0,0,0,0,0,0,0,0,0,1,0,0,0,0,0,https://www.imdb.com/title/tt0116922/?ref_=fn_ttl_ttl_1
325,Crash (1996),21-Mar-1997,https://m.media-amazon.com/images/M/MV5BMWQyNTUwNGMtOWUwZi00ODdjLWE3MDQtYzc0NjYzNjk2YWY4XkEyXkFqcGc@..jpg,0,0,0,0,0,0,0,0,1,0,0,0,0,0,0,0,1,0,0,https://www.imdb.com/title/tt0115964/?ref_=fn_ttl_ttl_1
326,G.I. Jane (1997),01-Jan-1997,https://m.media-amazon.com/images/M/MV5BMWY5OTllYzYtYjRmMS00ZmU5LTg0NmEtMzBjMDFmNDdhZGI1XkEyXkFqcGc@..jpg,0,1,0,0,0,0,0,0,1,0,0,0,0,0,0,0,0,1,0,https://www.imdb.com/title/tt0119173/?ref_=fn_ttl_ttl_1
327,Cop Land (1997),01-Jan-1997,https://m.media-amazon.com/images/M/MV5BNWVjN2IzYjctMDRlNy00YzlhLTlmZmMtNWYxNzVjN2E2NDg2XkEyXkFqcGc@..jpg,0,0,0,0,0,0,1,0,1,0,0,0,0,1,0,0,0,0,0,https://www.imdb.com/title/tt0118887/?ref_=fn_ttl_ttl_1
328,Conspiracy Theory (1997),08-Aug-1997,https://m.media-amazon.com/images/M/MV5BMjQ1MTYxMzA4OF5BMl5BanBnXkFtZTgwNjg2NTM1MTI@..jpg,0,1,0,0,0,0,0,0,0,0,0,0,0,1,1,0,1,0,0,https://www.imdb.com/title/tt0118883/?ref_=fn_ttl_ttl_1
329,Desperate Measures (1998),30-Jan-1998,https://m.media-amazon.com/images/M/MV5BZTI4YzJiYTEtYmJmNS00YjNhLWI0MTktOWYxYjZjNWVkNzJmXkEyXkFqcGc@..jpg,0,0,0,0,0,0,1,0,1,0,0,0,0,0,0,0,1,0,0,https://www.imdb.com/title/tt0118966/?ref_=fn_ttl_ttl_1
330,187 (1997),01-Jan-1997,https://m.media-amazon.com/images/M/MV5BNGRjM2EyZWYtYzY3NS00MWZlLWEwNzktMGE1YTg2NTUwZmZkXkEyXkFqcGc@..jpg,0,0,0,0,0,0,0,0,1,0,0,0,0,0,0,0,0,0,0,https://www.imdb.com/title/tt0118531/?ref_=fn_ttl_ttl_1
331,"Edge, The (1997)",26-Sep-1997,https://m.media-amazon.com/images/M/MV5BOWY5NjgyMGUtZGVjNy00YmE0LWIzNTItOTJkZTcxYzNjZDA3XkEyXkFqcGc@..jpg,0,0,1,0,0,0,0,0,0,0,0,0,0,0,0,0,1,0,0,https://www.imdb.com/title/tt0119051/?ref_=fn_ttl_ttl_1
332,Kiss the Girls (1997),01-Jan-1997,https://m.media-amazon.com/images/M/MV5BZGMyYzdlYTUtNjcwNi00ZDE0LWEwNDEtN2EyMGE3OWM3Zjg0XkEyXkFqcGc@..jpg,0,0,0,0,0,0,1,0,1,0,0,0,0,0,0,0,1,0,0,https://www.imdb.com/title/tt0119468/?ref_=fn_ttl_ttl_1
333,"Game, The (1997)",01-Jan-1997,https://m.media-amazon.com/images/M/MV5BNGUzNzQwNmMtNzI3Mi00ZDIwLWJlM2ItMTA5N2Q2ZDMxMjJiXkEyXkFqcGc@..jpg,0,0,0,0,0,0,0,0,0,0,0,0,0,1,0,0,1,0,0,https://www.imdb.com/title/tt0119174/?ref_=fn_ttl_ttl_1
334,U Turn (1997),01-Jan-1997,https://m.media-amazon.com/images/M/MV5BNDdkNzFmMmItNTNkOS00MzJkLTg4MjItN2Q4ZDQ1ZWI3YWUxXkEyXkFqcGc@..jpg,0,1,0,0,0,0,1,0,0,0,0,0,0,1,0,0,0,0,0,https://www.imdb.com/title/tt0120399/?ref_=fn_ttl_ttl_1
335,How to Be a Player (1997),01-Jan-1997,https://m.media-amazon.com/images/M/MV5BNGVlNGVkMDgtMmMzYy00OWM4LThjMjYtMDczMmYwYzMxZWVjXkEyXkFqcGc@..jpg,0,0,0,0,0,1,0,0,0,0,0,0,0,0,0,0,0,0,0,https://www.imdb.com/title/tt0119326/?ref_=fn_ttl_ttl_1
336,Playing God (1997),01-Jan-1997,https://m.media-amazon.com/images/M/MV5BZjAwNWI1NTctYWUyMy00MDFjLTg5YTktNDQ5OGJkNDE0MjQ4XkEyXkFqcGc@..jpg,0,0,0,0,0,0,1,0,0,0,0,0,0,0,0,0,1,0,0,https://www.imdb.com/title/tt0119906/?ref_=fn_ttl_ttl_1
337,"House of Yes, The (1997)",01-Jan-1997,https://m.media-amazon.com/images/M/MV5BMjI5MjMxNzYxOF5BMl5BanBnXkFtZTgwNDQ4MzMzNzE@..jpg,0,0,0,0,0,1,0,0,1,0,0,0,0,0,0,0,1,0,0,https://www.imdb.com/title/tt0119324/?ref_=fn_ttl_ttl_1
338,Bean (1997),01-Jan-1997,https://m.media-amazon.com/images/M/MV5BYjJiMmNlNGItOGQyOC00ZDczLWEzODYtYmM2MTE1YTczYzA0XkEyXkFqcGc@..jpg,0,0,0,0,0,1,0,0,0,0,0,0,0,0,0,0,0,0,0,https://www.imdb.com/title/tt0118689/?ref_=fn_ttl_ttl_1
339,Mad City (1997),01-Jan-1997,https://m.media-amazon.com/images/M/MV5BODAyZWFhOTgtMjNmMS00N2ZiLTk4NTItZTE0YTFiZmVhYjRhXkEyXkFqcGc@..jpg,0,1,0,0,0,0,0,0,1,0,0,0,0,0,0,0,0,0,0,https://www.imdb.com/title/tt0119592/?ref_=fn_ttl_ttl_1
340,Boogie Nights (1997),01-Jan-1997,https://m.media-amazon.com/images/M/MV5BOTFmZmE4OTMtNDYxNi00MmZmLThlYjktMmExMzMwY2YzOTFiXkEyXkFqcGc@..jpg,0,0,0,0,0,0,0,0,1,0,0,0,0,0,0,0,0,0,0,https://www.imdb.com/title/tt0118749/?ref_=fn_ttl_ttl_1
341,Critical Care (1997),01-Jan-1997,https://m.media-amazon.com/images/M/MV5BYzI4NjQ0OGQtNWQ4Ni00NGNjLTkyNDUtNDY2ZTcyM2U4OGRjXkEyXkFqcGc@..jpg,0,0,0,0,0,1,0,0,0,0,0,0,0,0,0,0,0,0,0,https://www.imdb.com/title/tt0118901/?ref_=fn_ttl_ttl_1
342,"Man Who Knew Too Little, The (1997)",01-Jan-1997,https://m.media-amazon.com/images/M/MV5BMmM3YmJhZTktODY3OS00MWZlLWEyMDMtYjIxZjZiNjZiMTIxXkEyXkFqcGc@..jpg,0,0,0,0,0,1,0,0,0,0,0,0,0,1,0,0,0,0,0,https://www.imdb.com/title/tt0120483/?ref_=fn_ttl_ttl_1
343,Alien: Resurrection (1997),01-Jan-1997,https://m.media-amazon.com/images/M/MV5BNDMyNmU5ZGQtNzhiZi00NjRjLTk3NGUtMmQ5YWU4ODlkNTBhXkEyXkFqcGc@..jpg,0,1,0,0,0,0,0,0,0,0,0,1,0,0,0,1,0,0,0,https://www.imdb.com/title/tt0118583/?ref_=fn_ttl_ttl_1
344,"Apostle, The (1997)",18-Dec-1997,https://m.media-amazon.com/images/M/MV5BZTM3OTg3ZTYtNzBhYS00YTQ0LWJjNDMtNmU5MGFiYTBkYTFmXkEyXkFqcGc@..jpg,0,0,0,0,0,0,0,0,1,0,0,0,0,0,0,0,0,0,0,https://www.imdb.com/title/tt0118632/?ref_=fn_ttl_ttl_1
345,Deconstructing Harry (1997),01-Jan-1997,https://m.media-amazon.com/images/M/MV5BNDEyMzNhZTQtMmJkNC00ZWRkLWE1YjEtNzRkZGY5YWFiZmVjXkEyXkFqcGc@..jpg,0,0,0,0,0,1,0,0,1,0,0,0,0,0,0,0,0,0,0,https://www.imdb.com/title/tt0118954/?ref_=fn_ttl_ttl_1
346,Jackie Brown (1997),01-Jan-1997,https://m.media-amazon.com/images/M/MV5BZmUxZjY3MDktNGI5NS00MTQ5LWE0YWItZWQzNmZhNjhkZDYyXkEyXkFqcGc@..jpg,0,0,0,0,0,0,1,0,1,0,0,0,0,0,0,0,0,0,0,https://www.imdb.com/title/tt0119396/?ref_=fn_ttl_ttl_1
347,Wag the Dog (1997),09-Jan-1998,https://m.media-amazon.com/images/M/MV5BNmEwNzk5ZTYtNGUzOC00ZThjLTk3NGYtMDQ5MzNiYzQ0ZTNkXkEyXkFqcGc@..jpg,0,0,0,0,0,1,0,0,1,0,0,0,0,0,0,0,0,0,0,https://www.imdb.com/title/tt0120885/?ref_=fn_ttl_ttl_1
348,Desperate Measures (1998),30-Jan-1998,https://m.media-amazon.com/images/M/MV5BZTI4YzJiYTEtYmJmNS00YjNhLWI0MTktOWYxYjZjNWVkNzJmXkEyXkFqcGc@..jpg,0,0,0,0,0,0,1,0,1,0,0,0,0,0,0,0,1,0,0,https://www.imdb.com/title/tt0118966/?ref_=fn_ttl_ttl_1
349,Hard Rain (1998),16-Jan-1998,https://m.media-amazon.com/images/M/MV5BNmYzOGJiZGYtMzI2Zi00MzVmLWFiYmItNDA0ZDg4NDYzY2E0XkEyXkFqcGc@..jpg,0,1,0,0,0,0,0,0,0,0,0,0,0,0,0,0,1,0,0,https://www.imdb.com/title/tt0120696/?ref_=fn_ttl_ttl_1
350,Fallen (1998),16-Jan-1998,https://m.media-amazon.com/images/M/MV5BNWQ5Zjg2ZjMtYThjMC00YmU5LWIxNGYtM2Y3MTg5OGRiNDkwXkEyXkFqcGc@..jpg,0,1,0,0,0,0,0,0,0,0,0,0,0,1,0,0,1,0,0,https://www.imdb.com/title/tt0119099/?ref_=fn_ttl_ttl_1
351,"Prophecy II, The (1998)",16-Jan-1998,https://m.media-amazon.com/images/M/MV5BMGE5NTBlN2ItMGIzYy00MWVjLTllZDQtODI0NzM5M2UyMWNhXkEyXkFqcGc@..jpg,0,0,0,0,0,0,0,0,0,0,0,1,0,0,0,0,0,0,0,https://www.imdb.com/title/tt0233336/?ref_=fn_ttl_ttl_1
352,Spice World (1997),01-Jan-1997,https://m.media-amazon.com/images/M/MV5BZTllNGQ2MDktNWVmZC00OGU3LTk0NjctODcxMDFiYmIwYmU2XkEyXkFqcGc@..jpg,0,0,0,0,0,1,0,0,0,0,0,0,1,0,0,0,0,0,0,https://www.imdb.com/title/tt0120185/?ref_=fn_ttl_ttl_1
353,Deep Rising (1998),30-Jan-1998,https://m.media-amazon.com/images/M/MV5BNGY3MmNiZTgtMmY0OS00NmNjLWI0MjAtNDVjYTNlNWQwZGE1XkEyXkFqcGc@..jpg,0,1,0,0,0,0,0,0,0,0,0,1,0,0,0,1,0,0,0,https://www.imdb.com/title/tt0118956/?ref_=fn_ttl_ttl_1
354,"Wedding Singer, The (1998)",13-Feb-1998,https://m.media-amazon.com/images/M/MV5BNjU5MGYxNGMtMWZjNC00ZGYxLWIzY2YtNWExNDFlNmQwYzU0XkEyXkFqcGc@..jpg,0,0,0,0,0,1,0,0,0,0,0,0,0,0,1,0,0,0,0,https://www.imdb.com/title/tt0120888/?ref_=fn_ttl_ttl_1
355,Sphere (1998),13-Feb-1998,https://m.media-amazon.com/images/M/MV5BNmJiZDZiMGQtYzU3My00ZGEyLThiNDctMTA0MDFmYjAzNmUzXkEyXkFqcGc@..jpg,0,0,1,0,0,0,0,0,0,0,0,0,0,0,0,1,1,0,0,https://www.imdb.com/title/tt0120184/?ref_=fn_ttl_ttl_1
356,"Client, The (1994)",01-Jan-1994,https://m.media-amazon.com/images/M/MV5BNWQzNGEyODctZGY4My00ZjA3LWI0OWUtMWQ3NzVkMzQyN2ZjXkEyXkFqcGc@..jpg,0,0,0,0,0,0,0,0,1,0,0,0,0,1,0,0,1,0,0,https://www.imdb.com/title/tt0109446/?ref_=fn_ttl_ttl_1
357,One Flew Over the Cuckoo's Nest (1975),01-Jan-1975,https://m.media-amazon.com/images/M/MV5BYjBkMjgzMzYtNzRiMS00NDc3LWE4YTUtZjYxYjZhNjNhYzhhXkEyXkFqcGc@..jpg,0,0,0,0,0,0,0,0,1,0,0,0,0,0,0,0,0,0,0,https://www.imdb.com/title/tt0073486/?ref_=fn_ttl_ttl_1
358,Spawn (1997),01-Aug-1997,https://m.media-amazon.com/images/M/MV5BODhmNzA4ZjEtMTE2YS00ZTY2LThlMjEtZTdiZTM2NmY4MDJmXkEyXkFqcGc@..jpg,0,1,1,0,0,0,0,0,0,0,0,0,0,0,0,1,1,0,0,https://www.imdb.com/title/tt0120177/?ref_=fn_ttl_ttl_1
359,"Assignment, The (1997)",01-Jan-1997,https://m.media-amazon.com/images/M/MV5BMTc2OTc0MjktY2I1Mi00YzMwLTk3OTItZWQ2OTE0NGQ2ZmU4XkEyXkFqcGc@..jpg,0,0,0,0,0,0,0,0,0,0,0,0,0,0,0,0,1,0,0,https://www.imdb.com/title/tt0118647/?ref_=fn_ttl_ttl_1
360,Wonderland (1997),01-Jan-1997,https://m.media-amazon.com/images/M/MV5BYjkwYTEzZDctY2YyNi00NTI1LTljZTktYzk4ZGRjMWY5YWJiXkEyXkFqcGc@..jpg,0,0,0,0,0,0,0,1,0,0,0,0,0,0,0,0,0,0,0,https://www.imdb.com/title/tt0120529/?ref_=fn_ttl_ttl_1
361,Incognito (1997),01-Jan-1997,https://m.media-amazon.com/images/M/MV5BMTljMmZjYmQtM2NlMi00MThiLWI0NjgtNWEwZDVjODNjODg1XkEyXkFqcGc@..jpg,0,0,0,0,0,0,1,0,0,0,0,0,0,0,0,0,1,0,0,https://www.imdb.com/title/tt0119365/?ref_=fn_ttl_ttl_1
362,Blues Brothers 2000 (1998),06-Feb-1998,https://m.media-amazon.com/images/M/MV5BMTkxZmMxODMtODBkYy00MTg0LWI2MjctMTQzNmRiMDY0OTZkXkEyXkFqcGc@..jpg,0,1,0,0,0,1,0,0,0,0,0,0,1,0,0,0,0,0,0,https://www.imdb.com/title/tt0118747/?ref_=fn_ttl_ttl_1
363,Sudden Death (1995),01-Jan-1995,https://m.media-amazon.com/images/M/MV5BZmUwYmQ1MGYtNDk4MC00YjkyLTg2YTktZmE3NmZkZDY2MGE1XkEyXkFqcGc@..jpg,0,1,0,0,0,0,0,0,0,0,0,0,0,0,0,0,0,0,0,https://www.imdb.com/title/tt0114576/?ref_=fn_ttl_ttl_1
364,Ace Ventura: When Nature Calls (1995),01-Jan-1995,https://m.media-amazon.com/images/M/MV5BMjk3ZDUwYTMtYmQyYy00NTg1LWExOTItNTcxODM3NDZiNjMyXkEyXkFqcGc@..jpg,0,0,0,0,0,1,0,0,0,0,0,0,0,0,0,0,0,0,0,https://www.imdb.com/title/tt0112281/?ref_=fn_ttl_ttl_1
365,Powder (1995),01-Jan-1995,https://m.media-amazon.com/images/M/MV5BYzBmZjgyNWQtOWYzNS00NTg2LWJjZDktYzE4YTMzMjNiZWVkXkEyXkFqcGc@..jpg,0,0,0,0,0,0,0,0,1,0,0,0,0,0,0,0,0,0,0,https://www.imdb.com/title/tt0114168/?ref_=fn_ttl_ttl_1
366,Dangerous Minds (1995),01-Jan-1995,https://m.media-amazon.com/images/M/MV5BODc5ZDI2ZDYtYjZiMy00MzZjLWEwNWUtNTljNDEwYWQ3YjQ5XkEyXkFqcGc@..jpg,0,0,0,0,0,0,0,0,1,0,0,0,0,0,0,0,0,0,0,https://www.imdb.com/title/tt0112792/?ref_=fn_ttl_ttl_1
367,Clueless (1995),01-Jan-1995,https://m.media-amazon.com/images/M/MV5BMTgwYjQ1NDktOTcwNi00MWZhLTliYWQtZDg5NjZhY2U5ZTNlXkEyXkFqcGc@..jpg,0,0,0,0,0,1,0,0,0,0,0,0,0,0,0,0,0,0,0,https://www.imdb.com/title/tt0112697/?ref_=fn_ttl_ttl_1
368,Bio-Dome (1996),01-Jan-1996,https://m.media-amazon.com/images/M/MV5BNGMxNGI5YWEtNzI5Yi00ZmY0LTk2NWQtMjk3MTRlNGZmMmQ1XkEyXkFqcGc@..jpg,0,0,0,0,0,1,0,0,0,0,0,0,0,0,0,0,0,0,0,https://www.imdb.com/title/tt0115683/?ref_=fn_ttl_ttl_1
369,Black Sheep (1996),02-Feb-1996,https://m.media-amazon.com/images/M/MV5BOTYyMWE0MDUtMjkwZi00ZDNiLTg0MjUtZWQ5ZjMxNzA1N2ZjXkEyXkFqcGc@..jpg,0,0,0,0,0,1,0,0,0,0,0,0,0,0,0,0,0,0,0,https://www.imdb.com/title/tt0115697/?ref_=fn_ttl_ttl_1
370,Mary Reilly (1996),23-Feb-1996,https://m.media-amazon.com/images/M/MV5BZmNhMzlkYTUtZWUyYS00MGZlLTkwMmMtYTA3MWNkMTA3MjdlXkEyXkFqcGc@..jpg,0,0,0,0,0,0,0,0,1,0,0,0,0,0,0,0,1,0,0,https://www.imdb.com/title/tt0117002/?ref_=fn_ttl_ttl_1
371,"Bridges of Madison County, The (1995)",09-Feb-1996,https://m.media-amazon.com/images/M/MV5BODBlMjVmOGYtZjY0Mi00MDgzLWE3MDYtNDk5ZmE1OGNkMGZjXkEyXkFqcGc@..jpg,0,0,0,0,0,0,0,0,1,0,0,0,0,0,1,0,0,0,0,https://www.imdb.com/title/tt0112579/?ref_=fn_ttl_ttl_1
372,Jeffrey (1995),01-Jan-1995,https://m.media-amazon.com/images/M/MV5BODZjNzc1Y2MtZWE1NC00ZjU3LWJkZGMtMTExNGY3NzczMzYxXkEyXkFqcGc@..jpg,0,0,0,0,0,1,0,0,0,0,0,0,0,0,0,0,0,0,0,https://www.imdb.com/title/tt0113464/?ref_=fn_ttl_ttl_1
373,Judge Dredd (1995),01-Jan-1995,https://m.media-amazon.com/images/M/MV5BZWM0MjExNzMtNGJkMy00MDNhLTlkOTctNDFiYzVjNTVmNGFjXkEyXkFqcGc@..jpg,0,1,1,0,0,0,0,0,0,0,0,0,0,0,0,1,0,0,0,https://www.imdb.com/title/tt0113492/?ref_=fn_ttl_ttl_1
374,Mighty Morphin Power Rangers: The Movie (1995),01-Jan-1995,https://m.media-amazon.com/images/M/MV5BOTBkODkyNTYtOTkxNC00NDA5LThmODAtMTAzNzg0ODE3ZDEwXkEyXkFqcGc@..jpg,0,1,0,0,1,0,0,0,0,0,0,0,0,0,0,0,0,0,0,https://www.imdb.com/title/tt0113820/?ref_=fn_ttl_ttl_1
375,Showgirls (1995),01-Jan-1995,https://m.media-amazon.com/images/M/MV5BNzcyMjExNjg3OF5BMl5BanBnXkFtZTgwOTY4Mjc1MDE@..jpg,0,0,0,0,0,0,0,0,1,0,0,0,0,0,0,0,0,0,0,https://www.imdb.com/title/tt0114436/?ref_=fn_ttl_ttl_1
376,Houseguest (1994),01-Jan-1994,https://m.media-amazon.com/images/M/MV5BMDgyNDBlODAtOTE3My00YTM4LTg0OGEtNmQzZDg2MjZkMGQxXkEyXkFqcGc@..jpg,0,0,0,0,0,1,0,0,0,0,0,0,0,0,0,0,0,0,0,https://www.imdb.com/title/tt0110066/?ref_=fn_ttl_ttl_1
377,Heavyweights (1994),01-Jan-1994,https://m.media-amazon.com/images/M/MV5BYjVmZDg0OTAtN2QwZC00NmI0LTllY2QtOWFlOThlODdkZGIwXkEyXkFqcGc@..jpg,0,0,0,0,1,1,0,0,0,0,0,0,0,0,0,0,0,0,0,https://www.imdb.com/title/tt0110006/?ref_=fn_ttl_ttl_1
378,Miracle on 34th Street (1994),01-Jan-1994,https://m.media-amazon.com/images/M/MV5BMzA2YjU3NjUtZDNiOS00ZjY2LThjOTYtYjQ1MGM4MTk4YzZjXkEyXkFqcGc@..jpg,0,0,0,0,0,0,0,0,1,0,0,0,0,0,0,0,0,0,0,https://www.imdb.com/title/tt0110527/?ref_=fn_ttl_ttl_1
379,Tales From the Crypt Presents: Demon Knight (1995),01-Jan-1995,https://m.media-amazon.com/images/M/MV5BNjY0ZGJkYjYtOTI4Ni00MzJiLTg2OWItMmJmNWMxODIzOTM5XkEyXkFqcGc@..jpg,0,0,0,0,0,0,0,0,0,0,0,1,0,0,0,0,0,0,0,https://www.imdb.com/title/tt0114608/?ref_=fn_ttl_ttl_1
380,Star Trek: Generations (1994),01-Jan-1994,https://m.media-amazon.com/images/M/MV5BNDFjYmFmNmItODM5Ny00YzhlLWEzNjEtNTBlNjRiN2RlYTRhXkEyXkFqcGc@..jpg,0,1,1,0,0,0,0,0,0,0,0,0,0,0,0,1,0,0,0,https://www.imdb.com/title/tt0111280/?ref_=fn_ttl_ttl_1
381,Muriel's Wedding (1994),01-Jan-1994,https://m.media-amazon.com/images/M/MV5BOGJkMmUwODMtZGU0Yi00YWRiLThlZGEtMTg2YTVkODcwZDQxXkEyXkFqcGc@..jpg,0,0,0,0,0,1,0,0,0,0,0,0,0,0,1,0,0,0,0,https://www.imdb.com/title/tt0110598/?ref_=fn_ttl_ttl_1
382,"Adventures of Priscilla, Queen of the Desert, The (1994)",01-Jan-1994,https://m.media-amazon.com/images/M/MV5BMTc5MDU1NzcyN15BMl5BanBnXkFtZTcwMDA0ODYyNA@@..jpg,0,0,0,0,0,1,0,0,1,0,0,0,0,0,0,0,0,0,0,https://www.imdb.com/title/tt0109045/?ref_=fn_ttl_ttl_1
383,"Flintstones, The (1994)",01-Jan-1994,https://m.media-amazon.com/images/M/MV5BZmQwYjljNjUtYjA0NC00MTEyLWE0YmItNGViNGU5ZDEzMWRiXkEyXkFqcGc@..jpg,0,0,0,0,1,1,0,0,0,0,0,0,0,0,0,0,0,0,0,https://www.imdb.com/title/tt0109813/?ref_=fn_ttl_ttl_1
384,Naked Gun 33 1/3: The Final Insult (1994),01-Jan-1994,https://m.media-amazon.com/images/M/MV5BM2ViYTFhMTktMjU0OC00ZWY3LWEzZDItMTExNDc2NDNjN2I3XkEyXkFqcGc@..jpg,0,0,0,0,0,1,0,0,0,0,0,0,0,0,0,0,0,0,0,https://www.imdb.com/title/tt0110622/?ref_=fn_ttl_ttl_1
385,True Lies (1994),01-Jan-1994,https://m.media-amazon.com/images/M/MV5BYjU1ZjNhMjMtOTMxZS00MDc1LTlkNzQtZTdjNGQyYjQ4YTA4XkEyXkFqcGc@..jpg,0,1,1,0,0,1,0,0,0,0,0,0,0,0,1,0,0,0,0,https://www.imdb.com/title/tt0111503/?ref_=fn_ttl_ttl_1
386,Addams Family Values (1993),01-Jan-1993,https://m.media-amazon.com/images/M/MV5BYWY3Y2ZkYjktZWYxMC00ZmZmLTgxNjYtYmMwYmU5OWJjMThjXkEyXkFqcGc@..jpg,0,0,0,0,0,1,0,0,0,0,0,0,0,0,0,0,0,0,0,https://www.imdb.com/title/tt0106220/?ref_=fn_ttl_ttl_1
387,"Age of Innocence, The (1993)",01-Jan-1993,https://m.media-amazon.com/images/M/MV5BMzFkYjQzZjUtY2NjNi00ZDFkLWI4M2MtN2RjODQ0NDJkMWM0XkEyXkFqcGc@..jpg,0,0,0,0,0,0,0,0,1,0,0,0,0,0,0,0,0,0,0,https://www.imdb.com/title/tt0106226/?ref_=fn_ttl_ttl_1
388,Beverly Hills Cop III (1994),01-Jan-1994,https://m.media-amazon.com/images/M/MV5BMGY2ZWQ2MDUtMzcyYS00ZDJmLThiNTUtOGM5MzM0NWMyNDY0XkEyXkFqcGc@..jpg,0,1,0,0,0,1,0,0,0,0,0,0,0,0,0,0,0,0,0,https://www.imdb.com/title/tt0109254/?ref_=fn_ttl_ttl_1
389,Black Beauty (1994),01-Jan-1994,https://m.media-amazon.com/images/M/MV5BY2JhNzY4MGItZGExOS00NjQ2LTljN2ItZjZjNTZmZGQ4NGQzXkEyXkFqcGc@..jpg,0,0,1,0,1,0,0,0,0,0,0,0,0,0,0,0,0,0,0,https://www.imdb.com/title/tt0109279/?ref_=fn_ttl_ttl_1
390,Fear of a Black Hat (1993),01-Jan-1993,https://m.media-amazon.com/images/M/MV5BODBjODE0M2ItYmJmYy00NDhiLTljOTUtMGM2MDNhYjc5NTFmXkEyXkFqcGc@..jpg,0,0,0,0,0,1,0,0,0,0,0,0,0,0,0,0,0,0,0,https://www.imdb.com/title/tt0106880/?ref_=fn_ttl_ttl_1
391,Last Action Hero (1993),01-Jan-1993,https://m.media-amazon.com/images/M/MV5BZGU2NWQyY2ItY2JiZS00ZDJhLWI0NDQtNjMyNWU3MDA1NTgzXkEyXkFqcGc@..jpg,0,1,0,0,0,1,0,0,0,0,0,0,0,0,0,0,0,0,0,https://www.imdb.com/title/tt0107362/?ref_=fn_ttl_ttl_1
392,"Man Without a Face, The (1993)",01-Jan-1993,https://m.media-amazon.com/images/M/MV5BYWVlMjJkMDYtMjA4My00MzI3LWFlMzAtY2RlYTViMjM1MTE1XkEyXkFqcGc@..jpg,0,0,0,0,0,0,0,0,1,0,0,0,0,0,0,0,0,0,0,https://www.imdb.com/title/tt0107501/?ref_=fn_ttl_ttl_1
393,Mrs. Doubtfire (1993),01-Jan-1993,https://m.media-amazon.com/images/M/MV5BY2E2MDc5ZGEtOTNlZS00Mjg4LThlNzUtMDY2Zjc4ZTViNWY0XkEyXkFqcGc@..jpg,0,0,0,0,0,1,0,0,0,0,0,0,0,0,0,0,0,0,0,https://www.imdb.com/title/tt0107614/?ref_=fn_ttl_ttl_1
394,Radioland Murders (1994),01-Jan-1994,https://m.media-amazon.com/images/M/MV5BODQ2NTg0MzItMDk0Zi00YWRkLTgyYzEtOGNlODQ4NjcxMmMwXkEyXkFqcGc@..jpg,0,0,0,0,0,1,0,0,0,0,0,0,0,1,1,0,0,0,0,https://www.imdb.com/title/tt0110939/?ref_=fn_ttl_ttl_1
395,Robin Hood: Men in Tights (1993),01-Jan-1993,https://m.media-amazon.com/images/M/MV5BY2ZkMGU1OGUtZTJlOS00MmE5LWIxZjQtYWRlZDljMGJkMTZmXkEyXkFqcGc@..jpg,0,0,0,0,0,1,0,0,0,0,0,0,0,0,0,0,0,0,0,https://www.imdb.com/title/tt0107977/?ref_=fn_ttl_ttl_1
396,Serial Mom (1994),01-Jan-1994,https://m.media-amazon.com/images/M/MV5BMGU3ZDYzNmItYjg5Ni00MjlmLWFmODgtYjIxNTgyNTgwZWNlXkEyXkFqcGc@..jpg,0,0,0,0,0,1,1,0,0,0,0,1,0,0,0,0,0,0,0,https://www.imdb.com/title/tt0111127/?ref_=fn_ttl_ttl_1
397,Striking Distance (1993),01-Jan-1993,https://m.media-amazon.com/images/M/MV5BNGFkNzQyM2YtNWQyMi00NGY1LWJmOGYtMzg2ZGJmM2RlNGNiXkEyXkFqcGc@..jpg,0,1,0,0,0,0,0,0,0,0,0,0,0,0,0,0,0,0,0,https://www.imdb.com/title/tt0108238/?ref_=fn_ttl_ttl_1
398,Super Mario Bros. (1993),01-Jan-1993,https://m.media-amazon.com/images/M/MV5BYWUzYWIxMDUtYTdmYS00MjUxLWJjNDItYzcxOTY0N2M2YWE5XkEyXkFqcGc@..jpg,0,1,1,0,1,0,0,0,0,0,0,0,0,0,0,1,0,0,0,https://www.imdb.com/title/tt0108255/?ref_=fn_ttl_ttl_1
399,"Three Musketeers, The (1993)",01-Jan-1993,https://m.media-amazon.com/images/M/MV5BZGM2NThjMmEtY2I2OC00MDUzLTk4NGQtYjEwMmJkZmExMDJlXkEyXkFqcGc@..jpg,0,1,1,0,0,1,0,0,0,0,0,0,0,0,0,0,0,0,0,https://www.imdb.com/title/tt0108333/?ref_=fn_ttl_ttl_1
400,"Little Rascals, The (1994)",01-Jan-1994,https://m.media-amazon.com/images/M/MV5BZTlhMjA5MGYtZDYyNS00MDQ4LWI0ZDAtZjJiODJjODI0N2I3XkEyXkFqcGc@..jpg,0,0,0,0,1,1,0,0,0,0,0,0,0,0,0,0,0,0,0,https://www.imdb.com/title/tt0110366/?ref_=fn_ttl_ttl_1
401,"Brady Bunch Movie, The (1995)",01-Jan-1995,https://m.media-amazon.com/images/M/MV5BOTRjZTkxNWUtZDM1Mi00ZjE0LTk1N2ItNDc5MWY0ZTUwYmMyXkEyXkFqcGc@..jpg,0,0,0,0,0,1,0,0,0,0,0,0,0,0,0,0,0,0,0,https://www.imdb.com/title/tt0112572/?ref_=fn_ttl_ttl_1
402,Ghost (1990),01-Jan-1990,https://m.media-amazon.com/images/M/MV5BZjkwOWM2MWMtMWE1YS00MTBlLTg1ODctYTI3M2I0NGIxMGYyXkEyXkFqcGc@..jpg,0,0,0,0,0,1,0,0,0,0,0,0,0,0,1,0,1,0,0,https://www.imdb.com/title/tt0099653/?ref_=fn_ttl_ttl_1
403,Batman (1989),01-Jan-1989,https://m.media-amazon.com/images/M/MV5BYzZmZWViM2EtNzhlMi00NzBlLWE0MWEtZDFjMjk3YjIyNTBhXkEyXkFqcGc@..jpg,0,1,1,0,0,0,1,0,1,0,0,0,0,0,0,0,0,0,0,https://www.imdb.com/title/tt0096895/?ref_=fn_ttl_ttl_1
404,Pinocchio (1940),01-Jan-1940,https://m.media-amazon.com/images/M/MV5BZGU3MTE3NjYtMGU1Zi00NjBmLTg4MzItZjg0OGZmNjZiYjQwXkEyXkFqcGc@..jpg,0,0,0,1,1,0,0,0,0,0,0,0,0,0,0,0,0,0,0,https://www.imdb.com/title/tt0032910/?ref_=fn_ttl_ttl_1
405,Mission: Impossible (1996),22-May-1996,https://m.media-amazon.com/images/M/MV5BOGZjNDlkMTYtMTJkZi00OTkzLWI4NDEtYTA2ODQyMjcwYTdlXkEyXkFqcGc@..jpg,0,1,1,0,0,0,0,0,0,0,0,0,0,1,0,0,0,0,0,https://www.imdb.com/title/tt0117060/?ref_=fn_ttl_ttl_1
406,Thinner (1996),25-Oct-1996,https://m.media-amazon.com/images/M/MV5BNWFhY2U2NWUtOWMwZC00ODMxLTgwNGEtZmE4ZDZlMDJmNThlXkEyXkFqcGc@..jpg,0,0,0,0,0,0,0,0,0,0,0,1,0,0,0,0,1,0,0,https://www.imdb.com/title/tt0117894/?ref_=fn_ttl_ttl_1
407,Spy Hard (1996),24-May-1996,https://m.media-amazon.com/images/M/MV5BOTEzMTZiMDgtMzI2MS00MzU3LWI2M2QtZWMzOTM0MTM5ZDQyXkEyXkFqcGc@..jpg,0,0,0,0,0,1,0,0,0,0,0,0,0,0,0,0,0,0,0,https://www.imdb.com/title/tt0117723/?ref_=fn_ttl_ttl_1
408,"Close Shave, A (1995)",28-Apr-1996,"https://m.media-amazon.com/images/M/MV5BM2M4ZmEzYzEtNjk0ZS00ODZkLTkxZjYtNTY4Njg2YjhhMWNkXkEyXkFqcGc@._V1_QL75_UY562_CR16,0,380,562_.jpg",0,0,0,1,0,1,0,0,0,0,0,0,0,0,0,0,1,0,0,https://www.imdb.com/title/tt6099418/?ref_=fn_ttl_ttl_1
409,Jack (1996),07-Aug-1996,https://m.media-amazon.com/images/M/MV5BZjk5OGJmODYtNjA3ZS00MjA5LWEyZmQtMDdiYTc5ZDM5NTk2XkEyXkFqcGc@..jpg,0,0,0,0,0,1,0,0,1,0,0,0,0,0,0,0,0,0,0,https://www.imdb.com/title/tt0116669/?ref_=fn_ttl_ttl_1
410,Kingpin (1996),12-Jul-1996,https://m.media-amazon.com/images/M/MV5BODAzODIyMDYwMV5BMl5BanBnXkFtZTcwMTUyNTEzNA@@..jpg,0,0,0,0,0,1,0,0,0,0,0,0,0,0,0,0,0,0,0,https://www.imdb.com/title/tt0116778/?ref_=fn_ttl_ttl_1
411,"Nutty Professor, The (1996)",28-Jun-1996,https://m.media-amazon.com/images/M/MV5BMjE0NjI1YTMtYWFiZi00Zjc1LWE5NzgtMTdlMWMwOTczZWJkXkEyXkFqcGc@..jpg,0,0,0,0,0,1,0,0,0,1,0,0,0,0,1,1,0,0,0,https://www.imdb.com/title/tt0117218/?ref_=fn_ttl_ttl_1
412,"Very Brady Sequel, A (1996)",23-Aug-1996,https://m.media-amazon.com/images/M/MV5BYTkxODYyYWEtNDJiYy00NjM4LTk4MzEtNDRkMzZkNGY0NjE3XkEyXkFqcGc@..jpg,0,0,0,0,0,1,0,0,0,0,0,0,0,0,0,0,0,0,0,https://www.imdb.com/title/tt0118073/?ref_=fn_ttl_ttl_1
413,Tales from the Crypt Presents: Bordello of Blood (1996),19-Jul-1996,https://m.media-amazon.com/images/M/MV5BNzUyNDMyNmMtZWI3MC00YjAyLThkMDktNGExMzgxMjIxZDQ5XkEyXkFqcGc@..jpg,0,0,0,0,0,0,0,0,0,0,0,1,0,0,0,0,0,0,0,https://www.imdb.com/title/tt0117826/?ref_=fn_ttl_ttl_1
414,My Favorite Year (1982),01-Jan-1982,https://m.media-amazon.com/images/M/MV5BZTE0Yjk0NzctOTc5Ni00ZDNkLTk5YmMtNTdkZDQ4MmE0MWUwXkEyXkFqcGc@..jpg,0,0,0,0,0,1,0,0,0,0,0,0,0,0,0,0,0,0,0,https://www.imdb.com/title/tt0084370/?ref_=fn_ttl_ttl_1
415,"Apple Dumpling Gang, The (1975)",01-Jan-1975,https://m.media-amazon.com/images/M/MV5BYWY3NmRmMmItNDllNS00MTQ0LTk3ZDAtMjIxMzkzZjAzYmM4XkEyXkFqcGc@..jpg,0,0,0,0,1,1,0,0,0,0,0,0,0,0,0,0,0,0,1,https://www.imdb.com/title/tt0072653/?ref_=fn_ttl_ttl_1
416,Old Yeller (1957),01-Jan-1957,https://m.media-amazon.com/images/M/MV5BOWE4NzZiNTctNzQ4My00MDE3LThiNTMtNDYwNWRjZGRlM2QzXkEyXkFqcGc@..jpg,0,0,0,0,1,0,0,0,1,0,0,0,0,0,0,0,0,0,0,https://www.imdb.com/title/tt0050798/?ref_=fn_ttl_ttl_1
417,"Parent Trap, The (1961)",01-Jan-1961,https://m.media-amazon.com/images/M/MV5BZDc5NGU5OTEtODFiYi00ZTdmLWE5M2EtMDQ4ZmQ3NTExZDNmXkEyXkFqcGc@..jpg,0,0,0,0,1,0,0,0,1,0,0,0,0,0,0,0,0,0,0,https://www.imdb.com/title/tt0055277/?ref_=fn_ttl_ttl_1
418,Cinderella (1950),01-Jan-1950,https://m.media-amazon.com/images/M/MV5BZWY3ZTM4YTUtZjg1OC00NjM2LTllMTItZjA4MGU0MzcwNjhkXkEyXkFqcGc@..jpg,0,0,0,1,1,0,0,0,0,0,0,0,1,0,0,0,0,0,0,https://www.imdb.com/title/tt0042332/?ref_=fn_ttl_ttl_1
419,Mary Poppins (1964),01-Jan-1964,https://m.media-amazon.com/images/M/MV5BNThiNjgzMTYtZjUzMC00YTVlLTg4MDItMmFjMDIwYjg4ZDAwXkEyXkFqcGc@..jpg,0,0,0,0,1,1,0,0,0,0,0,0,1,0,0,0,0,0,0,https://www.imdb.com/title/tt0058331/?ref_=fn_ttl_ttl_1
420,Alice in Wonderland (1951),01-Jan-1951,https://m.media-amazon.com/images/M/MV5BMTgyMjM2NTAxMF5BMl5BanBnXkFtZTgwNjU1NDc2MTE@..jpg,0,0,0,1,1,0,0,0,0,0,0,0,1,0,0,0,0,0,0,https://www.imdb.com/title/tt0043274/?ref_=fn_ttl_ttl_1
421,William Shakespeare's Romeo and Juliet (1996),25-Oct-1996,https://m.media-amazon.com/images/M/MV5BZjBhYjkxN2EtNDc1Yy00NTViLTkxMjQtMDYxMzM0MzA3NGQ4XkEyXkFqcGc@..jpg,0,0,0,0,0,0,0,0,1,0,0,0,0,0,1,0,0,0,0,https://www.imdb.com/title/tt0117509/?ref_=fn_ttl_ttl_1
422,Aladdin and the King of Thieves (1996),01-Jan-1996,https://m.media-amazon.com/images/M/MV5BMTQ5ODQ2NDM1N15BMl5BanBnXkFtZTgwNTE2MzUzMzE@..jpg,0,0,0,1,1,1,0,0,0,0,0,0,0,0,0,0,0,0,0,https://www.imdb.com/title/tt0107986/?ref_=fn_ttl_ttl_1
423,E.T. the Extra-Terrestrial (1982),01-Jan-1982,https://m.media-amazon.com/images/M/MV5BYTNhNmY0YWMtMTczYi00MTA0LThhMmUtMTIxYzE0Y2QwMzRlXkEyXkFqcGc@..jpg,0,0,0,0,1,0,0,0,1,1,0,0,0,0,0,1,0,0,0,https://www.imdb.com/title/tt0083866/?ref_=fn_ttl_ttl_1
424,Children of the Corn: The Gathering (1996),01-Jan-1996,https://m.media-amazon.com/images/M/MV5BNjFmZjhkNDYtZThjZi00YWY4LWFkYjMtNDM3YjkyODMxZDNmXkEyXkFqcGc@..jpg,0,0,0,0,0,0,0,0,0,0,0,1,0,0,0,0,0,0,0,https://www.imdb.com/title/tt0087050/?ref_=fn_ttl_ttl_1
425,Bob Roberts (1992),01-Jan-1992,https://m.media-amazon.com/images/M/MV5BNDkzMzE3YWItMDhhOC00MDU2LThjZmUtODAyZjZiMWViYmE4XkEyXkFqcGc@..jpg,0,0,0,0,0,1,0,0,0,0,0,0,0,0,0,0,0,0,0,https://www.imdb.com/title/tt0103850/?ref_=fn_ttl_ttl_1
426,"Transformers: The Movie, The (1986)",01-Jan-1986,https://m.media-amazon.com/images/M/MV5BZDg0MjY5NjUtNTEyMy00Y2NjLWI2YzQtYTkyMDU1NDhiODFjXkEyXkFqcGc@..jpg,0,1,0,1,1,0,0,0,0,0,0,0,0,0,0,1,1,1,0,https://www.imdb.com/title/tt0092106/?ref_=fn_ttl_ttl_1
427,To Kill a Mockingbird (1962),01-Jan-1962,https://m.media-amazon.com/images/M/MV5BZTlkYWU4MGEtZmQyYi00OWEzLTgzY2EtYzVjOTEzYzAyNTk1XkEyXkFqcGc@..jpg,0,0,0,0,0,0,0,0,1,0,0,0,0,0,0,0,0,0,0,https://www.imdb.com/title/tt0056592/?ref_=fn_ttl_ttl_1
428,Harold and Maude (1971),01-Jan-1971,https://m.media-amazon.com/images/M/MV5BZWQ2YTQ4N2ItMzBmZC00ODIyLWIwNWEtODk2M2FjNjZhMDlmXkEyXkFqcGc@..jpg,0,0,0,0,0,1,0,0,0,0,0,0,0,0,0,0,0,0,0,https://www.imdb.com/title/tt0067185/?ref_=fn_ttl_ttl_1
429,"Day the Earth Stood Still, The (1951)",01-Jan-1951,https://m.media-amazon.com/images/M/MV5BZjNlNmQyYzYtZmJlMS00MDhkLWE4OTAtOTQ1NjAwZWRkMjAyXkEyXkFqcGc@..jpg,0,0,0,0,0,0,0,0,1,0,0,0,0,0,0,1,0,0,0,https://www.imdb.com/title/tt0043456/?ref_=fn_ttl_ttl_1
430,Duck Soup (1933),01-Jan-1933,https://m.media-amazon.com/images/M/MV5BNGE5Mzg3NzMtZmI3My00ZWQwLThjYjYtOTZmZjQyNDVjMjIwXkEyXkFqcGc@..jpg,0,0,0,0,0,1,0,0,0,0,0,0,0,0,0,0,0,1,0,https://www.imdb.com/title/tt0023969/?ref_=fn_ttl_ttl_1
431,Highlander (1986),01-Jan-1986,https://m.media-amazon.com/images/M/MV5BMDUzODA3ZDctODM1MS00YzY0LWI1MzUtZTU0N2UzYjRhY2M3XkEyXkFqcGc@..jpg,0,1,1,0,0,0,0,0,0,0,0,0,0,0,0,0,0,0,0,https://www.imdb.com/title/tt0091203/?ref_=fn_ttl_ttl_1
432,Fantasia (1940),01-Jan-1940,https://m.media-amazon.com/images/M/MV5BMmM1NGNjZWUtZTk2Zi00ZjdmLTk3Y2QtMDQyNjJjMWI1ZDFlXkEyXkFqcGc@..jpg,0,0,0,1,1,0,0,0,0,0,0,0,1,0,0,0,0,0,0,https://www.imdb.com/title/tt0032455/?ref_=fn_ttl_ttl_1
433,Heathers (1989),01-Jan-1989,https://m.media-amazon.com/images/M/MV5BYzY2ODdmZDItMzQ4MS00ZDczLWIyZmItNDljYmMwZjQ2NGU3XkEyXkFqcGc@..jpg,0,0,0,0,0,1,0,0,0,0,0,0,0,0,0,0,0,0,0,https://www.imdb.com/title/tt0097493/?ref_=fn_ttl_ttl_1
434,Forbidden Planet (1956),01-Jan-1956,https://m.media-amazon.com/images/M/MV5BMjY4NGVmMzctYjFmYS00MDk3LTlkNDktNDdjMjhlYmY1YmI3XkEyXkFqcGc@..jpg,0,0,0,0,0,0,0,0,0,0,0,0,0,0,0,1,0,0,0,https://www.imdb.com/title/tt0049223/?ref_=fn_ttl_ttl_1
435,Butch Cassidy and the Sundance Kid (1969),01-Jan-1969,https://m.media-amazon.com/images/M/MV5BMTkyMTM2NDk5Nl5BMl5BanBnXkFtZTgwNzY1NzEyMDE@..jpg,0,1,0,0,0,1,0,0,0,0,0,0,0,0,0,0,0,0,1,https://www.imdb.com/title/tt0064115/?ref_=fn_ttl_ttl_1
436,"American Werewolf in London, An (1981)",01-Jan-1981,https://m.media-amazon.com/images/M/MV5BOWYyNmMwMTUtZjE2OC00YWQzLWJmMzctNzhmMDI1OTQwNzdhXkEyXkFqcGc@..jpg,0,0,0,0,0,0,0,0,0,0,0,1,0,0,0,0,0,0,0,https://www.imdb.com/title/tt0082010/?ref_=fn_ttl_ttl_1
437,Amityville 1992: It's About Time (1992),01-Jan-1992,https://m.media-amazon.com/images/M/MV5BMWE3NWIzOTUtZWJmMy00ODRjLTk5ZWItZDk5Y2M1OWQ0YjY0XkEyXkFqcGc@..jpg,0,0,0,0,0,0,0,0,0,0,0,1,0,0,0,0,0,0,0,https://www.imdb.com/title/tt0103678/
438,Amityville 3-D (1983),01-Jan-1983,https://m.media-amazon.com/images/M/MV5BMTM4NGU5ZTYtODRmMy00OTQ2LTljNjUtNTNhOTlkYjYyMTA1XkEyXkFqcGc@..jpg,0,0,0,0,0,0,0,0,0,0,0,1,0,0,0,0,0,0,0,https://www.imdb.com/title/tt0085159/?ref_=fn_ttl_ttl_1
439,Amityville: A New Generation (1993),01-Jan-1993,https://m.media-amazon.com/images/M/MV5BYzY1NDc3ODctZWJkOC00MzhmLTk3NjctZTk5ZThmNjUxMWEyXkEyXkFqcGc@..jpg,0,0,0,0,0,0,0,0,0,0,0,1,0,0,0,0,0,0,0,https://www.imdb.com/title/tt10101702/?ref_=fn_ttl_ttl_1
440,Amityville II: The Possession (1982),01-Jan-1982,https://m.media-amazon.com/images/M/MV5BMTYwMTAyOTY4OF5BMl5BanBnXkFtZTcwNjMwODQ2NA@@..jpg,0,0,0,0,0,0,0,0,0,0,0,1,0,0,0,0,0,0,0,https://www.imdb.com/title/tt0083550/?ref_=fn_ttl_ttl_1
441,"Amityville Horror, The (1979)",01-Jan-1979,https://m.media-amazon.com/images/M/MV5BNWRmOTdhMWEtYmExOC00Y2E5LTkwYjEtYTAwY2Q0MTU0MTBlXkEyXkFqcGc@..jpg,0,0,0,0,0,0,0,0,0,0,0,1,0,0,0,0,0,0,0,https://www.imdb.com/title/tt0078767/?ref_=fn_ttl_ttl_1
442,"Amityville Curse, The (1990)",01-Jan-1990,https://m.media-amazon.com/images/M/MV5BNGEwZTgwYWQtZDQ1NS00N2EwLWI1NmItMTEyM2I3OTljZGFjXkEyXkFqcGc@..jpg,0,0,0,0,0,0,0,0,0,0,0,1,0,0,0,0,0,0,0,https://www.imdb.com/title/tt22051468/?ref_=fn_ttl_ttl_1
443,"Birds, The (1963)",01-Jan-1963,https://m.media-amazon.com/images/M/MV5BMTAxNDA1ODc5MDleQTJeQWpwZ15BbWU4MDg2MDA4OTEx..jpg,0,0,0,0,0,0,0,0,0,0,0,1,0,0,0,0,0,0,0,https://www.imdb.com/title/tt0056869/?ref_=fn_ttl_ttl_1
444,"Blob, The (1958)",01-Jan-1958,https://m.media-amazon.com/images/M/MV5BMGIzMjdlZDMtMDYzMy00ZjE0LWIxZmMtZDFkOTBlNTY5ZmQ3XkEyXkFqcGc@..jpg,0,0,0,0,0,0,0,0,0,0,0,1,0,0,0,1,0,0,0,https://www.imdb.com/title/tt0051418/?ref_=fn_ttl_ttl_1
445,"Body Snatcher, The (1945)",01-Jan-1945,https://m.media-amazon.com/images/M/MV5BNDJkMWM5ZTEtNDJiZi00OWU2LWEwYzAtZGMzMzc1N2YzMGJjXkEyXkFqcGc@..jpg,0,0,0,0,0,0,0,0,0,0,0,1,0,0,0,0,0,0,0,https://www.imdb.com/title/tt0037549/?ref_=fn_ttl_ttl_1
446,Burnt Offerings (1976),01-Jan-1976,https://m.media-amazon.com/images/M/MV5BZmZiMWUyNjQtMDQ3Zi00YjQ4LWEwNjItYjM5YzVmZDUwMDZkXkEyXkFqcGc@..jpg,0,0,0,0,0,0,0,0,0,0,0,1,0,0,0,0,0,0,0,https://www.imdb.com/title/tt0074258/?ref_=fn_ttl_ttl_1
447,Carrie (1976),01-Jan-1976,https://m.media-amazon.com/images/M/MV5BNjMwMDVlZjYtMWRlZS00OTU1LTlmYTQtOGViNTdmYTE0ZjRlXkEyXkFqcGc@..jpg,0,0,0,0,0,0,0,0,0,0,0,1,0,0,0,0,0,0,0,https://www.imdb.com/title/tt0074285/?ref_=fn_ttl_ttl_1
448,"Omen, The (1976)",01-Jan-1976,https://m.media-amazon.com/images/M/MV5BOTgxNjY0OTEtYWExOC00OWJiLWEzY2ItNzNjYTY0YjhjNjlhXkEyXkFqcGc@..jpg,0,0,0,0,0,0,0,0,0,0,0,1,0,0,0,0,0,0,0,https://www.imdb.com/title/tt0075005/?ref_=fn_ttl_ttl_1
449,Star Trek: The Motion Picture (1979),01-Jan-1979,https://m.media-amazon.com/images/M/MV5BNjcyMmVmMTItNTA3Yy00NGJjLTlmYjQtZWQ3ZjcyNmU5NDQ2XkEyXkFqcGc@..jpg,0,1,1,0,0,0,0,0,0,0,0,0,0,0,0,1,0,0,0,https://www.imdb.com/title/tt0079945/?ref_=fn_ttl_ttl_1
450,Star Trek V: The Final Frontier (1989),01-Jan-1989,https://m.media-amazon.com/images/M/MV5BNWEzYmU4ZDYtNWMwMi00YWRmLTg3NDQtMWFhYTI3YWQ2OTQ3XkEyXkFqcGc@..jpg,0,1,1,0,0,0,0,0,0,0,0,0,0,0,0,1,0,0,0,https://www.imdb.com/title/tt0098382/?ref_=fn_ttl_ttl_1
451,Grease (1978),01-Jan-1978,https://m.media-amazon.com/images/M/MV5BNGY0NzE0ZTctN2YzNC00M2IwLWI0OWYtMTAwZWU2NjZhMTQwXkEyXkFqcGc@..jpg,0,0,0,0,0,1,0,0,0,0,0,0,1,0,1,0,0,0,0,https://www.imdb.com/title/tt0077631/?ref_=fn_ttl_ttl_1
452,Jaws 2 (1978),01-Jan-1978,https://m.media-amazon.com/images/M/MV5BMzAxN2Q5Y2UtMDBkZS00MGQwLWIyZDEtYTgyNGRlZmZiNjI2XkEyXkFqcGc@..jpg,0,1,0,0,0,0,0,0,0,0,0,1,0,0,0,0,0,0,0,https://www.imdb.com/title/tt0077766/?ref_=fn_ttl_ttl_1
453,Jaws 3-D (1983),01-Jan-1983,https://m.media-amazon.com/images/M/MV5BYmY3YWZiMTAtZGYyYy00ODc3LTk5NjQtY2RhN2QwNzE2ZGI3XkEyXkFqcGc@..jpg,0,1,0,0,0,0,0,0,0,0,0,1,0,0,0,0,0,0,0,https://www.imdb.com/title/tt0085750/?ref_=fn_ttl_ttl_1
454,Bastard Out of Carolina (1996),15-Dec-1996,https://m.media-amazon.com/images/M/MV5BODM2ZjQwYTMtMGE5OS00MTEzLTg5MGUtN2U1ZDg4YmQ2MDJhXkEyXkFqcGc@..jpg,0,0,0,0,0,0,0,0,1,0,0,0,0,0,0,0,0,0,0,https://www.imdb.com/title/tt0115633/
455,Jackie Chan's First Strike (1996),10-Jan-1997,https://m.media-amazon.com/images/M/MV5BZmZhZjI1M2MtZTNmMi00ZDc2LTg2ZTgtODBjYjNmOGE0YTBhXkEyXkFqcGc@..jpg,0,1,0,0,0,0,0,0,0,0,0,0,0,0,0,0,0,0,0,https://www.imdb.com/title/tt0116704/?ref_=fn_ttl_ttl_1
456,Beverly Hills Ninja (1997),17-Jan-1997,https://m.media-amazon.com/images/M/MV5BY2IxOTRkMDItYzRjZC00ZDQ4LWEyNTQtZjlmMWExN2U2ZjU5XkEyXkFqcGc@..jpg,0,1,0,0,0,1,0,0,0,0,0,0,0,0,0,0,0,0,0,https://www.imdb.com/title/tt0118708/?ref_=fn_ttl_ttl_1
457,Free Willy 3: The Rescue (1997),08-Aug-1997,https://m.media-amazon.com/images/M/MV5BNTRiMGMxZjktNjljMC00OTQ0LTk0YjktMjQxNWNiYWY0NGQxXkEyXkFqcGc@..jpg,0,0,1,0,1,0,0,0,1,0,0,0,0,0,0,0,0,0,0,https://www.imdb.com/title/tt0119152/?ref_=fn_ttl_ttl_1
458,Nixon (1995),01-Jan-1995,https://m.media-amazon.com/images/M/MV5BNDk3YWU1NmEtMDBhMC00ZGYwLWFiNzQtMzkwMzg4YjA4MDY4XkEyXkFqcGc@..jpg,0,0,0,0,0,0,0,0,1,0,0,0,0,0,0,0,0,0,0,https://www.imdb.com/title/tt0113987/?ref_=fn_ttl_ttl_1
459,"Cry, the Beloved Country (1995)",01-Jan-1995,https://m.media-amazon.com/images/M/MV5BZjQ1M2Y2ZTgtN2U3OS00YTUxLTgwZmUtNjk1YTdjYTdmYWQzXkEyXkFqcGc@..jpg,0,0,0,0,0,0,0,0,1,0,0,0,0,0,0,0,0,0,0,https://www.imdb.com/title/tt0112749/?ref_=fn_ttl_ttl_1
460,"Crossing Guard, The (1995)",01-Jan-1995,https://m.media-amazon.com/images/M/MV5BNGNjMTcxNzgtM2JiYS00MDc0LWEwYmItOTY1M2JkMzc5MDE4XkEyXkFqcGc@..jpg,0,0,0,0,0,0,0,0,1,0,0,0,0,0,0,0,0,0,0,https://www.imdb.com/title/tt0112744/?ref_=fn_ttl_ttl_1
461,Smoke (1995),01-Jan-1995,https://m.media-amazon.com/images/M/MV5BMzgwMGQ1NjAtMWZmYi00NDRhLWFkN2EtN2FjNmFlYWRhNzliXkEyXkFqcGc@..jpg,0,0,0,0,0,0,0,0,1,0,0,0,0,0,0,0,0,0,0,https://www.imdb.com/title/tt0114478/?ref_=fn_ttl_ttl_1
462,Like Water For Chocolate (Como agua para chocolate) (1992),01-Jan-1992,https://m.media-amazon.com/images/M/MV5BOTQ0ZjdjYjgtYzhiYS00YTFiLWJmMTMtNDMyZWNhOTcwNTkxXkEyXkFqcGc@..jpg,0,0,0,0,0,0,0,0,1,0,0,0,0,0,1,0,0,0,0,https://www.imdb.com/title/tt0103994/?ref_=fn_ttl_ttl_1
463,"Secret of Roan Inish, The (1994)",01-Jan-1994,https://m.media-amazon.com/images/M/MV5BOGI2MjQwZTAtZDc4MS00MmQ5LWEyY2YtZmFiYTZiNWNiNmI5XkEyXkFqcGc@..jpg,0,0,1,0,0,0,0,0,0,0,0,0,0,0,0,0,0,0,0,https://www.imdb.com/title/tt0111112/?ref_=fn_ttl_ttl_1
464,Vanya on 42nd Street (1994),01-Jan-1994,https://m.media-amazon.com/images/M/MV5BOWZiODg0NmMtYWJlYi00MTZkLWFmMmEtYjMxYmU0MWRkOTIyXkEyXkFqcGc@..jpg,0,0,0,0,0,0,0,0,1,0,0,0,0,0,0,0,0,0,0,https://www.imdb.com/title/tt0111590/?ref_=fn_ttl_ttl_1
465,"Jungle Book, The (1994)",01-Jan-1994,https://m.media-amazon.com/images/M/MV5BNTk3M2NmNTItNDYwNy00MzRlLWI5M2UtZmYwODA2NTExZDRlXkEyXkFqcGc@..jpg,0,0,1,0,1,0,0,0,0,0,0,0,0,0,1,0,0,0,0,https://www.imdb.com/title/tt0110213/?ref_=fn_ttl_ttl_1
466,Red Rock West (1992),01-Jan-1992,https://m.media-amazon.com/images/M/MV5BYjY2MzA5NWEtZmM5ZS00ZGYwLTg2NjItOWQyYTk5YTI4ZWM3XkEyXkFqcGc@..jpg,0,0,0,0,0,0,0,0,0,0,0,0,0,0,0,0,1,0,0,https://www.imdb.com/title/tt0105226/?ref_=fn_ttl_ttl_1
467,"Bronx Tale, A (1993)",01-Jan-1993,https://m.media-amazon.com/images/M/MV5BZTZiZWFjY2UtMDYzOS00N2JhLTk5YmYtMGQ1Yjk5ZWYzZjI4XkEyXkFqcGc@..jpg,0,0,0,0,0,0,0,0,1,0,0,0,0,0,0,0,0,0,0,https://www.imdb.com/title/tt0106489/?ref_=fn_ttl_ttl_1
468,Rudy (1993),01-Jan-1993,https://m.media-amazon.com/images/M/MV5BNjQ1MWQ4MWQtZWQzMy00NmU1LThmYzItNGU1OTc5MWJjNzQ1XkEyXkFqcGc@..jpg,0,0,0,0,0,0,0,0,1,0,0,0,0,0,0,0,0,0,0,https://www.imdb.com/title/tt0108002/?ref_=fn_ttl_ttl_1
469,Short Cuts (1993),01-Jan-1993,https://m.media-amazon.com/images/M/MV5BYThkMTY5ZTgtYzc0Yy00MTZiLWE5YjUtMDAwM2E4Yjg5MmM5XkEyXkFqcGc@..jpg,0,0,0,0,0,0,0,0,1,0,0,0,0,0,0,0,0,0,0,https://www.imdb.com/title/tt0108122/?ref_=fn_ttl_ttl_1
470,Tombstone (1993),01-Jan-1993,https://m.media-amazon.com/images/M/MV5BNmQyMzlhNjUtMzRjYS00MWY4LWI5MDAtZGU1MWE2M2E0OGMxXkEyXkFqcGc@..jpg,0,0,0,0,0,0,0,0,0,0,0,0,0,0,0,0,0,0,1,https://www.imdb.com/title/tt0108358/?ref_=fn_ttl_ttl_1
471,Courage Under Fire (1996),08-Mar-1996,https://m.media-amazon.com/images/M/MV5BZTU2MGZmZjAtOWVjNy00NTlkLTg0ZTUtN2Q3NmUxNTNhNGVhXkEyXkFqcGc@..jpg,0,0,0,0,0,0,0,0,1,0,0,0,0,0,0,0,0,1,0,https://www.imdb.com/title/tt0115956/?ref_=fn_ttl_ttl_1
472,Dragonheart (1996),31-May-1996,https://m.media-amazon.com/images/M/MV5BZDViYjIxNjgtMmEyNS00MmVlLTllOWMtMGU0NzEwZjU2ZTYzXkEyXkFqcGc@..jpg,0,1,1,0,0,0,0,0,0,1,0,0,0,0,0,0,0,0,0,https://www.imdb.com/title/tt0116136/?ref_=fn_ttl_ttl_1
473,James and the Giant Peach (1996),12-Apr-1996,https://m.media-amazon.com/images/M/MV5BMmQwNDEyNjItYmExOC00MGU4LWE2MDEtOTFlZTM5MzA1OTY1XkEyXkFqcGc@..jpg,0,0,0,1,1,0,0,0,0,0,0,0,1,0,0,0,0,0,0,https://www.imdb.com/title/tt0116683/?ref_=fn_ttl_ttl_1
474,Dr. Strangelove or: How I Learned to Stop Worrying and Love the Bomb (1963),01-Jan-1963,https://m.media-amazon.com/images/M/MV5BMjFjYzBlOTktMTI2OS00ZWVhLTgxMDUtNzAwODY2NmI3YTAzXkEyXkFqcGc@..jpg,0,0,0,0,0,0,0,0,0,0,0,0,0,0,0,1,0,1,0,https://www.imdb.com/title/tt0057012/?ref_=fn_ttl_ttl_1
475,Trainspotting (1996),19-Jul-1996,https://m.media-amazon.com/images/M/MV5BYmVkNGJkMzQtYWQwOS00OTZmLThjODQtZjNjNzllYzRiNTE0XkEyXkFqcGc@..jpg,0,0,0,0,0,0,0,0,1,0,0,0,0,0,0,0,0,0,0,https://www.imdb.com/title/tt0117951/?ref_=fn_ttl_ttl_1
476,"First Wives Club, The (1996)",14-Sep-1996,https://m.media-amazon.com/images/M/MV5BODBjMzg2MTktYjhjNS00ODNjLTk3MzYtZjAyYjg2NjZiNjVjXkEyXkFqcGc@..jpg,0,0,0,0,0,1,0,0,0,0,0,0,0,0,0,0,0,0,0,https://www.imdb.com/title/tt0116313/?ref_=fn_ttl_ttl_1
477,Matilda (1996),02-Aug-1996,https://m.media-amazon.com/images/M/MV5BYWE3ZDMzMmEtODgwNi00NzMxLThkYWItMTAzMWUyMzI1NDQ1XkEyXkFqcGc@..jpg,0,0,0,0,1,1,0,0,0,0,0,0,0,0,0,0,0,0,0,https://www.imdb.com/title/tt0117008/?ref_=fn_ttl_ttl_1
478,"Philadelphia Story, The (1940)",01-Jan-1940,https://m.media-amazon.com/images/M/MV5BYmMwZTQ5OGUtMjQ4Ni00ZTIwLTk1ZWMtNzhlMGQxYjIxMTU1XkEyXkFqcGc@..jpg,0,0,0,0,0,1,0,0,0,0,0,0,0,0,1,0,0,0,0,https://www.imdb.com/title/tt0032904/?ref_=fn_ttl_ttl_1
479,Vertigo (1958),01-Jan-1958,https://m.media-amazon.com/images/M/MV5BNzEyZTUxMWItMGVhYy00Y2NlLTljYTMtYzBmMzI1YmUyMDBkXkEyXkFqcGc@..jpg,0,0,0,0,0,0,0,0,0,0,0,0,0,1,0,0,1,0,0,https://www.imdb.com/title/tt0052357/?ref_=fn_ttl_ttl_1
480,North by Northwest (1959),01-Jan-1959,https://m.media-amazon.com/images/M/MV5BZWIzODI2OGItMzM0Ny00OGRmLTlkNmItMDQxMTFmMTk3YmQwXkEyXkFqcGc@..jpg,0,0,0,0,0,1,0,0,0,0,0,0,0,0,0,0,1,0,0,https://www.imdb.com/title/tt0053125/?ref_=fn_ttl_ttl_1
481,"Apartment, The (1960)",01-Jan-1960,https://m.media-amazon.com/images/M/MV5BNDdhMzVhOWQtNDU2Mi00ZmZmLWJiZDMtY2QxMjhjY2Y1ZTI5XkEyXkFqcGc@..jpg,0,0,0,0,0,1,0,0,1,0,0,0,0,0,0,0,0,0,0,https://www.imdb.com/title/tt0053604/?ref_=fn_ttl_ttl_1
482,Some Like It Hot (1959),01-Jan-1959,https://m.media-amazon.com/images/M/MV5BZTllZDYyNjEtY2RmMS00NmJhLWI4ODAtMTQ0NWFiZTJhZjA0XkEyXkFqcGc@..jpg,0,0,0,0,0,1,1,0,0,0,0,0,0,0,0,0,0,0,0,https://www.imdb.com/title/tt0053291/?ref_=fn_ttl_ttl_1
483,Casablanca (1942),01-Jan-1942,https://m.media-amazon.com/images/M/MV5BNWEzN2U1YTYtYTQyMS00NTVkLWE2NGQtZWFlMmM0MDNjMmRiXkEyXkFqcGc@..jpg,0,0,0,0,0,0,0,0,1,0,0,0,0,0,1,0,0,1,0,https://www.imdb.com/title/tt0034583/?ref_=fn_ttl_ttl_1
484,"Maltese Falcon, The (1941)",01-Jan-1941,https://m.media-amazon.com/images/M/MV5BZjJhOTcwNGYtZGM3ZS00ZTYzLWJlZDYtMzllYmRkMDI4MjBkXkEyXkFqcGc@..jpg,0,0,0,0,0,0,0,0,0,0,1,0,0,1,0,0,0,0,0,https://www.imdb.com/title/tt0033870/?ref_=fn_ttl_ttl_1
485,My Fair Lady (1964),01-Jan-1964,https://m.media-amazon.com/images/M/MV5BNmMxZmFjZmQtMDRiOC00MDQxLTlhNDktZTkxMmRiYWM1ZDUzXkEyXkFqcGc@..jpg,0,0,0,0,0,0,0,0,0,0,0,0,1,0,1,0,0,0,0,https://www.imdb.com/title/tt0058385/?ref_=fn_ttl_ttl_1
486,Sabrina (1954),01-Jan-1954,https://m.media-amazon.com/images/M/MV5BNjQ5MWI5YWYtYzYxNi00ODM4LWI4NzEtNzUzYmVkNzRiYzNlXkEyXkFqcGc@..jpg,0,0,0,0,0,1,0,0,0,0,0,0,0,0,1,0,0,0,0,https://www.imdb.com/title/tt0047437/?ref_=fn_ttl_ttl_1
487,Roman Holiday (1953),01-Jan-1953,https://m.media-amazon.com/images/M/MV5BNTVjNWUwZTEtZmI3OS00ODhmLWFhNTEtY2I1OTdlMjg0YTEyXkEyXkFqcGc@..jpg,0,0,0,0,0,1,0,0,0,0,0,0,0,0,1,0,0,0,0,https://www.imdb.com/title/tt0046250/?ref_=fn_ttl_ttl_1
488,Sunset Blvd. (1950),01-Jan-1950,https://m.media-amazon.com/images/M/MV5BMTU0NTkyNzYwMF5BMl5BanBnXkFtZTgwMDU0NDk5MTI@..jpg,0,0,0,0,0,0,0,0,0,0,1,0,0,0,0,0,0,0,0,https://www.imdb.com/title/tt0043014/?ref_=fn_ttl_ttl_1
489,Notorious (1946),01-Jan-1946,https://m.media-amazon.com/images/M/MV5BOGU5ZjdmNzUtMGY0Ny00NjMyLWJiMDEtMmMzYmMyOTNjNzlmXkEyXkFqcGc@..jpg,0,0,0,0,0,0,0,0,0,0,1,0,0,0,1,0,1,0,0,https://www.imdb.com/title/tt0038787/?ref_=fn_ttl_ttl_1
490,To Catch a Thief (1955),01-Jan-1955,https://m.media-amazon.com/images/M/MV5BOWVjMjA1YzQtMjY4Yy00NDg1LTkwYmUtNDVlZGZiNmRhMGQ0XkEyXkFqcGc@..jpg,0,0,0,0,0,1,0,0,0,0,0,0,0,0,1,0,1,0,0,https://www.imdb.com/title/tt0048728/?ref_=fn_ttl_ttl_1
491,"Adventures of Robin Hood, The (1938)",01-Jan-1938,https://m.media-amazon.com/images/M/MV5BYjA3NzFjNmItYTkwZi00NmMyLWFiMDgtMzY4NjY1ODE0NTg1XkEyXkFqcGc@..jpg,0,1,1,0,0,0,0,0,0,0,0,0,0,0,0,0,0,0,0,https://www.imdb.com/title/tt0029843/?ref_=fn_ttl_ttl_1
492,East of Eden (1955),01-Jan-1955,https://m.media-amazon.com/images/M/MV5BYjkyNzQ0MTgtOTk5Yi00NWVjLTkwYmMtZjhhMDkxMmZmMGZiXkEyXkFqcGc@..jpg,0,0,0,0,0,0,0,0,1,0,0,0,0,0,0,0,0,0,0,https://www.imdb.com/title/tt0048028/?ref_=fn_ttl_ttl_1
493,"Thin Man, The (1934)",01-Jan-1934,https://m.media-amazon.com/images/M/MV5BOWNhZmQxMzUtZDMxYS00OWFhLWI1MjgtOTYxNmM0NWQ3M2FhXkEyXkFqcGc@..jpg,0,0,0,0,0,0,0,0,0,0,0,0,0,1,0,0,0,0,0,https://www.imdb.com/title/tt0025878/?ref_=fn_ttl_ttl_1
494,His Girl Friday (1940),01-Jan-1940,https://m.media-amazon.com/images/M/MV5BMzRhMTQ1ZjEtYzM2MC00OThiLTk3NTEtNGRhNzcwNGM2YWQ4XkEyXkFqcGc@..jpg,0,0,0,0,0,1,0,0,0,0,0,0,0,0,0,0,0,0,0,https://www.imdb.com/title/tt0032599/?ref_=fn_ttl_ttl_1
495,Around the World in 80 Days (1956),01-Jan-1956,https://m.media-amazon.com/images/M/MV5BYTNmOTdlYzUtMGEyOC00YzBmLWFmYzAtMTBiM2UwOWQwZGJkXkEyXkFqcGc@..jpg,0,0,1,0,0,1,0,0,0,0,0,0,0,0,0,0,0,0,0,https://www.imdb.com/title/tt0048960/?ref_=fn_ttl_ttl_1
496,It's a Wonderful Life (1946),01-Jan-1946,https://m.media-amazon.com/images/M/MV5BMDM4OWFhYjEtNTE5Yy00NjcyLTg5N2UtZDQwNDZlYjlmNDU5XkEyXkFqcGc@..jpg,0,0,0,0,0,0,0,0,1,0,0,0,0,0,0,0,0,0,0,https://www.imdb.com/title/tt0038650/?ref_=fn_ttl_ttl_1
497,Bringing Up Baby (1938),01-Jan-1938,https://m.media-amazon.com/images/M/MV5BNDA5M2NlYjAtYzQ3OC00ZWM0LWJjYWYtMTU5N2NhNGY3ZmZmXkEyXkFqcGc@..jpg,0,0,0,0,0,1,0,0,0,0,0,0,0,0,0,0,0,0,0,https://www.imdb.com/title/tt0029947/?ref_=fn_ttl_ttl_1
498,"African Queen, The (1951)",01-Jan-1951,https://m.media-amazon.com/images/M/MV5BY2Y0OWQ4Y2QtNGE5NC00MDk4LWFlYmQtYWVmNzZlZWVhMTg4XkEyXkFqcGc@..jpg,0,1,1,0,0,0,0,0,0,0,0,0,0,0,1,0,0,1,0,https://www.imdb.com/title/tt0043265/?ref_=fn_ttl_ttl_1
499,Cat on a Hot Tin Roof (1958),01-Jan-1958,https://m.media-amazon.com/images/M/MV5BMTYzNjY1YjYtNDQzMi00M2JjLTgwMDEtMDc3ZWE3ZmI2NjNiXkEyXkFqcGc@..jpg,0,0,0,0,0,0,0,0,1,0,0,0,0,0,0,0,0,0,0,https://www.imdb.com/title/tt0051459/?ref_=fn_ttl_ttl_1
500,Fly Away Home (1996),13-Sep-1996,https://m.media-amazon.com/images/M/MV5BNWQwYmJjNDgtOGU2MS00MzRmLTgyZmMtMTRjNWQ4ODFjMTBiXkEyXkFqcGc@..jpg,0,0,1,0,1,0,0,0,0,0,0,0,0,0,0,0,0,0,0,https://www.imdb.com/title/tt0116329/?ref_=fn_ttl_ttl_1
501,Dumbo (1941),01-Jan-1941,https://m.media-amazon.com/images/M/MV5BNzIzZWZmM2ItNGMzOC00MGFiLTgxODgtNTQ2Mzk3ZWE1MzYxXkEyXkFqcGc@..jpg,0,0,0,1,1,0,0,0,0,0,0,0,1,0,0,0,0,0,0,https://www.imdb.com/title/tt0033563/?ref_=fn_ttl_ttl_1
502,Bananas (1971),01-Jan-1971,https://m.media-amazon.com/images/M/MV5BMTIyYmU1NmQtYjI3Ni00N2IwLTg4MmItMzNhOWRiMjk5NjY4XkEyXkFqcGc@..jpg,0,0,0,0,0,1,0,0,0,0,0,0,0,0,0,0,0,1,0,https://www.imdb.com/title/tt0066808/?ref_=fn_ttl_ttl_1
503,"Candidate, The (1972)",01-Jan-1972,https://m.media-amazon.com/images/M/MV5BNDQzMGMzYTctOWE5Mi00OGFlLTlhY2YtZjg1NGFlZDkwNzkxXkEyXkFqcGc@..jpg,0,0,0,0,0,0,0,0,1,0,0,0,0,0,0,0,0,0,0,https://www.imdb.com/title/tt0068334/?ref_=fn_ttl_ttl_1
504,Bonnie and Clyde (1967),01-Jan-1967,https://m.media-amazon.com/images/M/MV5BYWI3ZmM1NmEtMDk4Yi00MzYzLTk0MDctYWJlZjY4MGViNDFiXkEyXkFqcGc@..jpg,0,0,0,0,0,0,1,0,1,0,0,0,0,0,0,0,0,0,0,https://www.imdb.com/title/tt0061418/?ref_=fn_ttl_ttl_1
505,Dial M for Murder (1954),01-Jan-1954,https://m.media-amazon.com/images/M/MV5BZmYzNDgzYjgtNmU3Ny00YzUxLWE3OWUtMjIxZmNkYTVhNDZmXkEyXkFqcGc@..jpg,0,0,0,0,0,0,0,0,0,0,0,0,0,1,0,0,1,0,0,https://www.imdb.com/title/tt0046912/?ref_=fn_ttl_ttl_1
506,Rebel Without a Cause (1955),01-Jan-1955,https://m.media-amazon.com/images/M/MV5BY2QzZWUzODQtODUyZi00NDBlLTgzMGEtY2UzNmZhYzI0MTEyXkEyXkFqcGc@..jpg,0,0,0,0,0,0,0,0,1,0,0,0,0,0,0,0,0,0,0,https://www.imdb.com/title/tt0048545/?ref_=fn_ttl_ttl_1
507,"Streetcar Named Desire, A (1951)",01-Jan-1951,https://m.media-amazon.com/images/M/MV5BNTdmZDY1ODQtNzFjYy00MGM4LWJmNDItN2MxMmQ2OTgxZGNmXkEyXkFqcGc@..jpg,0,0,0,0,0,0,0,0,1,0,0,0,0,0,0,0,0,0,0,https://www.imdb.com/title/tt0044081/?ref_=fn_ttl_ttl_1
508,"People vs. Larry Flynt, The (1996)",27-Dec-1996,https://m.media-amazon.com/images/M/MV5BNDU2ZTYxMDItNzRjNy00YWNkLTg1YTAtYmZlYTQxMzA3NjFmXkEyXkFqcGc@..jpg,0,0,0,0,0,0,0,0,1,0,0,0,0,0,0,0,0,0,0,https://www.imdb.com/title/tt0117318/?ref_=fn_ttl_ttl_1
509,My Left Foot (1989),01-Jan-1989,https://m.media-amazon.com/images/M/MV5BYzU2NDY0YzItOTVhNS00Yzk4LTg0ZTktNjFiZDJmZTgwMDYyXkEyXkFqcGc@..jpg,0,0,0,0,0,0,0,0,1,0,0,0,0,0,0,0,0,0,0,https://www.imdb.com/title/tt0097937/?ref_=fn_ttl_ttl_1
510,"Magnificent Seven, The (1954)",01-Jan-1954,https://m.media-amazon.com/images/M/MV5BMTUzNTc0NTAyM15BMl5BanBnXkFtZTgwMTk1ODA5OTE@..jpg,0,1,0,0,0,0,0,0,1,0,0,0,0,0,0,0,0,0,1,https://www.imdb.com/title/tt2404435/?ref_=fn_ttl_ttl_1
511,Lawrence of Arabia (1962),01-Jan-1962,https://m.media-amazon.com/images/M/MV5BYjY0YTQ1OTAtYjEyNy00NTQ4LThlMTQtM2QwYTVhYWFhNjU5XkEyXkFqcGc@..jpg,0,0,1,0,0,0,0,0,0,0,0,0,0,0,0,0,0,1,0,https://www.imdb.com/title/tt0056172/?ref_=fn_ttl_ttl_1
512,Wings of Desire (1987),01-Jan-1987,https://m.media-amazon.com/images/M/MV5BYTUwY2EyMDktMGI0Ny00MDNlLWE0ODMtZWIwOGNhNmY1OWIwXkEyXkFqcGc@..jpg,0,0,0,0,0,1,0,0,1,0,0,0,0,0,1,0,0,0,0,https://www.imdb.com/title/tt0093191/?ref_=fn_ttl_ttl_1
513,"Third Man, The (1949)",01-Jan-1949,https://m.media-amazon.com/images/M/MV5BNGVjMTMxZTQtMmVlNy00YmI0LWJjMDUtYTgyZWU1Njg5ZGRiXkEyXkFqcGc@..jpg,0,0,0,0,0,0,0,0,0,0,0,0,0,1,0,0,1,0,0,https://www.imdb.com/title/tt0041959/?ref_=fn_ttl_ttl_1
514,Annie Hall (1977),01-Jan-1977,https://m.media-amazon.com/images/M/MV5BNjZlOWE5N2UtMTdhZC00NjU5LTg2MjYtOGU4NDhhNWNlMmRlXkEyXkFqcGc@..jpg,0,0,0,0,0,1,0,0,0,0,0,0,0,0,1,0,0,0,0,https://www.imdb.com/title/tt0075686/?ref_=fn_ttl_ttl_1
515,"Boot, Das (1981)",04-Apr-1997,https://m.media-amazon.com/images/M/MV5BNGU0MWZlMTUtM2Y3Ny00NGNmLWE5NmEtN2YxOWQzMGM3ZWYzXkEyXkFqcGc@..jpg,0,1,0,0,0,0,0,0,1,0,0,0,0,0,0,0,0,1,0,https://www.imdb.com/title/tt0082096/?ref_=fn_ttl_ttl_1
516,Local Hero (1983),01-Jan-1983,https://m.media-amazon.com/images/M/MV5BNjRmYWNlYWMtOTcxZS00YzU5LWEwZTctYjEzZWZlNmQxN2Y1XkEyXkFqcGc@..jpg,0,0,0,0,0,1,0,0,0,0,0,0,0,0,0,0,0,0,0,https://www.imdb.com/title/tt0085859/?ref_=fn_ttl_ttl_1
517,Manhattan (1979),01-Jan-1979,https://m.media-amazon.com/images/M/MV5BMzhjMjEyOWItMWU2Ni00ZTE5LWFhODEtZGU1MTQyZjU4ODkzXkEyXkFqcGc@..jpg,0,0,0,0,0,1,0,0,1,0,0,0,0,0,1,0,0,0,0,https://www.imdb.com/title/tt0079522/?ref_=fn_ttl_ttl_1
518,Miller's Crossing (1990),01-Jan-1990,https://m.media-amazon.com/images/M/MV5BMTY2Njk3MTAzM15BMl5BanBnXkFtZTgwMTY5Mzk4NjE@..jpg,0,0,0,0,0,0,0,0,1,0,0,0,0,0,0,0,0,0,0,https://www.imdb.com/title/tt0100150/?ref_=fn_ttl_ttl_1
519,"Treasure of the Sierra Madre, The (1948)",01-Jan-1948,https://m.media-amazon.com/images/M/MV5BOWM1YjFmODEtMWNhMC00YmI1LWI0Y2EtYzg0YTBhZWI4ODE3XkEyXkFqcGc@..jpg,0,0,1,0,0,0,0,0,0,0,0,0,0,0,0,0,0,0,0,https://www.imdb.com/title/tt0040897/?ref_=fn_ttl_ttl_1
520,"Great Escape, The (1963)",01-Jan-1963,https://m.media-amazon.com/images/M/MV5BMDRhNmJjMzEtMWU5MC00YmEyLTg3ZmYtNzYxZTI1ZGU4ZjI1XkEyXkFqcGc@..jpg,0,0,1,0,0,0,0,0,0,0,0,0,0,0,0,0,0,1,0,https://www.imdb.com/title/tt0057115/?ref_=fn_ttl_ttl_1
521,"Deer Hunter, The (1978)",01-Jan-1978,https://m.media-amazon.com/images/M/MV5BZGI4YmVhMzMtMWExMS00MGZiLTg2MmItM2I2MWZjODAyM2U5XkEyXkFqcGc@..jpg,0,0,0,0,0,0,0,0,1,0,0,0,0,0,0,0,0,1,0,https://www.imdb.com/title/tt0077416/?ref_=fn_ttl_ttl_1
522,Down by Law (1986),01-Jan-1986,https://m.media-amazon.com/images/M/MV5BNjAxNDRhM2UtYTRkNS00YzlkLTkxZDMtYzg4MDAyZGQwM2Q4XkEyXkFqcGc@..jpg,0,0,0,0,0,1,0,0,1,0,0,0,0,0,0,0,0,0,0,https://www.imdb.com/title/tt0090967/?ref_=fn_ttl_ttl_1
523,Cool Hand Luke (1967),01-Jan-1967,https://m.media-amazon.com/images/M/MV5BYzI1NzBkNmMtOWRmMS00YmY2LTk5MjQtZjAzMmIwZDQ2M2UwXkEyXkFqcGc@..jpg,0,0,0,0,0,1,0,0,1,0,0,0,0,0,0,0,0,0,0,https://www.imdb.com/title/tt0061512/?ref_=fn_ttl_ttl_1
524,"Great Dictator, The (1940)",01-Jan-1940,https://m.media-amazon.com/images/M/MV5BMjc4ZjEwNDUtMjlmZS00NzQ4LTg2N2MtMGI3ZjMyMmM3ZDM2XkEyXkFqcGc@..jpg,0,0,0,0,0,1,0,0,0,0,0,0,0,0,0,0,0,0,0,https://www.imdb.com/title/tt0032553/?ref_=fn_ttl_ttl_1
525,"Big Sleep, The (1946)",01-Jan-1946,https://m.media-amazon.com/images/M/MV5BZTVlNDAwZTAtZmY0My00NDMyLWFkZjMtMjY0NmVmOTFlNTdhXkEyXkFqcGc@..jpg,0,0,0,0,0,0,0,0,0,0,1,0,0,1,0,0,0,0,0,https://www.imdb.com/title/tt0038355/?ref_=fn_ttl_ttl_1
526,Ben-Hur (1959),01-Jan-1959,https://m.media-amazon.com/images/M/MV5BNjg2M2E1YzYtOThmMC00NjAyLWI5MzgtMDEwOGFiODdlOGUzXkEyXkFqcGc@..jpg,0,1,1,0,0,0,0,0,1,0,0,0,0,0,0,0,0,0,0,https://www.imdb.com/title/tt0052618/?ref_=fn_ttl_ttl_1
527,Gandhi (1982),01-Jan-1982,https://m.media-amazon.com/images/M/MV5BNTg3ODhlZTEtM2Q3MC00YzMxLWJjN2YtOWUyMDIyYTlhYzM3XkEyXkFqcGc@..jpg,0,0,0,0,0,0,0,0,1,0,0,0,0,0,0,0,0,0,0,https://www.imdb.com/title/tt0083987/?ref_=fn_ttl_ttl_1
528,"Killing Fields, The (1984)",01-Jan-1984,https://m.media-amazon.com/images/M/MV5BYWFiNThiZjUtMzMxZS00MmY5LWE3NzYtYjU5NjAwOTEwZGMyXkEyXkFqcGc@..jpg,0,0,0,0,0,0,0,0,1,0,0,0,0,0,0,0,0,1,0,https://www.imdb.com/title/tt0087553/?ref_=fn_ttl_ttl_1
529,My Life as a Dog (Mitt liv som hund) (1985),01-Jan-1985,https://m.media-amazon.com/images/M/MV5BNjhlY2Q0ZTEtOTAxNS00YTY2LWFkOWYtZTU5NTI1YmFkZmY0XkEyXkFqcGc@..jpg,0,0,0,0,0,0,0,0,1,0,0,0,0,0,0,0,0,0,0,https://www.imdb.com/title/tt0089606/
530,"Man Who Would Be King, The (1975)",01-Jan-1975,https://m.media-amazon.com/images/M/MV5BYTE2MGQyYWItZTQxMy00MzVjLTljZjItMWE0MjJhMzZiZTkxXkEyXkFqcGc@..jpg,0,0,1,0,0,0,0,0,0,0,0,0,0,0,0,0,0,0,0,https://www.imdb.com/title/tt0073341/?ref_=fn_ttl_ttl_1
531,Shine (1996),22-Nov-1996,https://m.media-amazon.com/images/M/MV5BODZlMjRmN2UtZmY1Yi00YjhjLTg4OTAtZmQxNWMwZTY5YjI4XkEyXkFqcGc@..jpg,0,0,0,0,0,0,0,0,1,0,0,0,0,0,1,0,0,0,0,https://www.imdb.com/title/tt0117631/?ref_=fn_ttl_ttl_1
532,Kama Sutra: A Tale of Love (1996),07-Mar-1997,https://m.media-amazon.com/images/M/MV5BM2IwMDg0ZmEtMDBmYi00NDY2LWI3MjUtMzI5NmI1ZTdlMDQ4XkEyXkFqcGc@..jpg,0,0,0,0,0,0,0,0,0,0,0,0,0,0,1,0,0,0,0,https://www.imdb.com/title/tt0116743/?ref_=fn_ttl_ttl_1
533,"Daytrippers, The (1996)",21-Mar-1997,https://m.media-amazon.com/images/M/MV5BMGY5MTIzMWEtNmY5ZS00OWFiLWI5OGEtYzdhMmUyMTNhMzBiXkEyXkFqcGc@..jpg,0,0,0,0,0,0,0,0,0,0,0,0,0,1,0,0,0,0,0,https://www.imdb.com/title/tt0116041/?ref_=fn_ttl_ttl_1
534,Traveller (1997),18-Apr-1997,https://m.media-amazon.com/images/M/MV5BZWIzY2VlZmUtYTEzZS00YzUwLTk2NGMtMDU1ODY4YWE0OWU0XkEyXkFqcGc@..jpg,0,0,0,0,0,0,0,0,1,0,0,0,0,0,0,0,0,0,0,https://www.imdb.com/title/tt0120366/?ref_=fn_ttl_ttl_1
535,Addicted to Love (1997),23-May-1997,https://m.media-amazon.com/images/M/MV5BNjMwZjhiYTYtNjc5My00NTRhLTg0NWItMTk4MDJhNzcxNDRkXkEyXkFqcGc@..jpg,0,0,0,0,0,1,0,0,0,0,0,0,0,0,1,0,0,0,0,https://www.imdb.com/title/tt0118556/?ref_=fn_ttl_ttl_1
536,Ponette (1996),23-May-1997,https://m.media-amazon.com/images/M/MV5BZTc5YjBkOGUtMTQ5YS00YzQyLWJkM2UtODA5YjY1YjgwNGM1XkEyXkFqcGc@..jpg,0,0,0,0,0,0,0,0,1,0,0,0,0,0,0,0,0,0,0,https://www.imdb.com/title/tt0117359/?ref_=fn_ttl_ttl_1
537,My Own Private Idaho (1991),01-Jan-1991,https://m.media-amazon.com/images/M/MV5BZjkxY2I1NGYtYThmNC00ODIyLWE1NTktMTcxMzQyOWI0ZjYxXkEyXkFqcGc@..jpg,0,0,0,0,0,0,0,0,1,0,0,0,0,0,0,0,0,0,0,https://www.imdb.com/title/tt0102494/?ref_=fn_ttl_ttl_1
538,Anastasia (1997),01-Jan-1997,https://m.media-amazon.com/images/M/MV5BMGY2YjdjNTItMGIzOC00MDNhLTkxNDMtNzgxN2U4YzA3YzRlXkEyXkFqcGc@..jpg,0,0,0,1,1,0,0,0,0,0,0,0,1,0,0,0,0,0,0,https://www.imdb.com/title/tt0118617/?ref_=fn_ttl_ttl_1
539,Mouse Hunt (1997),01-Jan-1997,https://m.media-amazon.com/images/M/MV5BZmY2MmVmNGMtNWU1Ny00NGQ5LTkwNDYtMmFhNzRlZWViYjViXkEyXkFqcGc@..jpg,0,0,0,0,1,1,0,0,0,0,0,0,0,0,0,0,0,0,0,https://www.imdb.com/title/tt0119715/?ref_=fn_ttl_ttl_1
540,Money Train (1995),01-Jan-1995,https://m.media-amazon.com/images/M/MV5BZGIzODJmMGYtMzY2My00ZGJkLTg1YzMtNmY2ZTVlYmI5YzYyXkEyXkFqcGc@..jpg,0,1,0,0,0,0,0,0,0,0,0,0,0,0,0,0,0,0,0,https://www.imdb.com/title/tt0113845/?ref_=fn_ttl_ttl_1
541,Mortal Kombat (1995),01-Jan-1995,https://m.media-amazon.com/images/M/MV5BNjQyYjJjMzEtZTYzYy00ZjFmLTlkNTktNDI5ZjIwNTAxOWE0XkEyXkFqcGc@..jpg,0,1,1,0,0,0,0,0,0,0,0,0,0,0,0,0,0,0,0,https://www.imdb.com/title/tt0113855/?ref_=fn_ttl_ttl_1
542,Pocahontas (1995),01-Jan-1995,https://m.media-amazon.com/images/M/MV5BY2ZlNTUxM2MtYmJhYS00Y2E5LTlmYTItZDhlNWJmMmRiYTYzXkEyXkFqcGc@..jpg,0,0,0,1,1,0,0,0,0,0,0,0,1,0,1,0,0,0,0,https://www.imdb.com/title/tt0114148/?ref_=fn_ttl_ttl_1
543,"Mis�rables, Les (1995)",01-Jan-1995,https://m.media-amazon.com/images/M/MV5BNmYyZjA0YmEtNGU5Ni00YzVjLWJkMTAtZmU0NGI2Y2Y3ODQwXkEyXkFqcGc@..jpg,0,0,0,0,0,0,0,0,1,0,0,0,1,0,0,0,0,0,0,https://www.imdb.com/title/tt0113828/?ref_=fn_ttl_ttl_1
544,Things to Do in Denver when You're Dead (1995),02-Feb-1996,https://m.media-amazon.com/images/M/MV5BMDEzMzQ0YTctYTg0Ny00Y2MxLWE1ZjAtNzQwMjVmNWQxZTIwXkEyXkFqcGc@..jpg,0,0,0,0,0,0,1,0,1,0,0,0,0,0,1,0,0,0,0,https://www.imdb.com/title/tt0114660/?ref_=fn_ttl_ttl_1
545,Vampire in Brooklyn (1995),01-Jan-1995,https://m.media-amazon.com/images/M/MV5BZTk1ZGQ4ZTUtMmQxZS00ODcxLTk3YjUtZDA0MWVhZWMyNGJmXkEyXkFqcGc@..jpg,0,0,0,0,0,1,0,0,0,0,0,0,0,0,1,0,0,0,0,https://www.imdb.com/title/tt0114825/?ref_=fn_ttl_ttl_1
546,Broken Arrow (1996),09-Feb-1996,https://m.media-amazon.com/images/M/MV5BMjkxMzA5ZWMtZWU0MS00MTBhLWFjNzItYWI2ZGU4YjE2MTc4XkEyXkFqcGc@..jpg,0,1,0,0,0,0,0,0,0,0,0,0,0,0,0,0,1,0,0,https://www.imdb.com/title/tt0115759/?ref_=fn_ttl_ttl_1
547,"Young Poisoner's Handbook, The (1995)",23-Feb-1996,https://m.media-amazon.com/images/M/MV5BMTg0MTE5OTMzNV5BMl5BanBnXkFtZTcwMDM0MzkzMQ@@..jpg,0,0,0,0,0,0,1,0,0,0,0,0,0,0,0,0,0,0,0,https://www.imdb.com/title/tt0115033/?ref_=fn_ttl_ttl_1
548,"NeverEnding Story III, The (1994)",02-Feb-1996,https://m.media-amazon.com/images/M/MV5BOTdmY2EwZTMtYTE5MC00Yzg2LTk5MGItYTdmMmRiZmM0Y2VjXkEyXkFqcGc@..jpg,0,0,0,0,1,0,0,0,0,1,0,0,0,0,0,0,0,0,0,https://www.imdb.com/title/tt0110647/?ref_=fn_ttl_ttl_1
549,Rob Roy (1995),01-Jan-1995,https://m.media-amazon.com/images/M/MV5BYzU2NzcxMjgtNDdjYi00MDRiLTg4ZWEtNDAzODNlYzEyN2NhXkEyXkFqcGc@..jpg,0,0,0,0,0,0,0,0,1,0,0,0,0,0,1,0,0,1,0,https://www.imdb.com/title/tt0114287/?ref_=fn_ttl_ttl_1
550,Die Hard: With a Vengeance (1995),01-Jan-1995,https://m.media-amazon.com/images/M/MV5BYjkzNzdkMTctNzMwMS00M2Q0LWIyOTMtNmM2NDY5NWZjNTJlXkEyXkFqcGc@..jpg,0,1,0,0,0,0,0,0,0,0,0,0,0,0,0,0,1,0,0,https://www.imdb.com/title/tt0112864/?ref_=fn_ttl_ttl_1
551,Lord of Illusions (1995),01-Jan-1995,https://m.media-amazon.com/images/M/MV5BNDg1OTc0MDQwNl5BMl5BanBnXkFtZTcwMjQ3NDk0NA@@..jpg,0,0,0,0,0,0,0,0,0,0,0,1,0,0,0,0,0,0,0,https://www.imdb.com/title/tt0113690/?ref_=fn_ttl_ttl_1
552,Species (1995),01-Jan-1995,https://m.media-amazon.com/images/M/MV5BMjEzOTkxNTcyM15BMl5BanBnXkFtZTcwOTk0MjI3NA@@..jpg,0,0,0,0,0,0,0,0,0,0,0,0,0,0,0,1,0,0,0,https://www.imdb.com/title/tt0114508/?ref_=fn_ttl_ttl_1
553,"Walk in the Clouds, A (1995)",01-Jan-1995,https://m.media-amazon.com/images/M/MV5BYWQxZmUzZjItMTRlNi00MzE3LTg1ZjEtOWZhMzkxMTgyMDAyXkEyXkFqcGc@..jpg,0,0,0,0,0,0,0,0,1,0,0,0,0,0,1,0,0,0,0,https://www.imdb.com/title/tt0114887/?ref_=fn_ttl_ttl_1
554,Waterworld (1995),01-Jan-1995,https://m.media-amazon.com/images/M/MV5BMjI5ZmQ3NTAtNWVhMi00ZmI2LTg3YTMtN2Q1MmNjYzMwZGI1XkEyXkFqcGc@..jpg,0,1,1,0,0,0,0,0,0,0,0,0,0,0,0,0,0,0,0,https://www.imdb.com/title/tt0114898/?ref_=fn_ttl_ttl_1
555,White Man's Burden (1995),01-Jan-1995,https://m.media-amazon.com/images/M/MV5BN2FmZjFjNDAtODI2Zi00YmQxLTkxZDMtZjcxYzQ1NmQyZmFiXkEyXkFqcGc@..jpg,0,0,0,0,0,0,0,0,1,0,0,0,0,0,0,0,0,0,0,https://www.imdb.com/title/tt0114928/?ref_=fn_ttl_ttl_1
556,Wild Bill (1995),01-Jan-1995,https://m.media-amazon.com/images/M/MV5BMjI0MjI4NDkyOF5BMl5BanBnXkFtZTcwNzQ0NTg3NA@@..jpg,0,0,0,0,0,0,0,0,0,0,0,0,0,0,0,0,0,0,1,https://www.imdb.com/title/tt0114938/?ref_=fn_ttl_ttl_1
557,Farinelli: il castrato (1994),01-Jan-1994,https://m.media-amazon.com/images/M/MV5BYmI2NmUzN2UtMTRiOS00ODBhLTlkN2QtNTcwYjgxMDZmMjY4XkEyXkFqcGc@..jpg,0,0,0,0,0,0,0,0,1,0,0,0,1,0,0,0,0,0,0,https://www.imdb.com/title/tt0109771/?ref_=fn_ttl_ttl_1
558,Heavenly Creatures (1994),01-Jan-1994,https://m.media-amazon.com/images/M/MV5BMjY2OTgyMjMtZGEwYy00NGNjLTg3NmQtNzBmMDRkZmRiYzlhXkEyXkFqcGc@..jpg,0,0,0,0,0,0,0,0,1,1,0,0,0,0,0,0,1,0,0,https://www.imdb.com/title/tt0110005/?ref_=fn_ttl_ttl_1
559,Interview with the Vampire (1994),01-Jan-1994,https://m.media-amazon.com/images/M/MV5BYzJlN2NiZDQtZmI4NC00ZWFiLWFmMTUtMWM4ODVlOGFlODY1XkEyXkFqcGc@..jpg,0,0,0,0,0,0,0,0,1,0,0,1,0,0,0,0,0,0,0,https://www.imdb.com/title/tt0110148/?ref_=fn_ttl_ttl_1
560,"Kid in King Arthur's Court, A (1995)",01-Jan-1995,https://m.media-amazon.com/images/M/MV5BZTc5N2ZiNWMtOWUyZi00Y2I0LThlZDctNzdkYWFkNmViNDgzXkEyXkFqcGc@..jpg,0,0,1,0,1,1,0,0,0,1,0,0,0,0,1,1,0,0,0,https://www.imdb.com/title/tt0113538/?ref_=fn_ttl_ttl_1
561,Mary Shelley's Frankenstein (1994),01-Jan-1994,https://m.media-amazon.com/images/M/MV5BMGQ2MWNjYWMtYmUxMy00MmMzLThhOTktMTc4MjRiOTM0N2VmXkEyXkFqcGc@..jpg,0,0,0,0,0,0,0,0,1,0,0,1,0,0,0,0,0,0,0,https://www.imdb.com/title/tt0109836/?ref_=fn_ttl_ttl_1
562,"Quick and the Dead, The (1995)",01-Jan-1995,https://m.media-amazon.com/images/M/MV5BZGRlZTJmNTEtMzE3Yi00YTAwLWIyMjgtODU4NTExNjFmOTQwXkEyXkFqcGc@..jpg,0,1,1,0,0,0,0,0,0,0,0,0,0,0,0,0,0,0,1,https://www.imdb.com/title/tt0114214/?ref_=fn_ttl_ttl_1
563,Stephen King's The Langoliers (1995),01-Jan-1995,https://m.media-amazon.com/images/M/MV5BMTU2NjQyNDY1Ml5BMl5BanBnXkFtZTcwMTk1MDU1MQ@@..jpg,0,0,0,0,0,0,0,0,0,0,0,1,0,0,0,0,0,0,0,https://www.imdb.com/title/tt0884328/?ref_=fn_ttl_ttl_1
564,Tales from the Hood (1995),01-Jan-1995,https://m.media-amazon.com/images/M/MV5BNjE3YmQ4ZjMtYTQwNC00NzcxLThkOGUtZTNhMzJhZDg2MGEyXkEyXkFqcGc@..jpg,0,0,0,0,0,1,0,0,0,0,0,1,0,0,0,0,0,0,0,https://www.imdb.com/title/tt0114609/?ref_=fn_ttl_ttl_1
565,Village of the Damned (1995),01-Jan-1995,https://m.media-amazon.com/images/M/MV5BZjU0ZDMyOTgtNWU0YS00MjFmLWJjOTEtYjViMDI1NWUyMGE5XkEyXkFqcGc@..jpg,0,0,0,0,0,0,0,0,0,0,0,1,0,0,0,0,1,0,0,https://www.imdb.com/title/tt0114852/?ref_=fn_ttl_ttl_1
566,Clear and Present Danger (1994),01-Jan-1994,https://m.media-amazon.com/images/M/MV5BZmRhZWJhZTctZjE4OS00NzM0LWIyYzEtNTM2MDgyY2MwNTQzXkEyXkFqcGc@..jpg,0,1,1,0,0,0,0,0,0,0,0,0,0,0,0,0,1,0,0,https://www.imdb.com/title/tt0109444/?ref_=fn_ttl_ttl_1
567,Wes Craven's New Nightmare (1994),01-Jan-1994,https://m.media-amazon.com/images/M/MV5BMDgxY2MzYjctYWJlOS00OWU4LWEzYTAtOGFmYTIzNmFjNGJiXkEyXkFqcGc@..jpg,0,0,0,0,0,0,0,0,0,0,0,1,0,0,0,0,0,0,0,https://www.imdb.com/title/tt0111686/?ref_=fn_ttl_ttl_1
568,Speed (1994),01-Jan-1994,https://m.media-amazon.com/images/M/MV5BMDc2ODI5YWQtMmM2ZS00MTdmLWEyNWEtNmRmOGE5NGZlYWMzXkEyXkFqcGc@..jpg,0,1,0,0,0,0,0,0,0,0,0,0,0,0,1,0,1,0,0,https://www.imdb.com/title/tt0111257/?ref_=fn_ttl_ttl_1
569,Wolf (1994),01-Jan-1994,https://m.media-amazon.com/images/M/MV5BMjJkYmE5NjItMGMyNi00NjNmLTg3MDMtNzg5NWU4MmVhZmQ0XkEyXkFqcGc@..jpg,0,0,0,0,0,0,0,0,1,0,0,1,0,0,0,0,0,0,0,https://www.imdb.com/title/tt0111742/?ref_=fn_ttl_ttl_1
570,Wyatt Earp (1994),01-Jan-1994,https://m.media-amazon.com/images/M/MV5BNjQ5YzJmMjktMmYwNi00ZTU4LWFhMDgtZWRhZDAxZTA2MzIxXkEyXkFqcGc@..jpg,0,0,0,0,0,0,0,0,0,0,0,0,0,0,0,0,0,0,1,https://www.imdb.com/title/tt0111756/?ref_=fn_ttl_ttl_1
571,Another Stakeout (1993),01-Jan-1993,https://m.media-amazon.com/images/M/MV5BZWQ4MDM1YTMtN2RiMS00OGU3LTgxOGItODk1NDQ2NTRkYWRiXkEyXkFqcGc@..jpg,0,0,0,0,0,1,0,0,0,0,0,0,0,0,0,0,1,0,0,https://www.imdb.com/title/tt0106292/?ref_=fn_ttl_ttl_1
572,Blown Away (1994),01-Jan-1994,https://m.media-amazon.com/images/M/MV5BNTBhZjlkYzgtOGQxYi00NGIwLWJlNGYtMDlhY2YwOTc3OWZkXkEyXkFqcGc@..jpg,0,1,0,0,0,0,0,0,0,0,0,0,0,0,0,0,1,0,0,https://www.imdb.com/title/tt0109303/?ref_=fn_ttl_ttl_1
573,Body Snatchers (1993),01-Jan-1993,https://m.media-amazon.com/images/M/MV5BNzdmNTViMGItZDEwYS00NGU3LWEwMDUtNTg2MWRhYzQwYmRlXkEyXkFqcGc@..jpg,0,0,0,0,0,0,0,0,0,0,0,1,0,0,0,1,1,0,0,https://www.imdb.com/title/tt0106452/?ref_=fn_ttl_ttl_1
574,Boxing Helena (1993),01-Jan-1993,https://m.media-amazon.com/images/M/MV5BZDc4OTAwMjgtZTg0Yy00ZWUzLWIzNmMtYWIyMTIzYWU1ZGVkXkEyXkFqcGc@..jpg,0,0,0,0,0,0,0,0,0,0,0,0,0,1,1,0,1,0,0,https://www.imdb.com/title/tt0106471/?ref_=fn_ttl_ttl_1
575,City Slickers II: The Legend of Curly's Gold (1994),01-Jan-1994,https://m.media-amazon.com/images/M/MV5BYjJmYjUxM2YtYmE2Ni00YzlhLTlhOTEtNzVlNTYxZDI4NDI3XkEyXkFqcGc@..jpg,0,0,0,0,0,1,0,0,0,0,0,0,0,0,0,0,0,0,1,https://www.imdb.com/title/tt0109439/?ref_=fn_ttl_ttl_1
576,Cliffhanger (1993),01-Jan-1993,https://m.media-amazon.com/images/M/MV5BNGJkZmZlYTYtODQ1ZC00N2JiLWIxMWYtZTE4ZDMxZjQyZTAzXkEyXkFqcGc@..jpg,0,1,1,0,0,0,1,0,0,0,0,0,0,0,0,0,0,0,0,https://www.imdb.com/title/tt0106582/?ref_=fn_ttl_ttl_1
577,Coneheads (1993),01-Jan-1993,https://m.media-amazon.com/images/M/MV5BOTE5NDNjOWUtMDhmZi00MTA2LWEzZWEtYjUxZWYxZGEzNjU4XkEyXkFqcGc@..jpg,0,0,0,0,0,1,0,0,0,0,0,0,0,0,0,1,0,0,0,https://www.imdb.com/title/tt0106598/?ref_=fn_ttl_ttl_1
578,Demolition Man (1993),01-Jan-1993,https://m.media-amazon.com/images/M/MV5BNWY3ZThmN2QtMzVkNS00MjczLTllNDQtOGEwN2M0ZTFkMWMzXkEyXkFqcGc@..jpg,0,1,0,0,0,0,0,0,0,0,0,0,0,0,0,1,0,0,0,https://www.imdb.com/title/tt0106697/?ref_=fn_ttl_ttl_1
579,Fatal Instinct (1993),01-Jan-1993,https://m.media-amazon.com/images/M/MV5BYmZkODNiY2MtYjU2My00OTQ3LWJmNjItYjFiYzVjZWFmMjgxXkEyXkFqcGc@..jpg,0,0,0,0,0,1,0,0,0,0,0,0,0,0,0,0,0,0,0,https://www.imdb.com/title/tt0106873/?ref_=fn_ttl_ttl_1
580,"Englishman Who Went Up a Hill, But Came Down a Mountain, The (1995)",01-Jan-1995,https://m.media-amazon.com/images/M/MV5BZDQwNTBkZDMtMDVhOC00NDhjLWEwYjMtODkwYjEzNWE5MzA2XkEyXkFqcGc@..jpg,0,0,0,0,0,1,0,0,0,0,0,0,0,0,1,0,0,0,0,https://www.imdb.com/title/tt0112966/?ref_=fn_ttl_ttl_1
581,Kalifornia (1993),01-Jan-1993,https://m.media-amazon.com/images/M/MV5BZGIyNmJiYmUtN2EzYS00NTU5LTllZmItMDA1YmFjNjM2ZjNjXkEyXkFqcGc@..jpg,0,0,0,0,0,0,0,0,1,0,0,0,0,0,0,0,1,0,0,https://www.imdb.com/title/tt0107302/?ref_=fn_ttl_ttl_1
582,"Piano, The (1993)",01-Jan-1993,https://m.media-amazon.com/images/M/MV5BZGZiYTQ0MmEtY2RmYy00ZjRkLWI3NTctYTRhMGJlMzA4ZDg0XkEyXkFqcGc@..jpg,0,0,0,0,0,0,0,0,1,0,0,0,0,0,1,0,0,0,0,https://www.imdb.com/title/tt0107822/?ref_=fn_ttl_ttl_1
583,Romeo Is Bleeding (1993),01-Jan-1993,https://m.media-amazon.com/images/M/MV5BZjIxZmQ2YzgtNTdlOS00ZWZlLTk1YTctZWZiOGFkMWJjNzAxXkEyXkFqcGc@..jpg,0,0,0,0,0,0,1,0,0,0,0,0,0,0,0,0,1,0,0,https://www.imdb.com/title/tt0107983/?ref_=fn_ttl_ttl_1
584,"Secret Garden, The (1993)",01-Jan-1993,https://m.media-amazon.com/images/M/MV5BNjgyMGI3OTQtYWFjOS00OGNkLTg4NTktMDI4ZWMwODk5ODU5XkEyXkFqcGc@..jpg,0,0,0,0,1,0,0,0,1,0,0,0,0,0,0,0,0,0,0,https://www.imdb.com/title/tt0108071/?ref_=fn_ttl_ttl_1
585,Son in Law (1993),01-Jan-1993,https://m.media-amazon.com/images/M/MV5BNGZlYzQ2MzAtZGE1OS00MDljLTkyYjQtN2VhOTQyZGJmYTI0XkEyXkFqcGc@..jpg,0,0,0,0,0,1,0,0,0,0,0,0,0,0,0,0,0,0,0,https://www.imdb.com/title/tt0108186/?ref_=fn_ttl_ttl_1
586,Terminal Velocity (1994),01-Jan-1994,https://m.media-amazon.com/images/M/MV5BNWNhM2E3YjktMmZhMC00YWQ2LWEwMzItM2UyZGNmYWMwMGEzXkEyXkFqcGc@..jpg,0,1,0,0,0,0,0,0,0,0,0,0,0,0,0,0,0,0,0,https://www.imdb.com/title/tt0111400/?ref_=fn_ttl_ttl_1
587,"Hour of the Pig, The (1993)",01-Jan-1993,https://m.media-amazon.com/images/M/MV5BMGI4OThlZGMtYThmOS00YjMwLTkyNWItNWIxNWFkNjQzNzA2XkEyXkFqcGc@..jpg,0,0,0,0,0,0,0,0,1,0,0,0,0,1,0,0,0,0,0,https://www.imdb.com/title/tt0107146/?ref_=fn_ttl_ttl_1
588,Beauty and the Beast (1991),01-Jan-1991,https://m.media-amazon.com/images/M/MV5BYTY3NDg2YzktYWFjZC00MTExLTlmZDctMGY3MWYzZTlkYTNiXkEyXkFqcGc@..jpg,0,0,0,1,1,0,0,0,0,0,0,0,1,0,0,0,0,0,0,https://www.imdb.com/title/tt0101414/?ref_=fn_ttl_ttl_1
589,"Wild Bunch, The (1969)",01-Jan-1969,https://m.media-amazon.com/images/M/MV5BNmFlMWJlMDEtNjFlNC00YjQ1LWI1ZTYtZDZkNDY0N2RiMDA3XkEyXkFqcGc@..jpg,0,0,0,0,0,0,0,0,0,0,0,0,0,0,0,0,0,0,1,https://www.imdb.com/title/tt0065214/?ref_=fn_ttl_ttl_1
590,Hellraiser: Bloodline (1996),08-Mar-1996,https://m.media-amazon.com/images/M/MV5BYWUyYjc0NjMtOWMxNy00NzRkLTkzZGItOGU4NWIyZDllMzI1XkEyXkFqcGc@..jpg,0,1,0,0,0,0,0,0,0,0,0,1,0,0,0,1,0,0,0,https://www.imdb.com/title/tt0116514/?ref_=fn_ttl_ttl_1
591,Primal Fear (1996),30-Mar-1996,https://m.media-amazon.com/images/M/MV5BZTJlYjM5MTYtZWU3YS00ZDRhLTk1MWEtZGQyODc1ZDU2MWEwXkEyXkFqcGc@..jpg,0,0,0,0,0,0,0,0,1,0,0,0,0,0,0,0,1,0,0,https://www.imdb.com/title/tt0117381/?ref_=fn_ttl_ttl_1
592,True Crime (1995),01-Jan-1995,https://m.media-amazon.com/images/M/MV5BZTc0YmZlN2QtMTg5YS00Y2E1LTg2ZTYtNWQwMTZhZmZmYmI1XkEyXkFqcGc@..jpg,0,0,0,0,0,0,0,0,0,0,0,0,0,1,0,0,1,0,0,https://www.imdb.com/title/tt0139668/?ref_=fn_ttl_ttl_1
593,Stalingrad (1993),01-Jan-1993,https://m.media-amazon.com/images/M/MV5BODRiMjFkMmItY2IxZC00YWJmLWJlZTAtMDNhNzY0YmRiMmY4XkEyXkFqcGc@..jpg,0,0,0,0,0,0,0,0,0,0,0,0,0,0,0,0,0,1,0,https://www.imdb.com/title/tt0108211/?ref_=fn_ttl_ttl_1
594,Heavy (1995),05-Jun-1996,https://m.media-amazon.com/images/M/MV5BOWFjMDczOGUtNzIyOC00OWYzLWFlYmEtZDFjYTkwZTAwMTI0XkEyXkFqcGc@..jpg,0,0,0,0,0,0,0,0,1,0,0,0,0,0,1,0,0,0,0,https://www.imdb.com/title/tt0113280/?ref_=fn_ttl_ttl_1
595,"Fan, The (1996)",16-Aug-1996,https://m.media-amazon.com/images/M/MV5BNWFjMjRhNGQtMjg4Yi00MDgxLWFhZjEtMTEwM2ZkMGRkNjkyXkEyXkFqcGc@..jpg,0,0,0,0,0,0,0,0,0,0,0,0,0,0,0,0,1,0,0,https://www.imdb.com/title/tt0116277/?ref_=fn_ttl_ttl_1
596,"Hunchback of Notre Dame, The (1996)",21-Jun-1996,https://m.media-amazon.com/images/M/MV5BY2QzMGEzNGMtMDQyNC00YTlmLWEwYjMtOGI1NWYxMTM4NjA2XkEyXkFqcGc@..jpg,0,0,0,1,1,0,0,0,0,0,0,0,1,0,0,0,0,0,0,https://www.imdb.com/title/tt0116583/?ref_=fn_ttl_ttl_1
597,Eraser (1996),21-Jun-1996,https://m.media-amazon.com/images/M/MV5BMmNkMjg3NWMtY2RhMC00MDRlLWI4MzktNjEzNGFjYTMwYjQ3XkEyXkFqcGc@..jpg,0,1,0,0,0,0,0,0,0,0,0,0,0,0,0,0,1,0,0,https://www.imdb.com/title/tt0116213/?ref_=fn_ttl_ttl_1
598,"Big Squeeze, The (1996)",06-Sep-1996,https://m.media-amazon.com/images/M/MV5BMjAxMDUwMjQ3OV5BMl5BanBnXkFtZTcwMTI0ODAyMQ@@..jpg,0,0,0,0,0,1,0,0,1,0,0,0,0,0,0,0,0,0,0,https://www.imdb.com/title/tt0115680/?ref_=fn_ttl_ttl_1
599,Police Story 4: Project S (Chao ji ji hua) (1993),16-Aug-1996,https://m.media-amazon.com/images/M/MV5BZmZhZjI1M2MtZTNmMi00ZDc2LTg2ZTgtODBjYjNmOGE0YTBhXkEyXkFqcGc@..jpg,0,1,0,0,0,0,0,0,0,0,0,0,0,0,0,0,0,0,0,https://www.imdb.com/title/tt0116704/
600,Daniel Defoe's Robinson Crusoe (1996),01-Jan-1996,https://m.media-amazon.com/images/M/MV5BOGY1YmIyNjEtMjBjNC00Njc5LWFiODEtNWE1MDhjMTY5ZTJmXkEyXkFqcGc@..jpg,0,0,0,0,1,0,0,0,0,0,0,0,0,0,0,0,0,0,0,https://www.imdb.com/title/tt0117496/?ref_=fn_ttl_ttl_1
601,For Whom the Bell Tolls (1943),01-Jan-1943,https://m.media-amazon.com/images/M/MV5BYzgxY2QzNmYtZTU4YS00NmUyLWI3OWMtNjY4ODVhOWIxZTVmXkEyXkFqcGc@..jpg,0,0,1,0,0,0,0,0,0,0,0,0,0,0,0,0,0,1,0,https://www.imdb.com/title/tt0035896/?ref_=fn_ttl_ttl_1
602,"American in Paris, An (1951)",01-Jan-1951,https://m.media-amazon.com/images/M/MV5BYWE3N2E1NDYtMzEzMC00OWFiLWJhNTUtYTJjZDdhMGY4YzI4XkEyXkFqcGc@..jpg,0,0,0,0,0,0,0,0,0,0,0,0,1,0,1,0,0,0,0,https://www.imdb.com/title/tt0043278/?ref_=fn_ttl_ttl_1
603,Rear Window (1954),01-Jan-1954,https://m.media-amazon.com/images/M/MV5BODZhOWI1ODgtMzdiOS00YjNkLTgwOGUtYmIyZDg5ZmQwMzQ1XkEyXkFqcGc@..jpg,0,0,0,0,0,0,0,0,0,0,0,0,0,1,0,0,1,0,0,https://www.imdb.com/title/tt0047396/?ref_=fn_ttl_ttl_1
604,It Happened One Night (1934),01-Jan-1934,https://m.media-amazon.com/images/M/MV5BOTYxYWYwNWUtZTZkOS00MDY3LTg0MTktZGZjYjI3NTJiYzZmXkEyXkFqcGc@..jpg,0,0,0,0,0,1,0,0,0,0,0,0,0,0,0,0,0,0,0,https://www.imdb.com/title/tt0025316/?ref_=fn_ttl_ttl_1
605,Meet Me in St. Louis (1944),01-Jan-1944,https://m.media-amazon.com/images/M/MV5BNWQ3MGM3ODYtYTJhYS00MjVlLWJkMDUtYmQ4YmExYWYxOTA0XkEyXkFqcGc@..jpg,0,0,0,0,0,0,0,0,0,0,0,0,1,0,0,0,0,0,0,https://www.imdb.com/title/tt0037059/?ref_=fn_ttl_ttl_1
606,All About Eve (1950),01-Jan-1950,https://m.media-amazon.com/images/M/MV5BOTM4ZjUzOGUtYzdlZi00ZmM5LTk5NTEtMjQxNDVmOTc5NWNlXkEyXkFqcGc@..jpg,0,0,0,0,0,0,0,0,1,0,0,0,0,0,0,0,0,0,0,https://www.imdb.com/title/tt0042192/?ref_=fn_ttl_ttl_1
607,Rebecca (1940),01-Jan-1940,https://m.media-amazon.com/images/M/MV5BYTI0MjUyODAtZTBkNC00MmIwLWFlNmYtMWE3ZmJlOWJjM2QyXkEyXkFqcGc@..jpg,0,0,0,0,0,0,0,0,0,0,0,0,0,0,1,0,1,0,0,https://www.imdb.com/title/tt0032976/?ref_=fn_ttl_ttl_1
608,Spellbound (1945),01-Jan-1945,https://m.media-amazon.com/images/M/MV5BYmMxNWY2MjItMWQyMi00MmNiLTk3ZTUtNjRlOTZhNzVjNzc0XkEyXkFqcGc@..jpg,0,0,0,0,0,0,0,0,0,0,0,0,0,1,1,0,1,0,0,https://www.imdb.com/title/tt0038109/?ref_=fn_ttl_ttl_1
609,Father of the Bride (1950),01-Jan-1950,https://m.media-amazon.com/images/M/MV5BOGY2YWY0MzItYjZiMS00MjkzLWFhYjItMWJhZDg4N2I2YWE4XkEyXkFqcGc@..jpg,0,0,0,0,0,1,0,0,0,0,0,0,0,0,0,0,0,0,0,https://www.imdb.com/title/tt0042451/?ref_=fn_ttl_ttl_1
610,Gigi (1958),01-Jan-1958,https://m.media-amazon.com/images/M/MV5BYTRkOGQ3YTItYmJlMy00MjhmLWFiMTMtMGIzZDZmOGU1MzgyXkEyXkFqcGc@..jpg,0,0,0,0,0,0,0,0,0,0,0,0,1,0,0,0,0,0,0,https://www.imdb.com/title/tt0051658/?ref_=fn_ttl_ttl_1
611,Laura (1944),01-Jan-1944,https://m.media-amazon.com/images/M/MV5BYWUyNDNhZGQtZjJkMS00OTM1LWEzNTktMjlkYjM3OGVmODhiXkEyXkFqcGc@..jpg,0,0,0,0,0,0,1,0,0,0,1,0,0,1,0,0,0,0,0,https://www.imdb.com/title/tt0037008/?ref_=fn_ttl_ttl_1
612,Lost Horizon (1937),01-Jan-1937,https://m.media-amazon.com/images/M/MV5BNzY5MzY5YjAtMmMzNS00YTZkLWJiMjctMTM5M2I3YzdkNzg1XkEyXkFqcGc@..jpg,0,0,0,0,0,0,0,0,1,0,0,0,0,0,0,0,0,0,0,https://www.imdb.com/title/tt0029162/?ref_=fn_ttl_ttl_1
613,My Man Godfrey (1936),01-Jan-1936,https://m.media-amazon.com/images/M/MV5BMTVlOTFjMzQtNGJmNy00ZTUwLTgwNWUtZWUyMzY2MGU3MjU4XkEyXkFqcGc@..jpg,0,0,0,0,0,1,0,0,0,0,0,0,0,0,0,0,0,0,0,https://www.imdb.com/title/tt0028010/?ref_=fn_ttl_ttl_1
614,Giant (1956),01-Jan-1956,https://m.media-amazon.com/images/M/MV5BYTRjYjQ4ZjktZWVkNS00YmRkLTkwMjYtOTA5ZDUxM2UzNDk1XkEyXkFqcGc@..jpg,0,0,0,0,0,0,0,0,1,0,0,0,0,0,0,0,0,0,0,https://www.imdb.com/title/tt0049261/?ref_=fn_ttl_ttl_1
615,"39 Steps, The (1935)",01-Jan-1935,https://m.media-amazon.com/images/M/MV5BMTY5ODAzMTcwOF5BMl5BanBnXkFtZTcwMzYxNDYyNA@@..jpg,0,0,0,0,0,0,0,0,0,0,0,0,0,0,0,0,1,0,0,https://www.imdb.com/title/tt0026029/?ref_=fn_ttl_ttl_1
616,Night of the Living Dead (1968),01-Jan-1968,https://m.media-amazon.com/images/M/MV5BZGMyZTA0MWEtZjczMS00ZDE5LTk1OTQtNmIxNGYzNDA2NDVhXkEyXkFqcGc@..jpg,0,0,0,0,0,0,0,0,0,0,0,1,0,0,0,1,0,0,0,https://www.imdb.com/title/tt0063350/?ref_=fn_ttl_ttl_1
617,"Blue Angel, The (Blaue Engel, Der) (1930)",01-Jan-1930,https://m.media-amazon.com/images/M/MV5BMzQzYTA1N2EtOTUxMy00YzI1LWFjOWEtN2NlOGZmZjZhNDYwXkEyXkFqcGc@..jpg,0,0,0,0,0,0,0,0,1,0,0,0,0,0,0,0,0,0,0,https://www.imdb.com/title/tt0020697/?ref_=fn_ttl_ttl_1
618,Picnic (1955),01-Jan-1955,https://m.media-amazon.com/images/M/MV5BY2NhZDViNGQtYzQ2MS00Y2M0LWI5MWMtMDVkYTAxYWI2YThlXkEyXkFqcGc@..jpg,0,0,0,0,0,0,0,0,1,0,0,0,0,0,0,0,0,0,0,https://www.imdb.com/title/tt0048491/?ref_=fn_ttl_ttl_1
619,Extreme Measures (1996),27-Sep-1996,https://m.media-amazon.com/images/M/MV5BZTRkZTcwYjItNjEyMC00OGNmLWE4ODQtYjFjMmIzNTYxNWM1XkEyXkFqcGc@..jpg,0,0,0,0,0,0,0,0,1,0,0,0,0,0,0,0,1,0,0,https://www.imdb.com/title/tt0116259/?ref_=fn_ttl_ttl_1
620,"Chamber, The (1996)",11-Oct-1996,https://m.media-amazon.com/images/M/MV5BM2E2ZDE4OTItOGFlMi00YmJjLWIwYjMtODAwMDdhZWQ5NGFlXkEyXkFqcGc@..jpg,0,0,0,0,0,0,0,0,1,0,0,0,0,0,0,0,0,0,0,https://www.imdb.com/title/tt0115862/?ref_=fn_ttl_ttl_1
621,"Davy Crockett, King of the Wild Frontier (1955)",01-Jan-1955,https://m.media-amazon.com/images/M/MV5BMGExYjNlZjgtNTUyYS00ZDdkLTg1MzUtMjU2ODEzNDA0NTUyXkEyXkFqcGc@..jpg,0,0,0,0,0,0,0,0,0,0,0,0,0,0,0,0,0,0,1,https://www.imdb.com/title/tt0047977/?ref_=fn_ttl_ttl_1
622,Swiss Family Robinson (1960),01-Jan-1960,https://m.media-amazon.com/images/M/MV5BOTk3ZmNjZGMtNTExZi00NDI1LTk3YTAtMDFjM2U0OTcwYTk2XkEyXkFqcGc@..jpg,0,0,1,0,1,0,0,0,0,0,0,0,0,0,0,0,0,0,0,https://www.imdb.com/title/tt0054357/?ref_=fn_ttl_ttl_1
623,Angels in the Outfield (1994),01-Jan-1994,https://m.media-amazon.com/images/M/MV5BNjk3NTA2ZDktMmYwOC00Y2MxLWJkN2ItZWY3ZDEyMmE2OGY5XkEyXkFqcGc@..jpg,0,0,0,0,1,1,0,0,0,0,0,0,0,0,0,0,0,0,0,https://www.imdb.com/title/tt0109127/?ref_=fn_ttl_ttl_1
624,"Three Caballeros, The (1945)",01-Jan-1945,https://m.media-amazon.com/images/M/MV5BNDg4MWM1Y2EtYzE2OC00YzJjLWE5YWYtZThkMDllMWM1MjllXkEyXkFqcGc@..jpg,0,0,0,1,1,0,0,0,0,0,0,0,1,0,0,0,0,0,0,https://www.imdb.com/title/tt0038166/?ref_=fn_ttl_ttl_1
625,"Sword in the Stone, The (1963)",01-Jan-1963,https://m.media-amazon.com/images/M/MV5BN2U1ZDI3OGMtOTU0Ni00MTAxLTgwYWEtN2QwZDI4ZTQ5MTQ0XkEyXkFqcGc@..jpg,0,0,0,1,1,0,0,0,0,0,0,0,0,0,0,0,0,0,0,https://www.imdb.com/title/tt0057546/?ref_=fn_ttl_ttl_1
626,So Dear to My Heart (1949),01-Jan-1949,https://m.media-amazon.com/images/M/MV5BZGU2ZTQ4MDgtNGJkNC00MWQ5LWI5YzUtOGQ1NDU3NzNlYjhkXkEyXkFqcGc@..jpg,0,0,0,0,1,0,0,0,1,0,0,0,0,0,0,0,0,0,0,https://www.imdb.com/title/tt0041890/?ref_=fn_ttl_ttl_1
627,Robin Hood: Prince of Thieves (1991),01-Jan-1991,https://m.media-amazon.com/images/M/MV5BNTUyMjA5NDktNWY5Ny00ZWU4LWE4Y2ItMDYzZTk0NzU3ZWMyXkEyXkFqcGc@..jpg,0,0,0,0,0,0,0,0,1,0,0,0,0,0,0,0,0,0,0,https://www.imdb.com/title/tt0102798/?ref_=fn_ttl_ttl_1
628,Sleepers (1996),18-Oct-1996,https://m.media-amazon.com/images/M/MV5BMjBhMWRmZTAtOGRlNC00YWYxLTlmZWUtYTY4YThlZGNhYmM2XkEyXkFqcGc@..jpg,0,0,0,0,0,0,1,0,1,0,0,0,0,0,0,0,0,0,0,https://www.imdb.com/title/tt0117665/?ref_=fn_ttl_ttl_1
629,Victor/Victoria (1982),01-Jan-1982,https://m.media-amazon.com/images/M/MV5BMzBlOThkMzQtZmY3Yi00ZmI1LTg3OWItZjlkZTQ0YmJmZTczXkEyXkFqcGc@..jpg,0,0,0,0,0,1,0,0,0,0,0,0,1,0,0,0,0,0,0,https://www.imdb.com/title/tt0084865/?ref_=fn_ttl_ttl_1
630,"Great Race, The (1965)",01-Jan-1965,https://m.media-amazon.com/images/M/MV5BNmQwOWFlZjgtY2QwZS00OWZkLWI0YTEtOTMzMjBhNjExZTlkXkEyXkFqcGc@..jpg,0,0,0,0,0,1,0,0,0,0,0,0,1,0,0,0,0,0,0,https://www.imdb.com/title/tt0059243/?ref_=fn_ttl_ttl_1
631,"Crying Game, The (1992)",01-Jan-1992,https://m.media-amazon.com/images/M/MV5BY2NlZjJlODgtNDQ1ZC00YjcxLTgxMjAtODNmYmQ5MTRhOTNkXkEyXkFqcGc@..jpg,0,1,0,0,0,0,0,0,1,0,0,0,0,0,1,0,0,1,0,https://www.imdb.com/title/tt0104036/?ref_=fn_ttl_ttl_1
632,Sophie's Choice (1982),01-Jan-1982,https://m.media-amazon.com/images/M/MV5BZDZiZGY3OWYtY2E3My00ZTY0LTk4NTEtYjMzMWZkNGJiMjNiXkEyXkFqcGc@..jpg,0,0,0,0,0,0,0,0,1,0,0,0,0,0,0,0,0,0,0,https://www.imdb.com/title/tt0084707/?ref_=fn_ttl_ttl_1
633,"Christmas Carol, A (1938)",01-Jan-1938,https://m.media-amazon.com/images/M/MV5BNjUyY2Y3NjMtNjIwNC00OTAxLThkOGYtNDc4OGMyODY1NGJhXkEyXkFqcGc@..jpg,0,0,0,0,0,0,0,0,1,0,0,0,0,0,0,0,0,0,0,https://www.imdb.com/title/tt0029992/?ref_=fn_ttl_ttl_1
634,Microcosmos: Le peuple de l'herbe (1996),11-Oct-1996,https://m.media-amazon.com/images/M/MV5BNGMwODhiY2MtZDY3OC00N2ZkLWIwM2MtOGU1ZDg1Njk4NmZkXkEyXkFqcGc@..jpg,0,0,0,0,0,0,0,1,0,0,0,0,0,0,0,0,0,0,0,https://www.imdb.com/title/tt0117040/?ref_=fn_ttl_ttl_1
635,"Fog, The (1980)",01-Jan-1980,https://m.media-amazon.com/images/M/MV5BYWVlMmM5YmMtZGJkYy00ODgxLTgyNTctYzM2MTYwZDRkYTJmXkEyXkFqcGc@..jpg,0,0,0,0,0,0,0,0,0,0,0,1,0,0,0,0,0,0,0,https://www.imdb.com/title/tt0080749/?ref_=fn_ttl_ttl_1
636,Escape from New York (1981),01-Jan-1981,https://m.media-amazon.com/images/M/MV5BMTUzMTY0Nzg0MV5BMl5BanBnXkFtZTgwMDU3MzQxMDE@..jpg,0,1,1,0,0,0,0,0,0,0,0,0,0,0,0,1,1,0,0,https://www.imdb.com/title/tt0082340/?ref_=fn_ttl_ttl_1
637,"Howling, The (1981)",01-Jan-1981,https://m.media-amazon.com/images/M/MV5BM2RhZWNhZWYtOTVkZS00N2Q4LTk3MmQtNDI1YTVjZmY3NmRjXkEyXkFqcGc@..jpg,0,0,0,0,0,1,0,0,0,0,0,1,0,0,0,0,0,0,0,https://www.imdb.com/title/tt0082533/?ref_=fn_ttl_ttl_1
638,"Return of Martin Guerre, The (Retour de Martin Guerre, Le) (1982)",01-Jan-1982,https://m.media-amazon.com/images/M/MV5BMWEyYTVhODAtMWE4Yi00NDQyLWE2YjctNzYyNjNmNTFlNjZlXkEyXkFqcGc@..jpg,0,0,0,0,0,0,0,0,1,0,0,0,0,0,0,0,0,0,0,https://www.imdb.com/title/tt0084589/?ref_=fn_ttl_ttl_1
639,"Tin Drum, The (Blechtrommel, Die) (1979)",01-Jan-1979,https://m.media-amazon.com/images/M/MV5BZjMzMjdlM2MtNjY1NS00NzMzLTlmY2YtYWU5OTliOGE2MDBjXkEyXkFqcGc@..jpg,0,0,0,0,0,0,0,0,1,0,0,0,0,0,0,0,0,0,0,https://www.imdb.com/title/tt0078875/?ref_=fn_ttl_ttl_1
640,"Cook the Thief His Wife & Her Lover, The (1989)",01-Jan-1989,https://m.media-amazon.com/images/M/MV5BZDc5ZWRmYzctODBlNy00Mjc1LWIyZGQtYWI5MTgyMDQzYjkzXkEyXkFqcGc@..jpg,0,0,0,0,0,0,0,0,1,0,0,0,0,0,0,0,0,0,0,https://www.imdb.com/title/tt0097108/?ref_=fn_ttl_ttl_1
641,Paths of Glory (1957),01-Jan-1957,https://m.media-amazon.com/images/M/MV5BNmQ2NmI2ODYtMDQzNS00NzQyLTkzZjgtZmZlYTQ5MTc1OWU3XkEyXkFqcGc@..jpg,0,0,0,0,0,0,0,0,1,0,0,0,0,0,0,0,0,1,0,https://www.imdb.com/title/tt0050825/?ref_=fn_ttl_ttl_1
642,"Grifters, The (1990)",01-Jan-1990,https://m.media-amazon.com/images/M/MV5BYTcyNDA4Y2ItZGJiNy00YWJjLWFhNDgtMzM4M2NkNWQ1NDVmXkEyXkFqcGc@..jpg,0,0,0,0,0,0,1,0,1,0,1,0,0,0,0,0,0,0,0,https://www.imdb.com/title/tt0099703/?ref_=fn_ttl_ttl_1
643,The Innocent (1994),01-Jan-1994,https://m.media-amazon.com/images/M/MV5BNDEwZDFkMzktOGM2OC00ZGU4LWEyNmYtYjM3YmE3YTBiYjYzXkEyXkFqcGc@..jpg,0,0,0,0,0,0,0,0,1,0,0,0,0,0,1,0,0,0,0,https://www.imdb.com/title/tt0109300/?ref_=fn_ttl_ttl_1
644,"Thin Blue Line, The (1988)",01-Jan-1988,https://m.media-amazon.com/images/M/MV5BMDZmNzUwOTYtNzM5Ni00YjZhLTlmODAtNTJiZmM1NjlmMTdkXkEyXkFqcGc@..jpg,0,0,0,0,0,0,0,1,0,0,0,0,0,0,0,0,0,0,0,https://www.imdb.com/title/tt0096257/?ref_=fn_ttl_ttl_1
645,Paris Is Burning (1990),01-Jan-1990,https://m.media-amazon.com/images/M/MV5BNGE3ZmUxMjctZTA0OS00NzBlLWI0M2MtOTA4ZGY1Nzc3YWE3XkEyXkFqcGc@..jpg,0,0,0,0,0,0,0,1,0,0,0,0,0,0,0,0,0,0,0,https://www.imdb.com/title/tt0100332/?ref_=fn_ttl_ttl_1
646,Once Upon a Time in the West (1969),01-Jan-1969,https://m.media-amazon.com/images/M/MV5BZjYyNGY1MDEtN2I1MC00MGVhLTljZTYtODQ1NzQ0ODc2NzZlXkEyXkFqcGc@..jpg,0,0,0,0,0,0,0,0,0,0,0,0,0,0,0,0,0,0,1,https://www.imdb.com/title/tt0064116/?ref_=fn_ttl_ttl_1
647,Ran (1985),01-Jan-1985,https://m.media-amazon.com/images/M/MV5BZDk2NDY5YjktMjEyMC00OTJhLTkzM2EtY2Q4Y2RjYzc2Yjk4XkEyXkFqcGc@..jpg,0,0,0,0,0,0,0,0,1,0,0,0,0,0,0,0,0,1,0,https://www.imdb.com/title/tt0089881/?ref_=fn_ttl_ttl_1
648,"Quiet Man, The (1952)",01-Jan-1952,https://m.media-amazon.com/images/M/MV5BOGEyZDk1YmEtOTVmOC00YWQxLWEzOWYtYzkzNGE0MTFhMzRkXkEyXkFqcGc@..jpg,0,0,0,0,0,1,0,0,0,0,0,0,0,0,1,0,0,0,0,https://www.imdb.com/title/tt0045061/?ref_=fn_ttl_ttl_1
649,Once Upon a Time in America (1984),01-Jan-1984,https://m.media-amazon.com/images/M/MV5BMDQ0ZTg2OGUtZjMyOC00M2M5LThkMmItZmM2MmUzMmIxMWJhXkEyXkFqcGc@..jpg,0,0,0,0,0,0,1,0,1,0,0,0,0,0,0,0,1,0,0,https://www.imdb.com/title/tt0087843/?ref_=fn_ttl_ttl_1
650,"Seventh Seal, The (Sjunde inseglet, Det) (1957)",01-Jan-1957,https://m.media-amazon.com/images/M/MV5BZDlmYTkzOWUtODQ0MS00MmM4LWE3ZjMtYTEwNGUwMmJkYzIxXkEyXkFqcGc@..jpg,0,0,0,0,0,0,0,0,1,0,0,0,0,0,0,0,0,0,0,https://www.imdb.com/title/tt0050976/?ref_=fn_ttl_ttl_1
651,Glory (1989),01-Jan-1989,https://m.media-amazon.com/images/M/MV5BOTA1NDcyOGMtYTc0Zi00OTQ0LTllZTEtMTIxZDcxMWYxZTVhXkEyXkFqcGc@..jpg,0,1,0,0,0,0,0,0,1,0,0,0,0,0,0,0,0,1,0,https://www.imdb.com/title/tt0097441/?ref_=fn_ttl_ttl_1
652,Rosencrantz and Guildenstern Are Dead (1990),01-Jan-1990,https://m.media-amazon.com/images/M/MV5BNjc0MTU0MDY1OV5BMl5BanBnXkFtZTcwMDI2OTY2NA@@..jpg,0,0,0,0,0,1,0,0,1,0,0,0,0,0,0,0,0,0,0,https://www.imdb.com/title/tt0100519/?ref_=fn_ttl_ttl_1
653,Touch of Evil (1958),01-Jan-1958,https://m.media-amazon.com/images/M/MV5BYzBkNTQzODUtNzcxMy00ZGNhLThmOWMtMTcyYzY4ZTU2NDM3XkEyXkFqcGc@..jpg,0,0,0,0,0,0,1,0,0,0,1,0,0,0,0,0,1,0,0,https://www.imdb.com/title/tt0052311/?ref_=fn_ttl_ttl_1
654,Chinatown (1974),01-Jan-1974,https://m.media-amazon.com/images/M/MV5BNmRmZTE0NmUtZjhiZi00MzQ3LTk3ZjctN2Q3ODYzY2U3MDk3XkEyXkFqcGc@..jpg,0,0,0,0,0,0,0,0,0,0,1,0,0,1,0,0,1,0,0,https://www.imdb.com/title/tt0071315/?ref_=fn_ttl_ttl_1
655,Stand by Me (1986),01-Jan-1986,https://m.media-amazon.com/images/M/MV5BNGJkNTUwM2MtZWE2MS00YjNkLWE3MjktNWQwZDQxMDIyZWVmXkEyXkFqcGc@..jpg,0,0,1,0,0,1,0,0,1,0,0,0,0,0,0,0,0,0,0,https://www.imdb.com/title/tt0092005/?ref_=fn_ttl_ttl_1
656,M (1931),01-Jan-1931,https://m.media-amazon.com/images/M/MV5BODA4ODk3OTEzMF5BMl5BanBnXkFtZTgwMTQ2ODMwMzE@..jpg,0,0,0,0,0,0,1,0,0,0,1,0,0,0,0,0,1,0,0,https://www.imdb.com/title/tt0022100/?ref_=fn_ttl_ttl_1
657,"Manchurian Candidate, The (1962)",01-Jan-1962,https://m.media-amazon.com/images/M/MV5BMTg2NTM1ZDktNTM4My00NzM0LWE3ZjctMTUyZTk0N2EwMGNjXkEyXkFqcGc@..jpg,0,0,0,0,0,0,0,0,0,0,1,0,0,0,0,0,1,0,0,https://www.imdb.com/title/tt0056218/?ref_=fn_ttl_ttl_1
658,Pump Up the Volume (1990),01-Jan-1990,https://m.media-amazon.com/images/M/MV5BMzg0ZjRhNWQtYWEyNy00YTgxLThkZWItOWU0MTdkNmI2YWFmXkEyXkFqcGc@..jpg,0,0,0,0,0,0,0,0,1,0,0,0,0,0,0,0,0,0,0,https://www.imdb.com/title/tt0100436/?ref_=fn_ttl_ttl_1
659,Arsenic and Old Lace (1944),01-Jan-1944,https://m.media-amazon.com/images/M/MV5BZmRhYTJlOTktMjg2NC00MmZmLWE2YzAtZWUwNzU4ZWY1ODlhXkEyXkFqcGc@..jpg,0,0,0,0,0,1,0,0,0,0,0,0,0,1,0,0,1,0,0,https://www.imdb.com/title/tt0036613/?ref_=fn_ttl_ttl_1
660,Fried Green Tomatoes (1991),01-Jan-1991,https://m.media-amazon.com/images/M/MV5BMzBhMzRkNGItNDFmMy00NjViLWFiYWYtMzAxMzI4YTZmZjRlXkEyXkFqcGc@..jpg,0,0,0,0,0,0,0,0,1,0,0,0,0,0,0,0,0,0,0,https://www.imdb.com/title/tt0101921/?ref_=fn_ttl_ttl_1
661,High Noon (1952),01-Jan-1952,https://m.media-amazon.com/images/M/MV5BMmJiZjA3ODgtNWI1Zi00OTA1LTkyNTMtZTA1NGYwOTQyZTA3XkEyXkFqcGc@..jpg,0,0,0,0,0,0,0,0,0,0,0,0,0,0,0,0,0,0,1,https://www.imdb.com/title/tt0044706/?ref_=fn_ttl_ttl_1
662,Somewhere in Time (1980),01-Jan-1980,https://m.media-amazon.com/images/M/MV5BNjJjNjhjMDUtNDJjMC00ZmE5LTlkN2UtNWI0YjY4ZGNmZWE3XkEyXkFqcGc@..jpg,0,0,0,0,0,0,0,0,1,0,0,0,0,0,1,0,0,0,0,https://www.imdb.com/title/tt0081534/?ref_=nv_sr_srsg_0_tt_8_nm_0_in_0_q_somewhere%2520in%2520time
663,Being There (1979),01-Jan-1979,https://m.media-amazon.com/images/M/MV5BNzYxZjNhNmQtYzc5NS00Nzg1LWIwYzktZjgzNDIyN2JhZGM0XkEyXkFqcGc@..jpg,0,0,0,0,0,1,0,0,0,0,0,0,0,0,0,0,0,0,0,https://www.imdb.com/title/tt0078841/?ref_=fn_ttl_ttl_1
664,"Paris, Texas (1984)",01-Jan-1984,https://m.media-amazon.com/images/M/MV5BYWY5YzE4YmUtZWFhMS00YjYxLWI5ZGUtNDEyNmMzNDVjMGEwXkEyXkFqcGc@..jpg,0,0,0,0,0,0,0,0,1,0,0,0,0,0,0,0,0,0,0,https://www.imdb.com/title/tt0087884/?ref_=fn_ttl_ttl_1
665,Alien 3 (1992),01-Jan-1992,https://m.media-amazon.com/images/M/MV5BOGZiNmVlZGEtM2VmMi00ZTFkLTliMzEtZDNhYzUzNTcxMGY3XkEyXkFqcGc@..jpg,0,1,0,0,0,0,0,0,0,0,0,1,0,0,0,1,1,0,0,https://www.imdb.com/title/tt0103644/?ref_=fn_ttl_ttl_1
666,Blood For Dracula (Andy Warhol's Dracula) (1974),01-Jan-1974,https://m.media-amazon.com/images/M/MV5BZDFlZDYwZTUtZjY5Zi00NTIwLTk0MjMtYzhjZmEwNzI2ZTE1XkEyXkFqcGc@..jpg,0,0,0,0,0,0,0,0,0,0,0,1,0,0,0,0,0,0,0,https://www.imdb.com/title/tt0071233/?ref_=fn_ttl_ttl_1
667,Audrey Rose (1977),01-Jan-1977,https://m.media-amazon.com/images/M/MV5BMGUzODljNmQtODg0My00ZTk3LWEwM2ItOGM3NjQ4MzQ1MWNmXkEyXkFqcGc@..jpg,0,0,0,0,0,0,0,0,0,0,0,1,0,0,0,0,0,0,0,https://www.imdb.com/title/tt0075704/?ref_=fn_ttl_ttl_1
668,Blood Beach (1981),01-Jan-1981,https://m.media-amazon.com/images/M/MV5BZjU3MWUxNjktZjNiNy00MWI5LWEzMTUtZjEyMzU2NjNkOGUyXkEyXkFqcGc@..jpg,0,1,0,0,0,0,0,0,0,0,0,1,0,0,0,0,0,0,0,https://www.imdb.com/title/tt0082083/?ref_=fn_ttl_ttl_1
669,Body Parts (1991),01-Jan-1991,https://m.media-amazon.com/images/M/MV5BM2U5ZWQ3MDQtZWJmMS00NTBlLTk5NjktMjdmMzUxOGNlZDgxXkEyXkFqcGc@..jpg,0,0,0,0,0,0,0,0,0,0,0,1,0,0,0,0,0,0,0,https://www.imdb.com/title/tt0101492/?ref_=fn_ttl_ttl_1
670,Body Snatchers (1993),01-Jan-1993,https://m.media-amazon.com/images/M/MV5BNzdmNTViMGItZDEwYS00NGU3LWEwMDUtNTg2MWRhYzQwYmRlXkEyXkFqcGc@..jpg,0,0,0,0,0,0,0,0,0,0,0,1,0,0,0,1,1,0,0,https://www.imdb.com/title/tt0106452/?ref_=fn_ttl_ttl_1
671,Bride of Frankenstein (1935),01-Jan-1935,https://m.media-amazon.com/images/M/MV5BNTExZmY1YjAtMjc1MS00NGZhLWJjMGEtYjk3MTQyZTNmNGE2XkEyXkFqcGc@..jpg,0,0,0,0,0,0,0,0,0,0,0,1,0,0,0,0,0,0,0,https://www.imdb.com/title/tt0026138/?ref_=fn_ttl_ttl_1
672,Candyman (1992),01-Jan-1992,https://m.media-amazon.com/images/M/MV5BMmZhN2NhOTEtMmVhZC00NWM5LWE4ODgtZGUwMDQxOGViNjY4XkEyXkFqcGc@..jpg,0,0,0,0,0,0,0,0,0,0,0,1,0,0,0,0,0,0,0,https://www.imdb.com/title/tt0103919/?ref_=fn_ttl_ttl_1
673,Cape Fear (1962),01-Jan-1962,https://m.media-amazon.com/images/M/MV5BZTI0ZDQyMjUtMGY1OC00NTFiLThhYjQtOTg0YTM4NTA2NjUzXkEyXkFqcGc@..jpg,0,0,0,0,0,0,0,0,0,0,1,0,0,0,0,0,1,0,0,https://www.imdb.com/title/tt0055824/?ref_=fn_ttl_ttl_1
674,Cat People (1982),01-Jan-1982,https://m.media-amazon.com/images/M/MV5BMzk0MDY3NjQtOGM4ZC00YjQ3LTg4ZTEtZDA3OWJhZWRjMzhmXkEyXkFqcGc@..jpg,0,0,0,0,0,0,0,0,0,0,0,1,0,0,0,0,0,0,0,https://www.imdb.com/title/tt0083722/?ref_=fn_ttl_ttl_1
675,"Nosferatu (Nosferatu, eine Symphonie des Grauens) (1922)",01-Jan-1922,https://m.media-amazon.com/images/M/MV5BNDg1OTI1M2MtMTVlMS00ZjFhLTgyMTAtYjIzOWUwZTkyZWE5XkEyXkFqcGc@..jpg,0,0,0,0,0,0,0,0,0,0,0,1,0,0,0,0,0,0,0,https://www.imdb.com/title/tt0013442/?ref_=fn_ttl_ttl_1
676,"Crucible, The (1996)",27-Nov-1996,https://m.media-amazon.com/images/M/MV5BNTQwMzQ4Y2YtODRhMS00NGQ2LThkZTctMTJkNWM4NzM4N2Q2XkEyXkFqcGc@..jpg,0,0,0,0,0,0,0,0,1,0,0,0,0,0,0,0,0,0,0,https://www.imdb.com/title/tt0115988/?ref_=fn_ttl_ttl_1
677,Fire on the Mountain (1996),24-Jan-1997,https://m.media-amazon.com/images/M/MV5BMTI1OTk5MjQyM15BMl5BanBnXkFtZTcwOTM5NzEyMQ@@..jpg,0,0,0,0,0,0,0,1,0,0,0,0,0,0,0,0,0,0,0,https://www.imdb.com/title/tt0116310/?ref_=fn_ttl_ttl_1
678,Volcano (1997),25-Apr-1997,https://m.media-amazon.com/images/M/MV5BYzAxNWU2OTMtOTMwMi00NmQ3LThlNmEtNzY5NGYwNjg2ZWFmXkEyXkFqcGc@..jpg,0,0,0,0,0,0,0,0,1,0,0,0,0,0,0,0,1,0,0,https://www.imdb.com/title/tt0120461/?ref_=fn_ttl_ttl_1
679,Conan the Barbarian (1981),01-Jan-1981,https://m.media-amazon.com/images/M/MV5BMjUzM2YzZDAtNzk1MS00YmNmLTg1ZmQtNjgyN2U3NTY0ZjE4XkEyXkFqcGc@..jpg,0,1,1,0,0,0,0,0,0,0,0,0,0,0,0,0,0,0,0,https://www.imdb.com/title/tt0082198/?ref_=fn_ttl_ttl_1
680,Kull the Conqueror (1997),29-Aug-1997,https://m.media-amazon.com/images/M/MV5BZTM1MGIyOGEtNTFmMi00Nzk3LWJkZTUtZDY0Zjc5MDg3YTBkXkEyXkFqcGc@..jpg,0,1,1,0,0,0,0,0,0,0,0,0,0,0,0,0,0,0,0,https://www.imdb.com/title/tt0119484/?ref_=fn_ttl_ttl_1
681,Wishmaster (1997),01-Jan-1997,https://m.media-amazon.com/images/M/MV5BYmE0ZjU5NDctMjY5NS00NTBhLWEzMTItNTE0N2I5MmZiNjY0XkEyXkFqcGc@..jpg,0,0,0,0,0,0,0,0,0,0,0,1,0,0,0,0,0,0,0,https://www.imdb.com/title/tt0120524/?ref_=fn_ttl_ttl_1
682,I Know What You Did Last Summer (1997),17-Oct-1997,https://m.media-amazon.com/images/M/MV5BOGE1MmMxZDMtYzkyYS00N2EzLTgxYWItNWZiN2NmMzZiZTNmXkEyXkFqcGc@..jpg,0,0,0,0,0,0,0,0,0,0,0,1,0,1,0,0,1,0,0,https://www.imdb.com/title/tt0119345/?ref_=fn_ttl_ttl_1
683,Rocket Man (1997),01-Jan-1997,https://m.media-amazon.com/images/M/MV5BZjI5YzMwMmQtNjQ1OC00YTg5LTg2MTUtNDM0OTFkNTkyNzdkXkEyXkFqcGc@..jpg,0,0,0,0,0,1,0,0,0,0,0,0,0,0,0,0,0,0,0,https://www.imdb.com/title/tt0120029/?ref_=fn_ttl_ttl_1
684,In the Line of Fire (1993),01-Jan-1993,https://m.media-amazon.com/images/M/MV5BYmNiNjNjYmQtZTQzNC00M2I1LThiMDgtNWNmM2VjY2Y3NzQxXkEyXkFqcGc@..jpg,0,1,0,0,0,0,0,0,0,0,0,0,0,0,0,0,1,0,0,https://www.imdb.com/title/tt0107206/?ref_=fn_ttl_ttl_1
685,Executive Decision (1996),09-Mar-1996,https://m.media-amazon.com/images/M/MV5BYTExYWQzMWMtZjdjYy00OWQ3LWJjY2ItYjU4YWQ4M2NmMTJlXkEyXkFqcGc@..jpg,0,1,0,0,0,0,0,0,0,0,0,0,0,0,0,0,1,0,0,https://www.imdb.com/title/tt0116253/?ref_=fn_ttl_ttl_1
686,"Perfect World, A (1993)",01-Jan-1993,https://m.media-amazon.com/images/M/MV5BOTNkOTE0NTctZGQ5Ni00MjhmLWIzYTItZDY1YWQxZTE0NzgzXkEyXkFqcGc@..jpg,0,1,0,0,0,0,0,0,1,0,0,0,0,0,0,0,0,0,0,https://www.imdb.com/title/tt0107808/?ref_=fn_ttl_ttl_1
687,McHale's Navy (1997),18-Apr-1997,https://m.media-amazon.com/images/M/MV5BZTYyNmJkM2MtMzFjZS00ZWMwLWJjNDItNGJiZDY0OGMzMDU4XkEyXkFqcGc@..jpg,0,0,0,0,0,1,0,0,0,0,0,0,0,0,0,0,0,1,0,https://www.imdb.com/title/tt0119640/?ref_=fn_ttl_ttl_1
688,Leave It to Beaver (1997),22-Aug-1997,https://m.media-amazon.com/images/M/MV5BY2U1MWI4OTQtNmZmMC00M2U0LTkzMjEtOTE1NzFiYzA2MGI0XkEyXkFqcGc@..jpg,0,0,0,0,0,1,0,0,0,0,0,0,0,0,0,0,0,0,0,https://www.imdb.com/title/tt0119509/?ref_=fn_ttl_ttl_1
689,"Jackal, The (1997)",01-Jan-1997,https://m.media-amazon.com/images/M/MV5BMTAyYjFiYWYtNDI1YS00MWM5LTgyYTMtNDhiYWEzOGE2OTM0XkEyXkFqcGc@..jpg,0,1,0,0,0,0,0,0,0,0,0,0,0,0,0,0,1,0,0,https://www.imdb.com/title/tt0119395/?ref_=fn_ttl_ttl_1
690,Seven Years in Tibet (1997),01-Jan-1997,https://m.media-amazon.com/images/M/MV5BMTE3NGU1ZDAtN2Y2MC00Y2VkLThjMDUtMTQxMWVmYTY2ZmU4XkEyXkFqcGc@..jpg,0,0,0,0,0,0,0,0,1,0,0,0,0,0,0,0,0,1,0,https://www.imdb.com/title/tt0120102/?ref_=fn_ttl_ttl_1
691,Dark City (1998),09-Jan-1998,https://m.media-amazon.com/images/M/MV5BMTFhMmE1YzgtNTFhYS00MTRlLWI3ZDMtMWJkMTBmOWMzOTk5XkEyXkFqcGc@..jpg,0,0,0,0,0,0,0,0,0,0,1,0,0,0,0,1,1,0,0,https://www.imdb.com/title/tt0118929/?ref_=fn_ttl_ttl_1
692,"American President, The (1995)",01-Jan-1995,https://m.media-amazon.com/images/M/MV5BZTcyNDAzYTUtNjBjMC00YTk3LTg5MTItMzM3MjhlNGE5YWNlXkEyXkFqcGc@..jpg,0,0,0,0,0,1,0,0,1,0,0,0,0,0,1,0,0,0,0,https://www.imdb.com/title/tt0112346/?ref_=fn_ttl_ttl_1
693,Casino (1995),01-Jan-1995,https://m.media-amazon.com/images/M/MV5BMDRlZWZjZjYtYzY2NS00ZWVjLTkwYzAtZTA2ZDAzMGRiYmYwXkEyXkFqcGc@..jpg,0,0,0,0,0,0,0,0,1,0,0,0,0,0,0,0,0,0,0,https://www.imdb.com/title/tt0112641/?ref_=fn_ttl_ttl_1
694,Persuasion (1995),25-Sep-1995,https://m.media-amazon.com/images/M/MV5BMTMyMjU1MzI1OF5BMl5BanBnXkFtZTcwNjQzODAyMQ@@..jpg,0,0,0,0,0,0,0,0,0,0,0,0,0,0,1,0,0,0,0,https://www.imdb.com/title/tt0113025/?ref_=fn_ttl_ttl_1
695,Kicking and Screaming (1995),01-Jan-1995,https://m.media-amazon.com/images/M/MV5BNDY3NjUyODMtMGY5OS00M2Q1LTllOGItZGQ0YTFiNjhhNDZiXkEyXkFqcGc@..jpg,0,0,0,0,0,1,0,0,1,0,0,0,0,0,0,0,0,0,0,https://www.imdb.com/title/tt0113537/?ref_=fn_ttl_ttl_1
696,City Hall (1996),16-Feb-1996,https://m.media-amazon.com/images/M/MV5BMTJhMTUwYzMtOTZmYy00ZDkyLThmM2QtNTdjOTgxNDI1OWZkXkEyXkFqcGc@..jpg,0,0,0,0,0,0,0,0,1,0,0,0,0,0,0,0,1,0,0,https://www.imdb.com/title/tt0115907/?ref_=fn_ttl_ttl_1
697,"Basketball Diaries, The (1995)",01-Jan-1995,https://m.media-amazon.com/images/M/MV5BOGQ0YmUzZDctOThjOC00MWYzLWE2ZGEtZjQyNmEyZGI4YjVjXkEyXkFqcGc@..jpg,0,0,0,0,0,0,0,0,1,0,0,0,0,0,0,0,0,0,0,https://www.imdb.com/title/tt0112461/?ref_=fn_ttl_ttl_1
698,"Browning Version, The (1994)",01-Jan-1994,https://m.media-amazon.com/images/M/MV5BNTNkZjlkNmQtYTM2Yy00ODBjLTk4MmItNWNlMWNjMzZhZGU5XkEyXkFqcGc@..jpg,0,0,0,0,0,0,0,0,1,0,0,0,0,0,0,0,0,0,0,https://www.imdb.com/title/tt0109340/?ref_=fn_ttl_ttl_1
699,Little Women (1994),01-Jan-1994,https://m.media-amazon.com/images/M/MV5BNjk0MGY3Y2ItMDQzMy00MGNlLThmOWMtNzE3N2ZhMTQ2YTkwXkEyXkFqcGc@..jpg,0,0,0,0,0,0,0,0,1,0,0,0,0,0,0,0,0,0,0,https://www.imdb.com/title/tt0110367/?ref_=fn_ttl_ttl_1
700,Miami Rhapsody (1995),01-Jan-1995,https://m.media-amazon.com/images/M/MV5BZjU1YWRmNjktMzFmYi00ZDUyLWI2Y2EtZTM4NTU2ZGZlOTI4XkEyXkFqcGc@..jpg,0,0,0,0,0,1,0,0,0,0,0,0,0,0,0,0,0,0,0,https://www.imdb.com/title/tt0113808/?ref_=fn_ttl_ttl_1
701,"Wonderful, Horrible Life of Leni Riefenstahl, The (1993)",01-Jan-1993,https://m.media-amazon.com/images/M/MV5BNDlmOWUzMjMtNWQ1MC00NTVjLTgyMzItMzcxYzcxNzhkNjExXkEyXkFqcGc@..jpg,0,0,0,0,0,0,0,1,0,0,0,0,0,0,0,0,0,0,0,https://www.imdb.com/title/tt0107472/?ref_=fn_ttl_ttl_1
702,Barcelona (1994),01-Jan-1994,https://m.media-amazon.com/images/M/MV5BZGM3ZDI0M2UtYjA5Yi00NWZkLTkwNWItNTUxMzZkNjBmYTE4XkEyXkFqcGc@..jpg,0,0,0,0,0,1,0,0,0,0,0,0,0,0,1,0,0,0,0,https://www.imdb.com/title/tt0109219/?ref_=fn_ttl_ttl_1
703,Widows' Peak (1994),01-Jan-1994,https://m.media-amazon.com/images/M/MV5BZWI5MWQzMDMtY2VkMC00Mjc4LWI3NTgtNzhiZjIzNDhiZDFiXkEyXkFqcGc@..jpg,0,0,0,0,0,0,0,0,1,0,0,0,0,0,0,0,0,0,0,https://www.imdb.com/title/tt0111712/?ref_=fn_ttl_ttl_1
704,"House of the Spirits, The (1993)",01-Jan-1993,https://m.media-amazon.com/images/M/MV5BNGQzZGM2NTUtZDBiMC00MmYwLTg5NGYtZDJiYTYzZGFmYzMzXkEyXkFqcGc@..jpg,0,0,0,0,0,0,0,0,1,0,0,0,0,0,1,0,0,0,0,https://www.imdb.com/title/tt0107151/?ref_=fn_ttl_ttl_1
705,Singin' in the Rain (1952),01-Jan-1952,https://m.media-amazon.com/images/M/MV5BMGQzZDFjZWUtZDU4ZS00ZjM3LTgyYmItYjA3YmIwYzRkZWY3XkEyXkFqcGc@..jpg,0,0,0,0,0,0,0,0,0,0,0,0,1,0,1,0,0,0,0,https://www.imdb.com/title/tt0045152/?ref_=fn_ttl_ttl_1
706,Bad Moon (1996),01-Nov-1996,https://m.media-amazon.com/images/M/MV5BYjBkYzY5MzMtYmFlNS00NGVlLWFjMGEtYjZiMzdjNzRhZGI5XkEyXkFqcGc@..jpg,0,0,0,0,0,0,0,0,0,0,0,1,0,0,0,0,0,0,0,https://www.imdb.com/title/tt0115610/?ref_=fn_ttl_ttl_1
707,Enchanted April (1991),01-Jan-1991,https://m.media-amazon.com/images/M/MV5BODAyMWViYWMtODE5Yy00ODI4LWE5ZjctYmYwYTMyNTcyZjg4XkEyXkFqcGc@..jpg,0,0,0,0,0,0,0,0,1,0,0,0,0,0,0,0,0,0,0,https://www.imdb.com/title/tt0101811/?ref_=fn_ttl_ttl_1
708,"Sex, Lies, and Videotape (1989)",01-Jan-1989,https://m.media-amazon.com/images/M/MV5BZmFjNjkyNmQtMDdkNy00YmQxLWFmZTYtZDQyYTY3ZGFjYmFiXkEyXkFqcGc@..jpg,0,0,0,0,0,0,0,0,1,0,0,0,0,0,0,0,0,0,0,https://www.imdb.com/title/tt0098724/?ref_=fn_ttl_ttl_1
709,Strictly Ballroom (1992),01-Jan-1992,https://m.media-amazon.com/images/M/MV5BZDgwMzI1NmUtNjQ0ZS00MzVjLWFiZmEtMDY0NjVhM2MxOTU3XkEyXkFqcGc@..jpg,0,0,0,0,0,1,0,0,0,0,0,0,0,0,1,0,0,0,0,https://www.imdb.com/title/tt0105488/?ref_=fn_ttl_ttl_1
710,Better Off Dead... (1985),01-Jan-1985,https://m.media-amazon.com/images/M/MV5BZGQzNmQ3MmItZjQyOS00NmEyLTgwMTQtOTM3ZTE5NGY5N2M5XkEyXkFqcGc@..jpg,0,0,0,0,0,1,0,0,0,0,0,0,0,0,0,0,0,0,0,https://www.imdb.com/title/tt0088794/?ref_=fn_ttl_ttl_1
711,"Substance of Fire, The (1996)",06-Dec-1996,https://m.media-amazon.com/images/M/MV5BNDcyNjkwMTY1OF5BMl5BanBnXkFtZTcwNDAzNTQyMQ@@..jpg,0,0,0,0,0,0,0,0,1,0,0,0,0,0,0,0,0,0,0,https://www.imdb.com/title/tt0117773/?ref_=fn_ttl_ttl_1
712,Tin Men (1987),01-Jan-1987,https://m.media-amazon.com/images/M/MV5BMDNhZGI2NmQtZThkNy00YzAzLWI0MWItYjNlZmUwZmVlNmRkXkEyXkFqcGc@..jpg,0,0,0,0,0,1,0,0,1,0,0,0,0,0,0,0,0,0,0,https://www.imdb.com/title/tt0094155/?ref_=fn_ttl_ttl_1
713,Othello (1995),18-Dec-1995,https://m.media-amazon.com/images/M/MV5BMzJkMzdmMjMtOGVmNC00NTI4LWJjNTMtNGE4ZGMzYjU1ZDk5XkEyXkFqcGc@..jpg,0,0,0,0,0,0,0,0,1,0,0,0,0,0,0,0,0,0,0,https://www.imdb.com/title/tt0114057/?ref_=fn_ttl_ttl_1
714,Carrington (1995),01-Jan-1995,https://m.media-amazon.com/images/M/MV5BYWQyMDA5MTctODk1ZS00MjkxLTk1NjktYzllODVkNDYxMGE4XkEyXkFqcGc@..jpg,0,0,0,0,0,0,0,0,1,0,0,0,0,0,1,0,0,0,0,https://www.imdb.com/title/tt0112637/?ref_=fn_ttl_ttl_1
715,To Die For (1995),01-Jan-1995,https://m.media-amazon.com/images/M/MV5BZWJlODViYTUtMzY3MS00ZDRlLTkzODQtMDdiOTBiN2E0MDA5XkEyXkFqcGc@..jpg,0,0,0,0,0,1,0,0,1,0,0,0,0,0,0,0,0,0,0,https://www.imdb.com/title/tt0114681/?ref_=fn_ttl_ttl_1
716,Home for the Holidays (1995),01-Jan-1995,https://m.media-amazon.com/images/M/MV5BMDI1ZmZhMDQtMDZkMC00M2VlLWJjZDMtYmEyMWRiMDIwZGJiXkEyXkFqcGc@..jpg,0,0,0,0,0,0,0,0,1,0,0,0,0,0,1,0,0,0,0,https://www.imdb.com/title/tt0113321/?ref_=fn_ttl_ttl_1
717,"Juror, The (1996)",01-Jan-1996,https://m.media-amazon.com/images/M/MV5BNDVjZDlkZWMtZjg3Mi00OTc3LWI2YmYtMjYyZmVjZDRjN2E0XkEyXkFqcGc@..jpg,0,0,0,0,0,0,0,0,1,0,0,0,0,0,0,0,1,0,0,https://www.imdb.com/title/tt0116731/?ref_=fn_ttl_ttl_1
718,In the Bleak Midwinter (1995),23-Feb-1996,https://m.media-amazon.com/images/M/MV5BZmQwM2Q0MDItYjBiMC00ZDYzLWJlZDUtZmE5ZmNkMmUzM2NmXkEyXkFqcGc@..jpg,0,0,0,0,0,1,0,0,0,0,0,0,0,0,0,0,0,0,0,https://www.imdb.com/title/tt0113403/?ref_=fn_ttl_ttl_1
719,Canadian Bacon (1994),01-Jan-1994,https://m.media-amazon.com/images/M/MV5BMTUwNDU0NzcwMl5BMl5BanBnXkFtZTcwNzk1NjAzNA@@..jpg,0,0,0,0,0,1,0,0,0,0,0,0,0,0,0,0,0,1,0,https://www.imdb.com/title/tt0109370/?ref_=fn_ttl_ttl_1
720,First Knight (1995),01-Jan-1995,https://m.media-amazon.com/images/M/MV5BYTNmNzJiOWItZTM4Mi00NmFjLWJkNzctZGE0YTA2ZjgwZmM0XkEyXkFqcGc@..jpg,0,1,1,0,0,0,0,0,1,0,0,0,0,0,1,0,0,0,0,https://www.imdb.com/title/tt0113071/?ref_=fn_ttl_ttl_1
721,Mallrats (1995),01-Jan-1995,https://m.media-amazon.com/images/M/MV5BZDM2MWVkMWItNjhjMy00MDUzLWEyOTAtN2I0MzNlZjc4Mjk0XkEyXkFqcGc@..jpg,0,0,0,0,0,1,0,0,0,0,0,0,0,0,0,0,0,0,0,https://www.imdb.com/title/tt0113749/?ref_=fn_ttl_ttl_1
722,Nine Months (1995),01-Jan-1995,https://m.media-amazon.com/images/M/MV5BMTQ2NGNiMDgtMDUyNy00MmU0LThhYzQtMTM1YmI3ZTFmOWQyXkEyXkFqcGc@..jpg,0,0,0,0,0,1,0,0,0,0,0,0,0,0,0,0,0,0,0,https://www.imdb.com/title/tt0113986/?ref_=fn_ttl_ttl_1
723,Boys on the Side (1995),01-Jan-1995,https://m.media-amazon.com/images/M/MV5BMDNiZDAxNjgtMzY1Ni00ZWEyLTk2ZDYtOTI4MGUxZmFiMGE4XkEyXkFqcGc@..jpg,0,0,0,0,0,1,0,0,1,0,0,0,0,0,0,0,0,0,0,https://www.imdb.com/title/tt0112571/?ref_=fn_ttl_ttl_1
724,Circle of Friends (1995),01-Jan-1995,https://m.media-amazon.com/images/M/MV5BYjRhYzkyNjctYjFhYi00ZTg4LTg1MWUtMTZkMDM2N2JmM2Q2XkEyXkFqcGc@..jpg,0,0,0,0,0,0,0,0,1,0,0,0,0,0,1,0,0,0,0,https://www.imdb.com/title/tt0112679/?ref_=fn_ttl_ttl_1
725,Exit to Eden (1994),01-Jan-1994,https://m.media-amazon.com/images/M/MV5BNWE5Mjk5MDEtNGVkNy00ZTE0LTk4YjEtZjlkZGUzMTQ2M2YwXkEyXkFqcGc@..jpg,0,0,0,0,0,1,0,0,0,0,0,0,0,0,0,0,0,0,0,https://www.imdb.com/title/tt0109758/?ref_=fn_ttl_ttl_1
726,Fluke (1995),01-Jan-1995,https://m.media-amazon.com/images/M/MV5BZDI2YTA0YTctYzZiNS00NTU5LWFlMzctZmM0ZTQ2MzU4MTAyXkEyXkFqcGc@..jpg,0,0,0,0,1,0,0,0,1,0,0,0,0,0,0,0,0,0,0,https://www.imdb.com/title/tt0113089/?ref_=fn_ttl_ttl_1
727,Immortal Beloved (1994),01-Jan-1994,https://m.media-amazon.com/images/M/MV5BYTcyZjIyMjEtZTk0OC00ZTM1LTg3YjctY2I3ZThiMWE5YzczXkEyXkFqcGc@..jpg,0,0,0,0,0,0,0,0,1,0,0,0,0,0,1,0,0,0,0,https://www.imdb.com/title/tt0110116/?ref_=fn_ttl_ttl_1
728,Junior (1994),01-Jan-1994,https://m.media-amazon.com/images/M/MV5BYmY3YWMyMWYtN2UyYS00YjgwLWEyOTktMmNjY2JiN2MyNWY5XkEyXkFqcGc@..jpg,0,0,0,0,0,1,0,0,0,0,0,0,0,0,0,1,0,0,0,https://www.imdb.com/title/tt0110216/?ref_=fn_ttl_ttl_1
729,Nell (1994),01-Jan-1994,https://m.media-amazon.com/images/M/MV5BNTkxY2NkMmItOTNmNy00NGU0LTlhM2UtOGQwNDhmNTBmNzQ3XkEyXkFqcGc@..jpg,0,0,0,0,0,0,0,0,1,0,0,0,0,0,0,0,0,0,0,https://www.imdb.com/title/tt0110638/?ref_=fn_ttl_ttl_1
730,"Queen Margot (Reine Margot, La) (1994)",01-Jan-1996,https://m.media-amazon.com/images/M/MV5BYjhmYzJlZTgtY2NmOC00MjYyLWJlODItNDBjMmM4ODA5N2YyXkEyXkFqcGc@..jpg,0,0,0,0,0,0,0,0,1,0,0,0,0,0,1,0,0,0,0,https://www.imdb.com/title/tt0110963/?ref_=fn_ttl_ttl_1
731,"Corrina, Corrina (1994)",01-Jan-1994,https://m.media-amazon.com/images/M/MV5BZGIzMGE0MjAtOTc2Ny00NTA4LWE2YTQtYzRlYjNlNzE4ODRhXkEyXkFqcGc@..jpg,0,0,0,0,0,1,0,0,1,0,0,0,0,0,1,0,0,0,0,https://www.imdb.com/title/tt0109484/?ref_=fn_ttl_ttl_1
732,Dave (1993),01-Jan-1993,https://m.media-amazon.com/images/M/MV5BODI4ZDFmOTYtOTk5Yy00NTY5LTk3OGUtNmJkODNlMzdkNThkXkEyXkFqcGc@..jpg,0,0,0,0,0,1,0,0,0,0,0,0,0,0,1,0,0,0,0,https://www.imdb.com/title/tt0106673/?ref_=fn_ttl_ttl_1
733,Go Fish (1994),01-Jan-1994,https://m.media-amazon.com/images/M/MV5BNDljMDg4ZjEtNmIwMi00ZDQ0LTgyNGMtZmE1NDc4ZmQzMTZkXkEyXkFqcGc@..jpg,0,0,0,0,0,0,0,0,1,0,0,0,0,0,1,0,0,0,0,https://www.imdb.com/title/tt0109913/?ref_=fn_ttl_ttl_1
734,Made in America (1993),01-Jan-1993,https://m.media-amazon.com/images/M/MV5BOWYwMTAxNTQtYTJjZC00ODI2LWE0NmQtNTc3MmFjNmRiOWRhXkEyXkFqcGc@..jpg,0,0,0,0,0,1,0,0,0,0,0,0,0,0,0,0,0,0,0,https://www.imdb.com/title/tt0107478/?ref_=fn_ttl_ttl_1
735,Philadelphia (1993),01-Jan-1993,https://m.media-amazon.com/images/M/MV5BYzEzZmMwMmMtNDgxYi00YTAwLWFkMjQtOGQzNmUxMGU1YWYwXkEyXkFqcGc@..jpg,0,0,0,0,0,0,0,0,1,0,0,0,0,0,0,0,0,0,0,https://www.imdb.com/title/tt0107818/?ref_=fn_ttl_ttl_1
736,Shadowlands (1993),01-Jan-1993,https://m.media-amazon.com/images/M/MV5BODg5NmZkOGQtMmZjYi00M2I0LWI2MzMtMzg5NTZkZDgzMjAzXkEyXkFqcGc@..jpg,0,0,0,0,0,0,0,0,1,0,0,0,0,0,1,0,0,0,0,https://www.imdb.com/title/tt0108101/?ref_=fn_ttl_ttl_1
737,Sirens (1994),01-Jan-1994,https://m.media-amazon.com/images/M/MV5BYmZmMDYyNjYtYzRhMi00MDc0LWE4NjctNDVkYzc4YTc3MDdlXkEyXkFqcGc@..jpg,0,0,0,0,0,1,0,0,1,0,0,0,0,0,0,0,0,0,0,https://www.imdb.com/title/tt0111201/?ref_=fn_ttl_ttl_1
738,Threesome (1994),01-Jan-1994,https://m.media-amazon.com/images/M/MV5BMjQ2ZWM1MzktMmZjZC00OWY2LWI1MzQtNTM4YzhiY2Q2MTg4XkEyXkFqcGc@..jpg,0,0,0,0,0,1,0,0,0,0,0,0,0,0,1,0,0,0,0,https://www.imdb.com/title/tt0111418/?ref_=fn_ttl_ttl_1
739,Pretty Woman (1990),01-Jan-1990,https://m.media-amazon.com/images/M/MV5BNjk2ODQzNDYxNV5BMl5BanBnXkFtZTgwMTcyNDg4NjE@..jpg,0,0,0,0,0,1,0,0,0,0,0,0,0,0,1,0,0,0,0,https://www.imdb.com/title/tt0100405/?ref_=fn_ttl_ttl_1
740,Jane Eyre (1996),05-Apr-1996,https://m.media-amazon.com/images/M/MV5BOWU1ODAyNTAtYTRhNC00MzIyLThkNTQtNGVkZTIxMjNkYmU1XkEyXkFqcGc@..jpg,0,0,0,0,0,0,0,0,1,0,0,0,0,0,1,0,0,0,0,https://www.imdb.com/title/tt0116684/?ref_=fn_ttl_ttl_1
741,"Last Supper, The (1995)",05-Apr-1996,https://m.media-amazon.com/images/M/MV5BZDE3YzI1YTMtMDNmYy00MmUzLTkzYTYtMTkyMWUzYTEwM2I5XkEyXkFqcGc@..jpg,0,0,0,0,0,0,0,0,1,0,0,0,0,0,0,0,1,0,0,https://www.imdb.com/title/tt0113613/?ref_=fn_ttl_ttl_1
742,Ransom (1996),08-Nov-1996,https://m.media-amazon.com/images/M/MV5BNjIxODEwMzgtNmEwNS00NzEzLTk1YTQtNzQzOGE2ZTIzZjk5XkEyXkFqcGc@..jpg,0,0,0,0,0,0,0,0,1,0,0,0,0,0,0,0,1,0,0,https://www.imdb.com/title/tt0117438/?ref_=fn_ttl_ttl_1
743,"Crow: City of Angels, The (1996)",30-Aug-1996,https://m.media-amazon.com/images/M/MV5BZWZjMjVhZDktMDAwNi00MDIzLTg3MzEtMDE2NTNmMzkwNWY1XkEyXkFqcGc@..jpg,0,1,0,0,0,0,0,0,0,0,0,0,0,0,0,0,1,0,0,https://www.imdb.com/title/tt0115986/?ref_=fn_ttl_ttl_1
744,Michael Collins (1996),11-Oct-1996,https://m.media-amazon.com/images/M/MV5BMGI3YmUzMjYtNmFiOC00YjFhLWFmNTgtOGNhNDdkNWUxZDgxXkEyXkFqcGc@..jpg,0,0,0,0,0,0,0,0,1,0,0,0,0,0,0,0,0,1,0,https://www.imdb.com/title/tt0117039/?ref_=fn_ttl_ttl_1
745,"Ruling Class, The (1972)",01-Jan-1972,https://m.media-amazon.com/images/M/MV5BMGRjNjJhMTYtMjQyOS00MDFhLTgzMTktYmNmNjNmYTQwYTg2XkEyXkFqcGc@..jpg,0,0,0,0,0,1,0,0,0,0,0,0,0,0,0,0,0,0,0,https://www.imdb.com/title/tt0069198/?ref_=fn_ttl_ttl_1
746,Real Genius (1985),01-Jan-1985,https://m.media-amazon.com/images/M/MV5BNTQ5MzU3ODg0OF5BMl5BanBnXkFtZTgwODM0MzQxMDE@..jpg,0,0,0,0,0,1,0,0,0,0,0,0,0,0,0,0,0,0,0,https://www.imdb.com/title/tt0089886/?ref_=fn_ttl_ttl_1
747,Benny & Joon (1993),01-Jan-1993,https://m.media-amazon.com/images/M/MV5BMGQ4YWUyODMtZjQ2MC00OTI4LWE0MzItZmJkZDc5NDcxN2Y5XkEyXkFqcGc@..jpg,0,0,0,0,0,1,0,0,0,0,0,0,0,0,1,0,0,0,0,https://www.imdb.com/title/tt0106387/?ref_=fn_ttl_ttl_1
748,"Saint, The (1997)",14-Mar-1997,https://m.media-amazon.com/images/M/MV5BNzFiY2VmYmMtZWM4Yi00OWJiLTgxNGUtZjJlYjc2NGU0YmQ4XkEyXkFqcGc@..jpg,0,1,0,0,0,0,0,0,0,0,0,0,0,0,1,0,1,0,0,https://www.imdb.com/title/tt0120053/?ref_=fn_ttl_ttl_1
749,"MatchMaker, The (1997)",01-Jan-1997,https://m.media-amazon.com/images/M/MV5BM2MwNWVjMzUtMDU3MS00ZjJlLTgxOGItMDExYmUyMTRjYzkyXkEyXkFqcGc@..jpg,0,0,0,0,0,1,0,0,0,0,0,0,0,0,1,0,0,0,0,https://www.imdb.com/title/tt0119632/?ref_=fn_ttl_ttl_1
750,Amistad (1997),18-Dec-1997,https://m.media-amazon.com/images/M/MV5BZGUyMWU0ZjctZTFiMS00YzdjLTg1YjktNDRmN2ZhNDY3ZDFhXkEyXkFqcGc@..jpg,0,0,0,0,0,0,0,0,1,0,0,0,0,0,0,0,0,0,0,https://www.imdb.com/title/tt0118607/?ref_=fn_ttl_ttl_1
751,Tomorrow Never Dies (1997),01-Jan-1997,https://m.media-amazon.com/images/M/MV5BMTM1MTk2ODQxNV5BMl5BanBnXkFtZTcwOTY5MDg0NA@@..jpg,0,1,0,0,0,0,0,0,0,0,0,0,0,0,1,0,1,0,0,https://www.imdb.com/title/tt0120347/?ref_=fn_ttl_ttl_1
752,"Replacement Killers, The (1998)",06-Feb-1998,https://m.media-amazon.com/images/M/MV5BOTNhYjViODktMjhhNS00MTAwLWE4YmYtY2M4OGQzNThiMTgzXkEyXkFqcGc@..jpg,0,1,0,0,0,0,0,0,0,0,0,0,0,0,0,0,1,0,0,https://www.imdb.com/title/tt0120008/?ref_=fn_ttl_ttl_1
753,Burnt By the Sun (1994),01-Jan-1994,https://m.media-amazon.com/images/M/MV5BY2E5MzcyY2QtNzM1Mi00ZTk4LTg4YzMtMTQ0YThjNDJlYTIxXkEyXkFqcGc@..jpg,0,0,0,0,0,0,0,0,1,0,0,0,0,0,0,0,0,0,0,https://www.imdb.com/title/tt0111579/?ref_=fn_ttl_ttl_1
754,Red Corner (1997),01-Jan-1997,https://m.media-amazon.com/images/M/MV5BMzE0MjU5NzQxNV5BMl5BanBnXkFtZTcwMzQzNzU2NA@@..jpg,0,0,0,0,0,0,1,0,0,0,0,0,0,0,0,0,1,0,0,https://www.imdb.com/title/tt0119994/?ref_=fn_ttl_ttl_1
755,Jumanji (1995),01-Jan-1995,https://m.media-amazon.com/images/M/MV5BYTFkMjFmODgtYzRiZi00NmQwLTliZWMtMzRhMWQ5ZmY3ZDExXkEyXkFqcGc@..jpg,0,1,1,0,1,0,0,0,0,1,0,0,0,0,0,1,0,0,0,https://www.imdb.com/title/tt0113497/?ref_=fn_ttl_ttl_1
756,Father of the Bride Part II (1995),01-Jan-1995,https://m.media-amazon.com/images/M/MV5BOTMwNzE2Y2YtNzZhMy00YTljLWI1MzQtMTI3YjkxYTg2NjRmXkEyXkFqcGc@..jpg,0,0,0,0,0,1,0,0,0,0,0,0,0,0,0,0,0,0,0,https://www.imdb.com/title/tt0113041/?ref_=fn_ttl_ttl_1
757,Across the Sea of Time (1995),01-Jan-1995,https://m.media-amazon.com/images/M/MV5BOTIwMzk1MDc1MF5BMl5BanBnXkFtZTcwMTEzNDkyMQ@@..jpg,0,0,0,0,0,0,0,1,0,0,0,0,0,0,0,0,0,0,0,https://www.imdb.com/title/tt0112286/?ref_=fn_ttl_ttl_1
758,Lawnmower Man 2: Beyond Cyberspace (1996),01-Jan-1996,https://m.media-amazon.com/images/M/MV5BMjkxZDdlMTQtZGZlZC00ZWNiLWFiYmYtY2JlODgwMTE1YTY3XkEyXkFqcGc@..jpg,0,0,0,0,0,0,0,0,0,0,0,0,0,0,0,1,1,0,0,https://www.imdb.com/title/tt0116839/?ref_=fn_ttl_ttl_1
759,Fair Game (1995),01-Jan-1995,https://m.media-amazon.com/images/M/MV5BMDc2MzAxOTktYWQ3Yy00NzJhLWFkNmQtN2QzMDFmMWYyODUxXkEyXkFqcGc@..jpg,0,1,0,0,0,0,0,0,0,0,0,0,0,0,0,0,0,0,0,https://www.imdb.com/title/tt0113010/?ref_=fn_ttl_ttl_1
760,Screamers (1995),01-Jan-1995,https://m.media-amazon.com/images/M/MV5BMmVkMjcwMjktOGY2MC00ZGFkLWI1NWQtYTJjNTk2N2U0NWZmXkEyXkFqcGc@..jpg,0,0,0,0,0,0,0,0,0,0,0,0,0,0,0,1,0,0,0,https://www.imdb.com/title/tt0114367/?ref_=fn_ttl_ttl_1
761,Nick of Time (1995),01-Jan-1995,https://m.media-amazon.com/images/M/MV5BM2JhN2NmYmQtNmE3OS00ZTE0LWI1YWUtMDY1YmRkY2QyNGExXkEyXkFqcGc@..jpg,0,1,0,0,0,0,0,0,0,0,0,0,0,0,0,0,1,0,0,https://www.imdb.com/title/tt0113972/?ref_=fn_ttl_ttl_1
762,Beautiful Girls (1996),09-Feb-1996,https://m.media-amazon.com/images/M/MV5BZDJkZjZlY2UtZWY2ZC00NGIzLWI2N2MtMDNlNGVkMzM5NjVlXkEyXkFqcGc@..jpg,0,0,0,0,0,0,0,0,1,0,0,0,0,0,0,0,0,0,0,https://www.imdb.com/title/tt0115639/?ref_=fn_ttl_ttl_1
763,Happy Gilmore (1996),16-Feb-1996,https://m.media-amazon.com/images/M/MV5BMzMyZTM1MTMtNDdjOS00NzIzLTkxY2QtZTU4OGYxOTUwNDMxXkEyXkFqcGc@..jpg,0,0,0,0,0,1,0,0,0,0,0,0,0,0,0,0,0,0,0,https://www.imdb.com/title/tt0116483/?ref_=fn_ttl_ttl_1
764,If Lucy Fell (1996),08-Mar-1996,https://m.media-amazon.com/images/M/MV5BYWFkNzdhZjMtOGI5Zi00MmFiLTljN2QtYzcyOTQxOGQ4OTI4XkEyXkFqcGc@..jpg,0,0,0,0,0,1,0,0,0,0,0,0,0,0,1,0,0,0,0,https://www.imdb.com/title/tt0116606/?ref_=fn_ttl_ttl_1
765,Boomerang (1992),01-Jan-1992,https://m.media-amazon.com/images/M/MV5BMjI1OWE5NjAtNmZjMy00NDA0LWI4OGItMTgxNDM3YmVhMDliXkEyXkFqcGc@..jpg,0,0,0,0,0,1,0,0,0,0,0,0,0,0,1,0,0,0,0,https://www.imdb.com/title/tt0103859/?ref_=fn_ttl_ttl_1
766,Man of the Year (1995),01-Mar-1996,https://m.media-amazon.com/images/M/MV5BMjY3MjczMjQwMV5BMl5BanBnXkFtZTcwNDM3OTEzMQ@@..jpg,0,0,0,0,0,0,0,1,0,0,0,0,0,0,0,0,0,0,0,https://www.imdb.com/title/tt0113756/?ref_=fn_ttl_ttl_1
767,"Addiction, The (1995)",01-Jan-1995,https://m.media-amazon.com/images/M/MV5BMGM4NzExZGItZGE3ZS00ZWI0LWE0M2EtZjI1Njc0ZGYzYzgyXkEyXkFqcGc@..jpg,0,0,0,0,0,0,0,0,0,0,0,1,0,0,0,0,0,0,0,https://www.imdb.com/title/tt0112288/?ref_=fn_ttl_ttl_1
768,Casper (1995),01-Jan-1995,https://m.media-amazon.com/images/M/MV5BZjYzZWZlYzYtZWZkYy00YjRkLWIxN2EtNjY1MGZmYmQxYTIxXkEyXkFqcGc@..jpg,0,0,1,0,1,0,0,0,0,0,0,0,0,0,0,0,0,0,0,https://www.imdb.com/title/tt0112642/?ref_=fn_ttl_ttl_1
769,Congo (1995),01-Jan-1995,https://m.media-amazon.com/images/M/MV5BOTc0MmM1MmMtYTI0Yi00YzJlLTg4MjctNjBlOGQ4NGJjZTNmXkEyXkFqcGc@..jpg,0,1,1,0,0,0,0,0,0,0,0,0,0,1,0,1,0,0,0,https://www.imdb.com/title/tt0112715/?ref_=fn_ttl_ttl_1
770,Devil in a Blue Dress (1995),01-Jan-1995,https://m.media-amazon.com/images/M/MV5BNDM1YzFjMWYtOTEyNS00Mzk3LWFhNzEtYTBlYmMxNDZlYjdlXkEyXkFqcGc@..jpg,0,0,0,0,0,0,1,0,0,0,1,0,0,1,0,0,1,0,0,https://www.imdb.com/title/tt0112857/?ref_=fn_ttl_ttl_1
771,Johnny Mnemonic (1995),01-Jan-1995,https://m.media-amazon.com/images/M/MV5BZGFjNWVhMzktZjJkZi00NWI3LWJiY2MtMTM1MGMxYzI0NmFjXkEyXkFqcGc@..jpg,0,1,0,0,0,0,0,0,0,0,0,0,0,0,0,1,1,0,0,https://www.imdb.com/title/tt0113481/?ref_=fn_ttl_ttl_1
772,Kids (1995),01-Jan-1995,https://m.media-amazon.com/images/M/MV5BZDVlZjdkM2YtNTU3ZS00NjVmLWEwMWMtOWQ3MTM1Mzk4MWM2XkEyXkFqcGc@..jpg,0,0,0,0,0,0,0,0,1,0,0,0,0,0,0,0,0,0,0,https://www.imdb.com/title/tt0113540/?ref_=fn_ttl_ttl_1
773,Mute Witness (1994),01-Jan-1994,https://m.media-amazon.com/images/M/MV5BYTUzNTMwNmEtODkyNC00ZDcxLWE5ZTYtMDczYjg4NzhiZmM1XkEyXkFqcGc@..jpg,0,0,0,0,0,0,0,0,0,0,0,0,0,0,0,0,1,0,0,https://www.imdb.com/title/tt0110604/?ref_=fn_ttl_ttl_1
774,"Prophecy, The (1995)",01-Jan-1995,https://m.media-amazon.com/images/M/MV5BN2I2NjQzMjktZThlMS00OTg5LTk3ZTItZWFmYmM0M2ZkNjFlXkEyXkFqcGc@..jpg,0,0,0,0,0,0,0,0,0,0,0,1,0,0,0,0,0,0,0,https://www.imdb.com/title/tt0114194/?ref_=fn_ttl_ttl_1
775,Something to Talk About (1995),01-Jan-1995,https://m.media-amazon.com/images/M/MV5BMjhlMjc5NzItMTJhNS00NTk5LTgxZDMtNWM1NzcwMDhmMDRmXkEyXkFqcGc@..jpg,0,0,0,0,0,1,0,0,1,0,0,0,0,0,1,0,0,0,0,https://www.imdb.com/title/tt0114496/?ref_=fn_ttl_ttl_1
776,Three Wishes (1995),01-Jan-1995,https://m.media-amazon.com/images/M/MV5BY2JjOTA4ODYtNGJmOC00ODg0LWFkNWMtMWRkY2MxNGQzZWU5XkEyXkFqcGc@..jpg,0,0,0,0,0,0,0,0,1,0,0,0,0,0,0,0,0,0,0,https://www.imdb.com/title/tt0114663/?ref_=fn_ttl_ttl_1
777,Castle Freak (1995),01-Jan-1995,https://m.media-amazon.com/images/M/MV5BMzRjOWRhYTEtZWQ1Mi00ZWE3LWIxMTQtYzU4NWIwNzY0YTdmXkEyXkFqcGc@..jpg,0,0,0,0,0,0,0,0,0,0,0,1,0,0,0,0,0,0,0,https://www.imdb.com/title/tt10701458/?ref_=fn_ttl_ttl_1
778,Don Juan DeMarco (1995),01-Jan-1995,https://m.media-amazon.com/images/M/MV5BMTFjOWJhYjUtNjllYi00MDdkLWJjYTMtNTNlNjJlMDVmZGJlXkEyXkFqcGc@..jpg,0,0,0,0,0,1,0,0,1,0,0,0,0,0,1,0,0,0,0,https://www.imdb.com/title/tt0112883/?ref_=fn_ttl_ttl_1
779,Drop Zone (1994),01-Jan-1994,https://m.media-amazon.com/images/M/MV5BOThiNGQxNjAtNDQ1NC00YWQ0LTliMjktYzc3MTU2ZmI0NjMzXkEyXkFqcGc@..jpg,0,1,0,0,0,0,0,0,0,0,0,0,0,0,0,0,0,0,0,https://www.imdb.com/title/tt0109676/?ref_=fn_ttl_ttl_1
780,Dumb & Dumber (1994),01-Jan-1994,https://m.media-amazon.com/images/M/MV5BNGQxZDA1MmMtYWQ1Ni00NTJmLTljMjgtZWVmODllODVhMzgyXkEyXkFqcGc@..jpg,0,0,0,0,0,1,0,0,0,0,0,0,0,0,0,0,0,0,0,https://www.imdb.com/title/tt0109686/?ref_=fn_ttl_ttl_1
781,French Kiss (1995),01-Jan-1995,https://m.media-amazon.com/images/M/MV5BMTkzMjg5MDQ3M15BMl5BanBnXkFtZTgwOTM5NTE0MDE@..jpg,0,0,0,0,0,1,0,0,0,0,0,0,0,0,1,0,0,0,0,https://www.imdb.com/title/tt0113117/?ref_=fn_ttl_ttl_1
782,Little Odessa (1994),01-Jan-1994,https://m.media-amazon.com/images/M/MV5BODg0ZWZhMTQtODZkMy00Y2E0LWEzNmEtZjE0ODA4N2IzYmY3XkEyXkFqcGc@..jpg,0,0,0,0,0,0,0,0,1,0,0,0,0,0,0,0,0,0,0,https://www.imdb.com/title/tt0110365/?ref_=fn_ttl_ttl_1
783,Milk Money (1994),01-Jan-1994,https://m.media-amazon.com/images/M/MV5BZmY0MjcyZTEtZjMwYi00OTU2LWFiMTgtYjUxMTNmNTBlNjllXkEyXkFqcGc@..jpg,0,0,0,0,0,1,0,0,0,0,0,0,0,0,1,0,0,0,0,https://www.imdb.com/title/tt0110516/?ref_=fn_ttl_ttl_1
784,Beyond Bedlam (1993),01-Jan-1993,https://m.media-amazon.com/images/M/MV5BZTcwZTM4NTQtNWE2Ni00OTVkLWIwNjctZWUzNGE3N2EyODUwXkEyXkFqcGc@..jpg,0,0,0,0,0,0,0,0,1,0,0,1,0,0,0,0,0,0,0,https://www.imdb.com/title/tt0106402/?ref_=fn_ttl_ttl_1
785,Only You (1994),01-Jan-1994,https://m.media-amazon.com/images/M/MV5BNzg3NjFkNjgtNDZkNy00MDBiLTg3ZTYtZmI2NGY3NzEyY2IzXkEyXkFqcGc@..jpg,0,0,0,0,0,1,0,0,0,0,0,0,0,0,1,0,0,0,0,https://www.imdb.com/title/tt0110737/?ref_=fn_ttl_ttl_1
786,"Perez Family, The (1995)",01-Jan-1995,https://m.media-amazon.com/images/M/MV5BYTM2OGQ3NWYtMWZjZC00MDI1LThmN2YtMDM1MzIwYzkyZWI3XkEyXkFqcGc@..jpg,0,0,0,0,0,1,0,0,0,0,0,0,0,0,1,0,0,0,0,https://www.imdb.com/title/tt0114113/?ref_=fn_ttl_ttl_1
787,Roommates (1995),01-Jan-1995,https://m.media-amazon.com/images/M/MV5BYTQwNzdmZWYtMTg2Ny00MWZiLTg0M2UtYzYwMTM4YzgyZmY4XkEyXkFqcGc@..jpg,0,0,0,0,0,1,0,0,1,0,0,0,0,0,0,0,0,0,0,https://www.imdb.com/title/tt0114296/?ref_=fn_ttl_ttl_1
788,Relative Fear (1994),01-Jan-1994,https://m.media-amazon.com/images/M/MV5BZTc3NWIxMDItMDIzYi00OTYzLTg0NjEtMmVlMjIxMzU3MTU1XkEyXkFqcGc@..jpg,0,0,0,0,0,0,0,0,0,0,0,1,0,0,0,0,1,0,0,https://www.imdb.com/title/tt0110965/?ref_=fn_ttl_ttl_1
789,Swimming with Sharks (1995),01-Jan-1995,https://m.media-amazon.com/images/M/MV5BOTVjYWM1MWItMzhhMi00OWVhLTlhNTUtZWNiMzcxMzQyOGY2XkEyXkFqcGc@..jpg,0,0,0,0,0,1,0,0,1,0,0,0,0,0,0,0,0,0,0,https://www.imdb.com/title/tt0114594/?ref_=fn_ttl_ttl_1
790,Tommy Boy (1995),01-Jan-1995,https://m.media-amazon.com/images/M/MV5BMWMwOWU4NmYtZmU2Ny00MjM0LWI4NmQtN2YwNzdhYTI1MmFlXkEyXkFqcGc@..jpg,0,0,0,0,0,1,0,0,0,0,0,0,0,0,0,0,0,0,0,https://www.imdb.com/title/tt0114694/?ref_=fn_ttl_ttl_1
791,"Baby-Sitters Club, The (1995)",01-Jan-1995,https://m.media-amazon.com/images/M/MV5BZDU5YmI0ZDctZGJjZS00Zjk1LTliZDEtZTk5ZGE3ODgyM2ZlXkEyXkFqcGc@..jpg,0,0,0,0,1,0,0,0,0,0,0,0,0,0,0,0,0,0,0,https://www.imdb.com/title/tt0112435/?ref_=fn_ttl_ttl_1
792,Bullets Over Broadway (1994),01-Jan-1994,https://m.media-amazon.com/images/M/MV5BNjIxNzYzOTMtNThmMy00ZjU0LTlhN2UtYzU4MmUxNjRhYjI1XkEyXkFqcGc@..jpg,0,0,0,0,0,1,0,0,0,0,0,0,0,0,0,0,0,0,0,https://www.imdb.com/title/tt0109348/?ref_=fn_ttl_ttl_1
793,Crooklyn (1994),01-Jan-1994,https://m.media-amazon.com/images/M/MV5BZWE2NDNhNjQtOGExMC00MWQ1LTg2N2UtNGZjYzVjNWZiYjkzXkEyXkFqcGc@..jpg,0,0,0,0,0,1,0,0,0,0,0,0,0,0,0,0,0,0,0,https://www.imdb.com/title/tt0109504/?ref_=fn_ttl_ttl_1
794,It Could Happen to You (1994),01-Jan-1994,https://m.media-amazon.com/images/M/MV5BZDAxZTM1MGMtZmE1ZC00ZjliLTgwNzYtMThmY2E5NmUxZTA2XkEyXkFqcGc@..jpg,0,0,0,0,0,0,0,0,1,0,0,0,0,0,1,0,0,0,0,https://www.imdb.com/title/tt0110167/?ref_=fn_ttl_ttl_1
795,Richie Rich (1994),01-Jan-1994,https://m.media-amazon.com/images/M/MV5BZWEyNTYzNmMtMTFkNC00Zjk4LWI4MzUtMjAzMjZjOTJmMjVmXkEyXkFqcGc@..jpg,0,0,0,0,1,1,0,0,0,0,0,0,0,0,0,0,0,0,0,https://www.imdb.com/title/tt0110989/?ref_=fn_ttl_ttl_1
796,Speechless (1994),01-Jan-1994,https://m.media-amazon.com/images/M/MV5BYzEwMjQxMWUtY2EwMy00Mzk4LThlMjAtYzY0ZTk0ZDQ2ZTBiXkEyXkFqcGc@..jpg,0,0,0,0,0,1,0,0,0,0,0,0,0,0,1,0,0,0,0,https://www.imdb.com/title/tt0111256/?ref_=fn_ttl_ttl_1
797,Timecop (1994),01-Jan-1994,https://m.media-amazon.com/images/M/MV5BMDdkOWRjYzktYTA3Ny00YWFkLWFkYTItNTE5ZDk2MDQxMjI3XkEyXkFqcGc@..jpg,0,1,0,0,0,0,0,0,0,0,0,0,0,0,0,1,0,0,0,https://www.imdb.com/title/tt0111438/?ref_=fn_ttl_ttl_1
798,Bad Company (1995),01-Jan-1995,https://m.media-amazon.com/images/M/MV5BYTNmYWJlYmYtYzlhNy00NzI5LWEyYjAtNTE1NzJlMGQ2OThiXkEyXkFqcGc@..jpg,0,1,0,0,0,0,0,0,0,0,0,0,0,0,0,0,0,0,0,https://www.imdb.com/title/tt0112443/?ref_=fn_ttl_ttl_1
799,Boys Life (1995),01-Jan-1995,https://m.media-amazon.com/images/M/MV5BMTM0ODA1MzEwM15BMl5BanBnXkFtZTcwNjQ3ODYxMQ@@..jpg,0,0,0,0,0,0,0,0,1,0,0,0,0,0,0,0,0,0,0,https://www.imdb.com/title/tt0112570/?ref_=fn_ttl_ttl_1
800,In the Mouth of Madness (1995),01-Jan-1995,https://m.media-amazon.com/images/M/MV5BMmE2OTY3MWMtNTY5ZS00MGFhLWFhYzAtZWQ3MGMyY2M5MDRjXkEyXkFqcGc@..jpg,0,0,0,0,0,0,0,0,0,0,0,1,0,0,0,0,1,0,0,https://www.imdb.com/title/tt0113409/?ref_=fn_ttl_ttl_1
801,"Air Up There, The (1994)",01-Jan-1994,https://m.media-amazon.com/images/M/MV5BNTE1NzU4ZTMtYmM3ZC00YTc3LTg2MjgtYjY1ZDBmYjgxMWFjXkEyXkFqcGc@..jpg,0,0,0,0,0,1,0,0,0,0,0,0,0,0,0,0,0,0,0,https://www.imdb.com/title/tt0109067/?ref_=fn_ttl_ttl_1
802,Hard Target (1993),01-Jan-1993,https://m.media-amazon.com/images/M/MV5BMTBkNzJmZTMtMTNlMy00ZTA0LTg1YzMtZGUyNWUwNTIxZDY2XkEyXkFqcGc@..jpg,0,1,1,0,0,0,1,0,0,0,0,0,0,0,0,0,1,0,0,https://www.imdb.com/title/tt0107076/?ref_=fn_ttl_ttl_1
803,Heaven & Earth (1993),01-Jan-1993,https://m.media-amazon.com/images/M/MV5BZWI2MDU5MDgtZjQ1Mi00YTBjLWFiNDktMWY1YTNjNjUxOGRlXkEyXkFqcGc@..jpg,0,1,0,0,0,0,0,0,1,0,0,0,0,0,0,0,0,1,0,https://www.imdb.com/title/tt0107096/?ref_=fn_ttl_ttl_1
804,Jimmy Hollywood (1994),01-Jan-1994,https://m.media-amazon.com/images/M/MV5BODgzYzA5Y2QtM2Y3OS00ODcyLWI4NGYtZDYyNWE0MmQ1MjA4XkEyXkFqcGc@..jpg,0,0,0,0,0,1,0,0,0,0,0,0,0,0,0,0,0,0,0,https://www.imdb.com/title/tt0110197/?ref_=fn_ttl_ttl_1
805,Manhattan Murder Mystery (1993),01-Jan-1993,https://m.media-amazon.com/images/M/MV5BMjAxNjJjODEtYjA3NC00N2EwLWFkYWItODA1OTY4NTNlODczXkEyXkFqcGc@..jpg,0,0,0,0,0,1,0,0,0,0,0,0,0,1,0,0,0,0,0,https://www.imdb.com/title/tt0107507/?ref_=fn_ttl_ttl_1
806,Menace II Society (1993),01-Jan-1993,https://m.media-amazon.com/images/M/MV5BMzQ1MTNhZWEtM2FmZS00ZjkzLWJhZWEtNzA5ZDllZmYzNjQ1XkEyXkFqcGc@..jpg,0,1,0,0,0,0,1,0,1,0,0,0,0,0,0,0,0,0,0,https://www.imdb.com/title/tt0107554/?ref_=fn_ttl_ttl_1
807,Poetic Justice (1993),01-Jan-1993,https://m.media-amazon.com/images/M/MV5BN2M0ZmY5YzQtM2ZkYS00NjA5LTk3YzYtZDU4MjU4NTBlYTgyXkEyXkFqcGc@..jpg,0,0,0,0,0,0,0,0,1,0,0,0,0,0,0,0,0,0,0,https://www.imdb.com/title/tt0107840/?ref_=fn_ttl_ttl_1
808,"Program, The (1993)",01-Jan-1993,https://m.media-amazon.com/images/M/MV5BM2Y5YTBkNjctOTcxYy00MzFmLWFjNTQtZDQ2M2FhN2RmNGEzXkEyXkFqcGc@..jpg,0,1,0,0,0,0,0,0,1,0,0,0,0,0,0,0,0,0,0,https://www.imdb.com/title/tt0107889/?ref_=fn_ttl_ttl_1
809,Rising Sun (1993),01-Jan-1993,https://m.media-amazon.com/images/M/MV5BNjAwOGQ0ZjQtMTRjNC00MDIyLThjMWMtYzA0YjRhMDFhNTZkXkEyXkFqcGc@..jpg,0,1,0,0,0,0,0,0,1,0,0,0,0,1,0,0,0,0,0,https://www.imdb.com/title/tt0107969/?ref_=fn_ttl_ttl_1
810,"Shadow, The (1994)",01-Jan-1994,https://m.media-amazon.com/images/M/MV5BNTZkZWE2MzAtYjU3OS00MWUwLWExYzMtNzdmZTA2MmI0ODU5XkEyXkFqcGc@..jpg,0,1,0,0,0,0,0,0,0,0,0,0,0,0,0,0,0,0,0,https://www.imdb.com/title/tt0111143/?ref_=fn_ttl_ttl_1
811,Thirty-Two Short Films About Glenn Gould (1993),01-Jan-1993,https://m.media-amazon.com/images/M/MV5BZGZhNTVmN2MtMDIzNC00NWQzLTg1YTUtZGQzZGRlNGRjZjZjXkEyXkFqcGc@..jpg,0,0,0,0,0,0,0,1,0,0,0,0,0,0,0,0,0,0,0,https://www.imdb.com/title/tt0108328/?ref_=fn_ttl_ttl_1
812,Andre (1994),01-Jan-1994,https://m.media-amazon.com/images/M/MV5BOWU1ZWVkNTYtMGQ5Zi00OTQ2LWIzMGEtODQ1MGM1MjEyZGY4XkEyXkFqcGc@..jpg,0,0,1,0,1,0,0,0,0,0,0,0,0,0,0,0,0,0,0,https://www.imdb.com/title/tt0109120/?ref_=fn_ttl_ttl_1
813,"Celluloid Closet, The (1995)",15-Mar-1996,https://m.media-amazon.com/images/M/MV5BNzhlM2E1MWUtMzkzMy00YTIzLTljZjYtMGQ4Njc2MzY4ODg0XkEyXkFqcGc@..jpg,0,0,0,0,0,0,0,1,0,0,0,0,0,0,0,0,0,0,0,https://www.imdb.com/title/tt0112651/?ref_=fn_ttl_ttl_1
814,"Great Day in Harlem, A (1994)",01-Jan-1994,https://m.media-amazon.com/images/M/MV5BYzMyZWQxYWYtYWIzYy00ZTAwLWIyYWMtMjNlOWI5NGNiNmM2XkEyXkFqcGc@..jpg,0,0,0,0,0,0,0,1,0,0,0,0,0,0,0,0,0,0,0,https://www.imdb.com/title/tt0109934/?ref_=fn_ttl_ttl_1
815,One Fine Day (1996),30-Nov-1996,https://m.media-amazon.com/images/M/MV5BNTRiMjllNGMtNDgxMi00ODQ5LWJlZDktOWMyYTNjODM3NWM5XkEyXkFqcGc@..jpg,0,0,0,0,0,0,0,0,1,0,0,0,0,0,1,0,0,0,0,https://www.imdb.com/title/tt0117247/?ref_=fn_ttl_ttl_1
816,Candyman: Farewell to the Flesh (1995),01-Jan-1995,https://m.media-amazon.com/images/M/MV5BYmU2YjRiMDItZTRiNi00NmVjLTg1YTUtYWJjYzQ3YmU4MmFhXkEyXkFqcGc@..jpg,0,0,0,0,0,0,0,0,0,0,0,1,0,0,0,0,0,0,0,https://www.imdb.com/title/tt0112625/?ref_=fn_ttl_ttl_1
817,Frisk (1995),29-Mar-1996,https://m.media-amazon.com/images/M/MV5BY2Q2MzY4MzAtMzM3My00MWFlLTg1MGUtNDkwYWRjOTExNjc3XkEyXkFqcGc@..jpg,0,0,0,0,0,0,0,0,1,0,0,0,0,0,0,0,0,0,0,https://www.imdb.com/title/tt0113122/?ref_=fn_ttl_ttl_1
818,Girl 6 (1996),22-Mar-1996,https://m.media-amazon.com/images/M/MV5BNDkwNDU4ZDMtZTRhYy00ZGY4LThlMTUtNDQ2ZGE3YWQwM2U4XkEyXkFqcGc@..jpg,0,0,0,0,0,1,0,0,0,0,0,0,0,0,0,0,0,0,0,https://www.imdb.com/title/tt0116414/?ref_=fn_ttl_ttl_1
819,Eddie (1996),31-May-1996,https://m.media-amazon.com/images/M/MV5BM2UwZWQ0NWMtMWEzYi00NDk4LTg3MTEtMjM2MGFlNGFhYWUzXkEyXkFqcGc@..jpg,0,0,0,0,0,1,0,0,0,0,0,0,0,0,0,0,0,0,0,https://www.imdb.com/title/tt0116168/?ref_=fn_ttl_ttl_1
820,Space Jam (1996),15-Nov-1996,https://m.media-amazon.com/images/M/MV5BZGQ3ZDk0M2MtZDNmNi00OWE3LThiODUtMTU3NmVjMTA0ZGQyXkEyXkFqcGc@..jpg,0,0,1,1,1,1,0,0,0,1,0,0,0,0,0,0,0,0,0,https://www.imdb.com/title/tt0117705/?ref_=fn_ttl_ttl_1
821,Mrs. Winterbourne (1996),19-Apr-1996,https://m.media-amazon.com/images/M/MV5BMDQyZDhhNGUtNmIxMC00MWQ0LThlMzctMzg2M2RmMThhOWRlXkEyXkFqcGc@..jpg,0,0,0,0,0,1,0,0,0,0,0,0,0,0,1,0,0,0,0,https://www.imdb.com/title/tt0117104/?ref_=fn_ttl_ttl_1
822,Faces (1968),01-Jan-1968,https://m.media-amazon.com/images/M/MV5BNmNlOTk1ZmYtZmNiMi00NzZkLWFhY2EtNWE2YTkyZDhkYjg5XkEyXkFqcGc@..jpg,0,0,0,0,0,0,0,0,1,0,0,0,0,0,0,0,0,0,0,https://www.imdb.com/title/tt0062952/?ref_=fn_ttl_ttl_1
823,Mulholland Falls (1996),26-Apr-1996,https://m.media-amazon.com/images/M/MV5BOTcwMDE3MTQ5OV5BMl5BanBnXkFtZTcwMzA0MDQ1NA@@..jpg,0,0,0,0,0,0,1,0,0,0,1,0,0,0,0,0,1,0,0,https://www.imdb.com/title/tt0117107/?ref_=fn_ttl_ttl_1
824,"Great White Hype, The (1996)",03-May-1996,https://m.media-amazon.com/images/M/MV5BZDUzZjhiMjktOTdiNi00MTliLWE1NjItMTIxZGMyY2FmZjhmXkEyXkFqcGc@..jpg,0,0,0,0,0,1,0,0,0,0,0,0,0,0,0,0,0,0,0,https://www.imdb.com/title/tt0116448/?ref_=fn_ttl_ttl_1
825,"Arrival, The (1996)",31-May-1996,https://m.media-amazon.com/images/M/MV5BZTRhNGFlMWUtOTZiMy00NzZiLTk4NDQtY2E1NzRlZDFkNzY1XkEyXkFqcGc@..jpg,0,1,0,0,0,0,0,0,0,0,0,0,0,0,0,1,1,0,0,https://www.imdb.com/title/tt0115571/?ref_=fn_ttl_ttl_1
826,"Phantom, The (1996)",07-Jun-1996,https://m.media-amazon.com/images/M/MV5BNmM1MWM0OTYtNjA4MC00ZDNmLTllYWItYzcxMjNmMDgwM2FjXkEyXkFqcGc@..jpg,0,0,1,0,0,0,0,0,0,0,0,0,0,0,0,0,0,0,0,https://www.imdb.com/title/tt0117331/?ref_=fn_ttl_ttl_1
827,Daylight (1996),06-Dec-1996,https://m.media-amazon.com/images/M/MV5BZTM2YTg0OWUtODc5ZC00ZGU2LWFkZGYtMDFmZGE3NzFhYjM4XkEyXkFqcGc@..jpg,0,1,1,0,0,0,0,0,0,0,0,0,0,0,0,0,1,0,0,https://www.imdb.com/title/tt0116040/?ref_=fn_ttl_ttl_1
828,Alaska (1996),21-Aug-1996,https://m.media-amazon.com/images/M/MV5BMjkzZDY1MTMtZGNlMi00YzFkLTk1NDUtOWJjYWUxZTRkYWU1XkEyXkFqcGc@..jpg,0,0,1,0,1,0,0,0,0,0,0,0,0,0,0,0,0,0,0,https://www.imdb.com/title/tt0115493/?ref_=fn_ttl_ttl_1
829,Fled (1996),19-Jul-1996,https://m.media-amazon.com/images/M/MV5BYjJhMjczNWItYTQ0ZS00MTI3LTlkMGUtZGVkNzFhYTQxMDNlXkEyXkFqcGc@..jpg,0,1,1,0,0,0,0,0,0,0,0,0,0,0,0,0,0,0,0,https://www.imdb.com/title/tt0116320/?ref_=fn_ttl_ttl_1
830,Power 98 (1995),17-May-1996,https://m.media-amazon.com/images/M/MV5BMjhlMjc5NzItMTJhNS00NTk5LTgxZDMtNWM1NzcwMDhmMDRmXkEyXkFqcGc@..jpg,0,1,0,0,0,0,0,0,0,0,0,0,0,1,0,0,1,0,0,https://www.imdb.com/title/tt0114496/?ref_=fn_ttl_ttl_1
831,Escape from L.A. (1996),09-Aug-1996,https://m.media-amazon.com/images/M/MV5BNzM0NjI1MjItYzYwNS00YTQzLThlOGMtMmFkZTIyN2MxNGUyXkEyXkFqcGc@..jpg,0,1,1,0,0,0,0,0,0,0,0,0,0,0,0,1,1,0,0,https://www.imdb.com/title/tt0116225/?ref_=fn_ttl_ttl_1
832,Bogus (1996),06-Sep-1996,https://m.media-amazon.com/images/M/MV5BNTY1YTZmYjMtYjMyMS00YzE0LWJjYjEtMzA4MDBhNjEwMzdlXkEyXkFqcGc@..jpg,0,0,0,0,1,0,0,0,1,1,0,0,0,0,0,0,0,0,0,https://www.imdb.com/title/tt0115725/?ref_=fn_ttl_ttl_1
833,Bulletproof (1996),06-Sep-1996,https://m.media-amazon.com/images/M/MV5BMjUzY2NhNTgtMTMxYS00ZjdiLWI0NTMtY2VmOTA1NmE4MjcwXkEyXkFqcGc@..jpg,0,1,0,0,0,0,0,0,0,0,0,0,0,0,0,0,0,0,0,https://www.imdb.com/title/tt0115783/?ref_=fn_ttl_ttl_1
834,Halloween: The Curse of Michael Myers (1995),01-Jan-1995,https://m.media-amazon.com/images/M/MV5BY2YyN2U1YjctMzMyNS00YmQyLWI5ZjUtYjUwMWU0MmYxZmU1XkEyXkFqcGc@..jpg,0,0,0,0,0,0,0,0,0,0,0,1,0,0,0,0,1,0,0,https://www.imdb.com/title/tt0113253/?ref_=fn_ttl_ttl_1
835,"Gay Divorcee, The (1934)",01-Jan-1934,https://m.media-amazon.com/images/M/MV5BZGIyNzhjN2UtZjllNS00ZDg5LWFkMTgtMGJjYWYwMDQ4NDI3XkEyXkFqcGc@..jpg,0,0,0,0,0,1,0,0,0,0,0,0,1,0,1,0,0,0,0,https://www.imdb.com/title/tt0025164/?ref_=fn_ttl_ttl_1
836,Ninotchka (1939),01-Jan-1939,https://m.media-amazon.com/images/M/MV5BNTllODg3NmItOTY2Yi00NDhkLWE2OWYtNmE0ZWU4NTZiYjljXkEyXkFqcGc@..jpg,0,0,0,0,0,1,0,0,0,0,0,0,0,0,1,0,0,0,0,https://www.imdb.com/title/tt0031725/?ref_=fn_ttl_ttl_1
837,Meet John Doe (1941),01-Jan-1941,https://m.media-amazon.com/images/M/MV5BNDYxM2Q0MmMtZTY4MS00YmMzLTljMzItYWQ5OWRiY2ZmN2IzXkEyXkFqcGc@..jpg,0,0,0,0,0,0,0,0,1,0,0,0,0,0,0,0,0,0,0,https://www.imdb.com/title/tt0033891/?ref_=fn_ttl_ttl_1
838,In the Line of Duty 2 (1987),30-Aug-1996,https://m.media-amazon.com/images/M/MV5BYTFkYzIyZmEtMTljMy00ODk2LTg4MmYtYTliZjQ4OTU2OTkwXkEyXkFqcGc@..jpg,0,1,0,0,0,0,0,0,0,0,0,0,0,0,0,0,0,0,0,https://www.imdb.com/title/tt3541524/?ref_=fn_ttl_ttl_1
839,Loch Ness (1995),01-Jan-1995,https://m.media-amazon.com/images/M/MV5BM2MxN2U4ZTUtMjMxYS00OWI0LTk3MDktNGM1ODEyZDY0YzQ1XkEyXkFqcGc@..jpg,0,0,0,0,0,0,0,0,0,0,0,1,0,0,0,0,1,0,0,https://www.imdb.com/title/tt0113682/?ref_=fn_ttl_ttl_1
840,Last Man Standing (1996),20-Sep-1996,https://m.media-amazon.com/images/M/MV5BOTk5MWVmNzYtNzllZi00YTAxLWE5ZDUtNDdiYzM2OTY1M2U4XkEyXkFqcGc@..jpg,0,1,0,0,0,0,0,0,1,0,0,0,0,0,0,0,0,0,1,https://www.imdb.com/title/tt0116830/?ref_=fn_ttl_ttl_1
841,"Glimmer Man, The (1996)",04-Oct-1996,https://m.media-amazon.com/images/M/MV5BYTZkODA2ZjAtNDc5YS00N2ExLWEwYjEtNjRiYWM5MTA5N2UyXkEyXkFqcGc@..jpg,0,1,0,0,0,0,0,0,0,0,0,0,0,0,0,0,1,0,0,https://www.imdb.com/title/tt0116421/?ref_=fn_ttl_ttl_1
842,Pollyanna (1960),01-Jan-1960,https://m.media-amazon.com/images/M/MV5BNjA5MDU4NmMtNTVkMi00ODQxLWJmMjgtYzJmYjY1MWNkNDc5XkEyXkFqcGc@..jpg,0,0,0,0,1,1,0,0,1,0,0,0,0,0,0,0,0,0,0,https://www.imdb.com/title/tt0054195/?ref_=fn_ttl_ttl_1
843,"Shaggy Dog, The (1959)",01-Jan-1959,https://m.media-amazon.com/images/M/MV5BNjc5Mjg5YWMtMjA2Ni00Yjk4LTk5NjQtZjAwN2I3MjIyYjdiXkEyXkFqcGc@..jpg,0,0,0,0,1,1,0,0,0,0,0,0,0,0,0,0,0,0,0,https://www.imdb.com/title/tt0053271/?ref_=fn_ttl_ttl_1
844,Freeway (1996),23-Aug-1996,https://m.media-amazon.com/images/M/MV5BOTliYjdlMTctMjgxZC00MDExLThhODktZjk3NGI4ZDE3YjEyXkEyXkFqcGc@..jpg,0,0,0,0,0,0,1,0,0,0,0,0,0,0,0,0,0,0,0,https://www.imdb.com/title/tt0116361/?ref_=fn_ttl_ttl_1
845,That Thing You Do! (1996),28-Sep-1996,https://m.media-amazon.com/images/M/MV5BYTk4MmU0NTMtYzFiYi00NWRiLTkzYWEtNWM2Mzk5YTMwNThjXkEyXkFqcGc@..jpg,0,0,0,0,0,1,0,0,0,0,0,0,0,0,0,0,0,0,0,https://www.imdb.com/title/tt0117887/?ref_=fn_ttl_ttl_1
846,To Gillian on Her 37th Birthday (1996),18-Oct-1996,https://m.media-amazon.com/images/M/MV5BODczZTdlZWUtMGJhMy00ZmIxLWE2NzItMzBiMGExMmJhYWE2XkEyXkFqcGc@..jpg,0,0,0,0,0,0,0,0,1,0,0,0,0,0,1,0,0,0,0,https://www.imdb.com/title/tt0117924/?ref_=fn_ttl_ttl_1
847,Looking for Richard (1996),11-Oct-1996,https://m.media-amazon.com/images/M/MV5BN2EwYTM3MmYtYjIzNi00YzQ3LWE1YWMtMjQwNzI0ODIyN2ZjXkEyXkFqcGc@..jpg,0,0,0,0,0,0,0,1,1,0,0,0,0,0,0,0,0,0,0,https://www.imdb.com/title/tt0116913/?ref_=fn_ttl_ttl_1
848,"Murder, My Sweet (1944)",01-Jan-1944,https://m.media-amazon.com/images/M/MV5BMTQ0NzM2NzctYjI1Yi00NWEzLWFhNTYtYjFkN2QwZGRkNDlhXkEyXkFqcGc@..jpg,0,0,0,0,0,0,0,0,0,0,1,0,0,0,0,0,1,0,0,https://www.imdb.com/title/tt0037101/?ref_=fn_ttl_ttl_1
849,Days of Thunder (1990),01-Jan-1990,https://m.media-amazon.com/images/M/MV5BNjM0NjgwYjAtMjQ3Mi00NDY1LTgwMDktZGJkOGRkMTBkMDA2XkEyXkFqcGc@..jpg,0,1,0,0,0,0,0,0,0,0,0,0,0,0,1,0,0,0,0,https://www.imdb.com/title/tt0099371/?ref_=fn_ttl_ttl_1
850,"Perfect Candidate, A (1996)",27-Sep-1996,https://m.media-amazon.com/images/M/MV5BMTMzMjgyMjI2N15BMl5BanBnXkFtZTcwMzg1NTUyMQ@@..jpg,0,0,0,0,0,0,0,1,0,0,0,0,0,0,0,0,0,0,0,https://www.imdb.com/title/tt0117320/?ref_=fn_ttl_ttl_1
851,Two or Three Things I Know About Her (1966),01-Jan-1966,https://m.media-amazon.com/images/M/MV5BNjZmY2Y2NmEtMjE3NS00Y2I1LWFmNjAtZGNkNDVjNWQyNjQ5XkEyXkFqcGc@..jpg,0,0,0,0,0,0,0,0,1,0,0,0,0,0,0,0,0,0,0,https://www.imdb.com/title/tt0060304/?ref_=fn_ttl_ttl_1
852,"Bloody Child, The (1996)",26-Oct-1996,https://m.media-amazon.com/images/M/MV5BMTQ4OTI1MTMwN15BMl5BanBnXkFtZTcwNTQ3MjUzMQ@@..jpg,0,0,0,0,0,0,0,0,1,0,0,0,0,0,0,0,1,0,0,https://www.imdb.com/title/tt0115715/?ref_=fn_ttl_ttl_1
853,Braindead (1992),01-Jan-1992,https://m.media-amazon.com/images/M/MV5BMzU0Y2FhNDAtYzNlOC00MTNhLWFjYTUtMWMwMTUxZjlmYjc0XkEyXkFqcGc@..jpg,0,0,0,0,0,1,0,0,0,0,0,1,0,0,0,0,0,0,0,https://www.imdb.com/title/tt0103873/?ref_=fn_ttl_ttl_1
854,Bad Taste (1987),01-Jan-1987,https://m.media-amazon.com/images/M/MV5BYzgxZDRmOGEtYzY4NS00NmVkLTgyZTctYWUwMTIwMDhlZWI2XkEyXkFqcGc@..jpg,0,0,0,0,0,1,0,0,0,0,0,1,0,0,0,0,0,0,0,https://www.imdb.com/title/tt0092610/?ref_=fn_ttl_ttl_1
855,Diva (1981),01-Jan-1981,https://m.media-amazon.com/images/M/MV5BZGU1ODk1YTItNDMzZC00MmYwLWI0ZTctMTgxNWU2Nzg1NTAxXkEyXkFqcGc@..jpg,0,1,0,0,0,0,0,0,1,0,0,0,0,1,1,0,1,0,0,https://www.imdb.com/title/tt0082269/?ref_=fn_ttl_ttl_1
856,Night on Earth (1991),01-Jan-1991,https://m.media-amazon.com/images/M/MV5BYmEyYjE0NjgtNTFmMy00ZmY1LTg2MWUtYTU4MjdmYWJmYzMyXkEyXkFqcGc@..jpg,0,0,0,0,0,1,0,0,1,0,0,0,0,0,0,0,0,0,0,https://www.imdb.com/title/tt0102536/?ref_=fn_ttl_ttl_1
857,Paris Was a Woman (1995),08-Nov-1996,https://m.media-amazon.com/images/M/MV5BOTFhYmZjZDUtMzZmMC00YzRmLTlmOTUtZjJlN2M1MzBjODFhXkEyXkFqcGc@..jpg,0,0,0,0,0,0,0,1,0,0,0,0,0,0,0,0,0,0,0,https://www.imdb.com/title/tt0014624/?ref_=fn_ttl_ttl_1
858,Amityville: Dollhouse (1996),01-Jan-1996,https://m.media-amazon.com/images/M/MV5BZWU0NmMyZmEtMjkzYy00MzlhLWE1N2UtZGExYTU5MzVkZDA2XkEyXkFqcGc@._V1_FMjpg_UX1200_.jpg,0,0,0,0,0,0,0,0,0,0,0,1,0,0,0,0,0,0,0,https://www.imdb.com/title/tt3107494/?ref_=fn_ttl_ttl_1
859,April Fool's Day (1986),01-Jan-1986,https://m.media-amazon.com/images/M/MV5BYjY0MTYxN2QtMjEwYy00MzRjLWIyZmYtYjczNjU5NDAwMWEzXkEyXkFqcGc@..jpg,0,0,0,0,0,1,0,0,0,0,0,1,0,0,0,0,0,0,0,https://www.imdb.com/title/tt0090655/?ref_=fn_ttl_ttl_1
860,"Believers, The (1987)",01-Jan-1987,https://m.media-amazon.com/images/M/MV5BYjQ2MWI2M2YtMjY1Mi00OTJkLThhZmUtYzI3MWM5ZDA5MGFjXkEyXkFqcGc@..jpg,0,0,0,0,0,0,0,0,0,0,0,1,0,0,0,0,1,0,0,https://www.imdb.com/title/tt0092632/?ref_=fn_ttl_ttl_1
861,Nosferatu a Venezia (1986),01-Jan-1986,https://m.media-amazon.com/images/M/MV5BNTQ2ZTE1OGEtZjU0Zi00NTM0LTk4ZGItYmEyNWRjNzY0YzNlXkEyXkFqcGc@..jpg,0,0,0,0,0,0,0,0,0,0,0,1,0,0,0,0,0,0,0,https://www.imdb.com/title/tt0091651/?ref_=fn_ttl_ttl_1
862,Jingle All the Way (1996),22-Nov-1996,https://m.media-amazon.com/images/M/MV5BNDgzMjQ0YTctZGJhNy00ZjJjLTk5YWMtZmI2YTgwOTJmYWJkXkEyXkFqcGc@..jpg,0,0,1,0,1,1,0,0,0,0,0,0,0,0,0,0,0,0,0,https://www.imdb.com/title/tt0116705/?ref_=fn_ttl_ttl_1
863,"Garden of Finzi-Contini, The (Giardino dei Finzi-Contini, Il) (1970)",08-Nov-1996,https://m.media-amazon.com/images/M/MV5BNGIzNzQwNzEtN2JjNi00MGQwLWJhOWQtNmQ4ZGZlMzI3NGU1XkEyXkFqcGc@..jpg,0,0,0,0,0,0,0,0,1,0,0,0,0,0,0,0,0,0,0,https://www.imdb.com/title/tt0065777/?ref_=fn_ttl_ttl_1
864,My Fellow Americans (1996),20-Dec-1996,https://m.media-amazon.com/images/M/MV5BOWYzMzE2OTQtZTNkOS00M2U4LWExYTYtNWE1Yjc3YjJhYjZhXkEyXkFqcGc@..jpg,0,0,0,0,0,1,0,0,0,0,0,0,0,0,0,0,0,0,0,https://www.imdb.com/title/tt0117119/?ref_=fn_ttl_ttl_1
865,"Ice Storm, The (1997)",01-Jan-1997,https://m.media-amazon.com/images/M/MV5BMzljZTk2MzMtOTAwNi00MTBlLWI0ODYtODgwYTE4NmM1YWIwXkEyXkFqcGc@..jpg,0,0,0,0,0,0,0,0,1,0,0,0,0,0,0,0,0,0,0,https://www.imdb.com/title/tt0119349/?ref_=fn_ttl_ttl_1
866,Michael (1996),25-Dec-1996,https://m.media-amazon.com/images/M/MV5BYjVkZGQ0MzgtNmQyNS00MzI3LWEzZjItNDdhMDk1NjQ3ZDcyXkEyXkFqcGc@..jpg,0,0,0,0,0,1,0,0,0,0,0,0,0,0,1,0,0,0,0,https://www.imdb.com/title/tt0117038/?ref_=fn_ttl_ttl_1
867,"Whole Wide World, The (1996)",25-Dec-1996,https://m.media-amazon.com/images/M/MV5BMDM1YTQzMTYtZDgwNS00NDBkLTllMTQtYjI1YmM1YzkxNmZhXkEyXkFqcGc@..jpg,0,0,0,0,0,0,0,0,1,0,0,0,0,0,0,0,0,0,0,https://www.imdb.com/title/tt0118163/?ref_=fn_ttl_ttl_1
868,Hearts and Minds (1996),10-Jan-1997,https://m.media-amazon.com/images/M/MV5BN2Y2NjIwNzctNDQyNy00MjJjLTljZjItNDA0NDI4NDUyZjgxXkEyXkFqcGc@..jpg,0,0,0,0,0,0,0,0,1,0,0,0,0,0,0,0,0,0,0,https://www.imdb.com/title/tt0071604/?ref_=fn_ttl_ttl_1
869,Fools Rush In (1997),14-Feb-1997,https://m.media-amazon.com/images/M/MV5BMzg4ZjA0OTUtNDIwMy00ODc0LTg2NzgtNTk4ODExYTJmYmZhXkEyXkFqcGc@..jpg,0,0,0,0,0,1,0,0,0,0,0,0,0,0,1,0,0,0,0,https://www.imdb.com/title/tt0119141/?ref_=fn_ttl_ttl_1
870,Touch (1997),14-Feb-1997,https://m.media-amazon.com/images/M/MV5BNzA1YWViZGUtMmE1OC00ZGNjLWJiZWMtZDMyYTU2OWRjOWFiXkEyXkFqcGc@..jpg,0,0,0,0,0,0,0,0,0,0,0,0,0,0,1,0,0,0,0,https://www.imdb.com/title/tt0120357/?ref_=fn_ttl_ttl_1
871,Vegas Vacation (1997),14-Feb-1997,https://m.media-amazon.com/images/M/MV5BMTQwZmVkMGUtMWEzNi00N2MzLThkMDItZDI2YjJiYzMxZDEzXkEyXkFqcGc@..jpg,0,0,0,0,0,1,0,0,0,0,0,0,0,0,0,0,0,0,0,https://www.imdb.com/title/tt0120434/?ref_=fn_ttl_ttl_1
872,Love Jones (1997),14-Mar-1997,https://m.media-amazon.com/images/M/MV5BZTUxMzNmMmUtMDNmZC00MDhkLWJiMmEtNzhlYjY5ZDg3M2Q3XkEyXkFqcGc@..jpg,0,0,0,0,0,0,0,0,0,0,0,0,0,0,1,0,0,0,0,https://www.imdb.com/title/tt0119572/?ref_=fn_ttl_ttl_1
873,Picture Perfect (1997),01-Aug-1997,https://m.media-amazon.com/images/M/MV5BZDVkM2I3ZTgtNmQ0YS00M2M3LWJhMzYtOWJjZjA3ZWRmOGY4XkEyXkFqcGc@..jpg,0,0,0,0,0,1,0,0,0,0,0,0,0,0,1,0,0,0,0,https://www.imdb.com/title/tt0119896/?ref_=fn_ttl_ttl_1
874,Career Girls (1997),08-Aug-1997,https://m.media-amazon.com/images/M/MV5BYjg0N2Q0ZDQtMjVlNS00MTYyLWJkOGEtNTM3NTcwNDlhM2ZkXkEyXkFqcGc@..jpg,0,0,0,0,0,0,0,0,1,0,0,0,0,0,0,0,0,0,0,https://www.imdb.com/title/tt0118818/?ref_=fn_ttl_ttl_1
875,She's So Lovely (1997),22-Aug-1997,https://m.media-amazon.com/images/M/MV5BNTU1ZWFkMWUtMWI3Mi00MjFlLWFlNzUtMDQxNmViZTNlNWQyXkEyXkFqcGc@..jpg,0,0,0,0,0,0,0,0,1,0,0,0,0,0,1,0,0,0,0,https://www.imdb.com/title/tt0120112/?ref_=fn_ttl_ttl_1
876,Money Talks (1997),22-Aug-1997,https://m.media-amazon.com/images/M/MV5BY2JjM2I0YmMtMzQ3MC00MTc0LWI1MTEtZDVlNTMyMmU0YThhXkEyXkFqcGc@..jpg,0,1,0,0,0,1,0,0,0,0,0,0,0,0,0,0,0,0,0,https://www.imdb.com/title/tt0119695/?ref_=fn_ttl_ttl_1
877,Excess Baggage (1997),01-Jan-1997,https://m.media-amazon.com/images/M/MV5BY2YyYzNhMjEtNTJhZC00MjZlLWJhNDAtMDFlY2I1MDkyM2VmXkEyXkFqcGc@..jpg,0,0,1,0,0,0,0,0,0,0,0,0,0,0,1,0,0,0,0,https://www.imdb.com/title/tt0119086/?ref_=fn_ttl_ttl_1
878,That Darn Cat! (1997),14-Feb-1997,https://m.media-amazon.com/images/M/MV5BNDhiNjU5NGMtYmYxMS00Mjg3LTliNjktMTRhZDY2YWYxOWEzXkEyXkFqcGc@..jpg,0,0,0,0,1,1,0,0,0,0,0,0,0,1,0,0,0,0,0,https://www.imdb.com/title/tt0120317/?ref_=fn_ttl_ttl_1
879,"Peacemaker, The (1997)",01-Jan-1997,https://m.media-amazon.com/images/M/MV5BZGJkYTc0ZDAtZWY0Ny00OTg0LWIyMmEtOTY2OTgyYmU3NzRmXkEyXkFqcGc@..jpg,0,1,0,0,0,0,0,0,0,0,0,0,0,0,0,0,1,1,0,https://www.imdb.com/title/tt0119874/?ref_=fn_ttl_ttl_1
880,Soul Food (1997),01-Jan-1997,https://m.media-amazon.com/images/M/MV5BNjAzMWU4MTYtMWI3OS00MjBlLThlM2YtZWY2MDkwMGJmZDU0XkEyXkFqcGc@..jpg,0,0,0,0,0,0,0,0,1,0,0,0,0,0,0,0,0,0,0,https://www.imdb.com/title/tt0120169/?ref_=fn_ttl_ttl_1
881,Money Talks (1997),22-Aug-1997,https://m.media-amazon.com/images/M/MV5BY2JjM2I0YmMtMzQ3MC00MTc0LWI1MTEtZDVlNTMyMmU0YThhXkEyXkFqcGc@..jpg,0,1,0,0,0,1,0,0,0,0,0,0,0,0,0,0,0,0,0,https://www.imdb.com/title/tt0119695/?ref_=fn_ttl_ttl_1
882,Washington Square (1997),01-Jan-1997,https://m.media-amazon.com/images/M/MV5BNzY3YzVhNzEtZGI2Zi00NGVmLWE2MGQtYTA1NjRmMjMzM2UxXkEyXkFqcGc@..jpg,0,0,0,0,0,0,0,0,1,0,0,0,0,0,0,0,0,0,0,https://www.imdb.com/title/tt0120481/?ref_=fn_ttl_ttl_1
883,Telling Lies in America (1997),01-Jan-1997,https://m.media-amazon.com/images/M/MV5BZjA1MDljOTItZWVkMC00Nzg2LTg1MmItMzcyZDllMDU2Y2RkXkEyXkFqcGc@..jpg,0,0,0,0,0,0,0,0,1,0,0,0,0,0,0,0,0,0,0,https://www.imdb.com/title/tt0120303/?ref_=fn_ttl_ttl_1
884,Year of the Horse (1997),01-Jan-1997,https://m.media-amazon.com/images/M/MV5BMGE4Y2VhYjQtMzkxYy00MjY0LThjYzktYTBiM2IzYTg3YjIyXkEyXkFqcGc@..jpg,0,0,0,0,0,0,0,1,0,0,0,0,0,0,0,0,0,0,0,https://www.imdb.com/title/tt0120539/?ref_=fn_ttl_ttl_1
885,Phantoms (1998),01-Jan-1998,https://m.media-amazon.com/images/M/MV5BYzA0NjY2OTEtMGNiZS00NDFiLWI2M2UtY2ExMzNmNTAzYzU4XkEyXkFqcGc@..jpg,0,0,0,0,0,0,0,0,0,0,0,1,0,0,0,0,0,0,0,https://www.imdb.com/title/tt0119891/?ref_=fn_ttl_ttl_1
886,"Life Less Ordinary, A (1997)",01-Jan-1997,https://m.media-amazon.com/images/M/MV5BOTJkYWE2ODYtMDUxOC00ZWY4LTk4YTQtNWIxNzMwZjRiN2YxXkEyXkFqcGc@..jpg,0,0,0,0,0,0,0,0,0,0,0,0,0,0,1,0,1,0,0,https://www.imdb.com/title/tt0119535/?ref_=fn_ttl_ttl_1
887,Eve's Bayou (1997),01-Jan-1997,https://m.media-amazon.com/images/M/MV5BMzA4NmEyOWUtYjQ4Yi00MWU1LTk1YTUtZDM2NGVjOTgzYmVkXkEyXkFqcGc@..jpg,0,0,0,0,0,0,0,0,1,0,0,0,0,0,0,0,0,0,0,https://www.imdb.com/title/tt0119080/?ref_=fn_ttl_ttl_1
888,One Night Stand (1997),01-Jan-1997,https://m.media-amazon.com/images/M/MV5BZGUwNjQ1NDgtZjZiMy00YjIyLWE5ZGItZTAwMzQ5NzYzNWUzXkEyXkFqcGc@..jpg,0,0,0,0,0,0,0,0,1,0,0,0,0,0,0,0,0,0,0,https://www.imdb.com/title/tt0119832/?ref_=fn_ttl_ttl_1
889,"Tango Lesson, The (1997)",01-Jan-1997,https://m.media-amazon.com/images/M/MV5BZDg4YzhkYTItMzYwYy00YzgwLThlZjItNTIwZGVhZmRjMmQwXkEyXkFqcGc@..jpg,0,0,0,0,0,0,0,0,0,0,0,0,0,0,1,0,0,0,0,https://www.imdb.com/title/tt0120275/?ref_=fn_ttl_ttl_1
890,Mortal Kombat: Annihilation (1997),01-Jan-1997,https://m.media-amazon.com/images/M/MV5BZTI4MzkzYmEtNTU1NC00ZDk5LWI4OTktNmRkNWMxN2E1NWNhXkEyXkFqcGc@..jpg,0,1,1,0,0,0,0,0,0,0,0,0,0,0,0,0,0,0,0,https://www.imdb.com/title/tt0119707/?ref_=fn_ttl_ttl_1
891,Bent (1997),18-Dec-1997,https://m.media-amazon.com/images/M/MV5BYjhjNmVhZGItNjFjMi00OTM4LTllY2EtNjBhZjNiOGYwM2RiXkEyXkFqcGc@..jpg,0,0,0,0,0,0,0,0,1,0,0,0,0,0,0,0,0,1,0,https://www.imdb.com/title/tt0118698/?ref_=fn_ttl_ttl_1
892,Flubber (1997),01-Jan-1997,https://m.media-amazon.com/images/M/MV5BYzRiODczNDMtNWY3Yi00YjFhLWExOGEtMDI5OGY5MDBhYjdjXkEyXkFqcGc@..jpg,0,0,0,0,1,1,0,0,0,1,0,0,0,0,0,0,0,0,0,https://www.imdb.com/title/tt0119137/?ref_=fn_ttl_ttl_1
893,For Richer or Poorer (1997),01-Jan-1997,https://m.media-amazon.com/images/M/MV5BOTEwYTZkYjEtYjRiZi00NGQ4LWI2M2YtNDdiYTc5ZGUyMjA5XkEyXkFqcGc@..jpg,0,0,0,0,0,1,0,0,0,0,0,0,0,0,0,0,0,0,0,https://www.imdb.com/title/tt0119142/?ref_=fn_ttl_ttl_1
894,Home Alone 3 (1997),01-Jan-1997,https://m.media-amazon.com/images/M/MV5BNmI0MjcxYjYtYzY5Ni00NjBkLTllN2MtZGYyNzJiYzA5ZGYxXkEyXkFqcGc@..jpg,0,0,0,0,1,1,0,0,0,0,0,0,0,0,0,0,0,0,0,https://www.imdb.com/title/tt0119303/?ref_=fn_ttl_ttl_1
895,Scream 2 (1997),01-Jan-1997,https://m.media-amazon.com/images/M/MV5BODE5YWJkMDMtN2ZiNC00MjI5LTkxYTgtOTkyZjUwMjU0YThiXkEyXkFqcGc@..jpg,0,0,0,0,0,0,0,0,0,0,0,1,0,0,0,0,1,0,0,https://www.imdb.com/title/tt0120082/?ref_=fn_ttl_ttl_1
896,"Sweet Hereafter, The (1997)",01-Jan-1997,https://m.media-amazon.com/images/M/MV5BNzZlYjlmMDYtOTdlMC00NmViLThjMTItMmM2N2NkYTRkOTg1XkEyXkFqcGc@..jpg,0,0,0,0,0,0,0,0,1,0,0,0,0,0,0,0,0,0,0,https://www.imdb.com/title/tt0120255/?ref_=fn_ttl_ttl_1
897,Time Tracers (1995),01-Jan-1995,https://m.media-amazon.com/images/M/MV5BMWFiYjc0NTMtZTBmYi00OGQ3LWFjNmEtNmIzYzJkMDJkYjkyXkEyXkFqcGc@..jpg,0,1,1,0,0,0,0,0,0,0,0,0,0,0,0,1,0,0,0,https://www.imdb.com/title/tt0128755/?ref_=fn_ttl_ttl_1
898,"Postman, The (1997)",01-Jan-1997,https://m.media-amazon.com/images/M/MV5BMGNiZjA3ODMtYmExMS00MzRiLWI3N2QtNDQxYzRlYzAwNjBhXkEyXkFqcGc@..jpg,0,0,0,0,0,0,0,0,1,0,0,0,0,0,0,0,0,0,0,https://www.imdb.com/title/tt0119925/?ref_=fn_ttl_ttl_1
899,"Winter Guest, The (1997)",01-Jan-1997,https://m.media-amazon.com/images/M/MV5BNjZjZjNmYjYtYjZlZS00MjU1LTg5ZGUtZGU3MzM0MGMwOGJlXkEyXkFqcGc@..jpg,0,0,0,0,0,0,0,0,1,0,0,0,0,0,0,0,0,0,0,https://www.imdb.com/title/tt0120521/?ref_=fn_ttl_ttl_1
900,Kundun (1997),25-Dec-1997,https://m.media-amazon.com/images/M/MV5BZGFjNDFkMTMtYmM0ZS00NmQwLTkzNjUtZWYwYjA0ZWMxMDI1XkEyXkFqcGc@..jpg,0,0,0,0,0,0,0,0,1,0,0,0,0,0,0,0,0,0,0,https://www.imdb.com/title/tt0119485/?ref_=fn_ttl_ttl_1
901,Mr. Magoo (1997),25-Dec-1997,https://m.media-amazon.com/images/M/MV5BNzQxMDQ3MDUtODJhMy00NDI5LWI4YmUtMWJkZjdhYzNlMTcxXkEyXkFqcGc@..jpg,0,0,0,0,0,1,0,0,0,0,0,0,0,0,0,0,0,0,0,https://www.imdb.com/title/tt0119718/?ref_=fn_ttl_ttl_1
902,"Big Lebowski, The (1998)",26-Dec-1997,https://m.media-amazon.com/images/M/MV5BY2E3OWQ5OWYtYTRkMC00NjVjLWIzZDQtNmRmM2ZiYTIyYmYxXkEyXkFqcGc@..jpg,0,0,0,0,0,1,1,0,0,0,0,0,0,1,0,0,1,0,0,https://www.imdb.com/title/tt0118715/?ref_=fn_ttl_ttl_1
903,Afterglow (1997),26-Dec-1997,https://m.media-amazon.com/images/M/MV5BMmQ0ODI3OGQtYTJmYi00Yzg4LWJhODgtOGIwMTA2MjY2NGU4XkEyXkFqcGc@..jpg,0,0,0,0,0,0,0,0,1,0,0,0,0,0,1,0,0,0,0,https://www.imdb.com/title/tt0118566/?ref_=fn_ttl_ttl_1
904,Ma vie en rose (My Life in Pink) (1997),26-Dec-1997,https://m.media-amazon.com/images/M/MV5BYzkxMTk5N2UtZmMyNi00YjcyLTg5OGQtYjE0ZmM3OTM2YzdkXkEyXkFqcGc@..jpg,0,0,0,0,0,1,0,0,1,0,0,0,0,0,0,0,0,0,0,https://www.imdb.com/title/tt0119590/
905,Great Expectations (1998),01-Jan-1998,https://m.media-amazon.com/images/M/MV5BMjY2MTVhYmQtNDk0MS00MjFjLTkwNjItYzJhMjFiODllYzk1XkEyXkFqcGc@..jpg,0,0,0,0,0,0,0,0,1,0,0,0,0,0,1,0,0,0,0,https://www.imdb.com/title/tt0119223/?ref_=fn_ttl_ttl_1
906,Oscar & Lucinda (1997),31-Dec-1997,https://m.media-amazon.com/images/M/MV5BMzM4MjJmMGEtNmRjMi00NGUyLTg3YjItZGEzYmNlMWY3NzRmXkEyXkFqcGc@..jpg,0,0,0,0,0,0,0,0,1,0,0,0,0,0,1,0,0,0,0,https://www.imdb.com/title/tt0119843/?ref_=fn_ttl_ttl_1
907,Vermin (1998),01-Jan-1997,,0,0,0,0,0,1,0,0,0,0,0,0,0,0,0,0,0,0,0,https://www.imdb.com/title/tt0120881/?ref_=fn_ttl_ttl_1
908,Half Baked (1998),16-Jan-1998,https://m.media-amazon.com/images/M/MV5BNTYyMDI1MzMtMzk3MC00MDA5LTgwZTgtZjYxZjc0ZmUwNGMxXkEyXkFqcGc@..jpg,0,0,0,0,0,1,0,0,0,0,0,0,0,0,0,0,0,0,0,https://www.imdb.com/title/tt0120693/?ref_=fn_ttl_ttl_1
909,Dangerous Beauty (1998),23-Jan-1998,https://m.media-amazon.com/images/M/MV5BMDEzNWJiMGItMjM2Zi00NmMyLTk1NDYtNmY0ODRhMTNjODIzXkEyXkFqcGc@..jpg,0,0,0,0,0,0,0,0,1,0,0,0,0,0,0,0,0,0,0,https://www.imdb.com/title/tt0118892/?ref_=fn_ttl_ttl_1
910,Nil By Mouth (1997),06-Feb-1998,https://m.media-amazon.com/images/M/MV5BNzFkODEyNDctYjgyYi00ZmU3LThmOTUtMDhmYTE5NDU0ZTEwXkEyXkFqcGc@..jpg,0,0,0,0,0,0,0,0,1,0,0,0,0,0,0,0,0,0,0,https://www.imdb.com/title/tt0119792/?ref_=fn_ttl_ttl_1
911,Twilight (1998),30-Jan-1998,https://m.media-amazon.com/images/M/MV5BMWE3ZjQ5M2ItYzg1OS00MTY5LThlYzktZTBlZWQ1OWZiZDQ1XkEyXkFqcGc@..jpg,0,0,0,0,0,0,1,0,1,0,0,0,0,0,0,0,0,0,0,https://www.imdb.com/title/tt0119594/?ref_=fn_ttl_ttl_1
912,U.S. Marshalls (1998),10-Mar-1998,https://m.media-amazon.com/images/M/MV5BZTdlYTU2OGYtZjljOS00ZjFhLTk5NjAtZDQwZmNkYzk4YWQ5XkEyXkFqcGc@..jpg,0,1,0,0,0,0,0,0,0,0,0,0,0,0,0,0,1,0,0,https://www.imdb.com/title/tt0120873/?ref_=fn_ttl_ttl_1
913,Love and Death on Long Island (1997),10-Mar-1998,https://m.media-amazon.com/images/M/MV5BYzM5Mzg3ZjYtZjE2NC00YzhlLTgxZGYtNjM2MDNjNTc0YWUyXkEyXkFqcGc@..jpg,0,0,0,0,0,1,0,0,0,0,0,0,0,0,0,0,0,0,0,https://www.imdb.com/title/tt0119574/?ref_=fn_ttl_ttl_1
914,Wild Things (1998),14-Mar-1998,https://m.media-amazon.com/images/M/MV5BZDRiYjFlNjgtNWJkMS00YjAzLTg1OTItZTkxOTFlZDA1N2U4XkEyXkFqcGc@..jpg,0,0,0,0,0,0,1,0,1,0,0,0,0,1,0,0,1,0,0,https://www.imdb.com/title/tt0120890/?ref_=fn_ttl_ttl_1
915,Primary Colors (1998),20-Mar-1998,https://m.media-amazon.com/images/M/MV5BYzlkNDFmM2UtYWY4ZC00NGQwLTgwNmYtMWMxMzNhZjM4ODk4XkEyXkFqcGc@..jpg,0,0,0,0,0,0,0,0,1,0,0,0,0,0,0,0,0,0,0,https://www.imdb.com/title/tt0119942/?ref_=fn_ttl_ttl_1
916,Lost in Space (1998),27-Mar-1998,https://m.media-amazon.com/images/M/MV5BMzViNDBjNDMtMmYxOS00ZDcyLTk4NGQtZGQwMmIyODc2NGZmXkEyXkFqcGc@..jpg,0,1,0,0,0,0,0,0,0,0,0,0,0,0,0,1,1,0,0,https://www.imdb.com/title/tt0120738/
917,Mercury Rising (1998),27-Mar-1998,https://m.media-amazon.com/images/M/MV5BZGIzM2NmZWMtYjY5My00NzNmLTkxMjUtYWZkYzBmYmVhNGU5XkEyXkFqcGc@..jpg,0,1,0,0,0,0,0,0,1,0,0,0,0,0,0,0,1,0,0,https://www.imdb.com/title/tt0120749/?ref_=fn_ttl_ttl_1
918,City of Angels (1998),03-Apr-1998,https://m.media-amazon.com/images/M/MV5BODYwMzM3ODEtZWZjOS00NWZhLWE2MWUtMDFlMWNiNGEwOWNlXkEyXkFqcGc@..jpg,0,0,0,0,0,0,0,0,0,0,0,0,0,0,1,0,0,0,0,https://www.imdb.com/title/tt0120632/?ref_=fn_ttl_ttl_1
919,"City of Lost Children, The (1995)",01-Jan-1995,https://m.media-amazon.com/images/M/MV5BMTc5YWUxOGUtYWQ2OC00ZTMyLWI5MTktNjNkZjNmZTA1OWYyXkEyXkFqcGc@..jpg,0,0,1,0,0,0,0,0,0,0,0,0,0,0,0,1,0,0,0,https://www.imdb.com/title/tt0112682/?ref_=fn_ttl_ttl_1
920,Two Bits (1995),01-Jan-1995,https://m.media-amazon.com/images/M/MV5BOTcwNGU3ZmEtNmIwYi00MmVmLWI2ZGYtMjA3YTUxZTAzZmE5XkEyXkFqcGc@..jpg,0,0,0,0,0,0,0,0,1,0,0,0,0,0,0,0,0,0,0,https://www.imdb.com/title/tt0114753/?ref_=fn_ttl_ttl_1
921,Farewell My Concubine (1993),01-Jan-1993,https://m.media-amazon.com/images/M/MV5BYjMzZjcwNzItNTYwZC00NzAxLWE3MmMtYmU3ZjdkMWMxNDMwXkEyXkFqcGc@..jpg,0,0,0,0,0,0,0,0,1,0,0,0,0,0,1,0,0,0,0,https://www.imdb.com/title/tt0106332/?ref_=fn_ttl_ttl_1
922,Dead Man (1995),10-May-1996,https://m.media-amazon.com/images/M/MV5BZjdjN2Q4MzctOWZjMS00ZjZkLTg5OWQtM2NjMTliYmE3MTY1XkEyXkFqcGc@..jpg,0,0,0,0,0,0,0,0,0,0,0,0,0,0,0,0,0,0,1,https://www.imdb.com/title/tt0112817/?ref_=fn_ttl_ttl_1
923,Raise the Red Lantern (1991),01-Jan-1991,https://m.media-amazon.com/images/M/MV5BZjZlMThlZTktOGYxNS00NjY0LWFkMzAtMjNiOTYxYjYxZWFmXkEyXkFqcGc@..jpg,0,0,0,0,0,0,0,0,1,0,0,0,0,0,0,0,0,0,0,https://www.imdb.com/title/tt0101640/?ref_=fn_ttl_ttl_1
924,White Squall (1996),01-Jan-1996,https://m.media-amazon.com/images/M/MV5BMGMwMzFjMjUtZTE4Yi00ZGQwLWFmMDItYzljOTc3YjUzZGI3XkEyXkFqcGc@..jpg,0,0,1,0,0,0,0,0,1,0,0,0,0,0,0,0,0,0,0,https://www.imdb.com/title/tt0118158/?ref_=fn_ttl_ttl_1
925,Unforgettable (1996),23-Feb-1996,https://m.media-amazon.com/images/M/MV5BMjQxODM0MjY2Nl5BMl5BanBnXkFtZTgwOTkwMDcyMTI@..jpg,0,0,0,0,0,0,0,0,0,0,0,0,0,0,0,1,1,0,0,https://www.imdb.com/title/tt0118040/?ref_=fn_ttl_ttl_1
926,Down Periscope (1996),01-Mar-1996,https://m.media-amazon.com/images/M/MV5BZGEyMTczZjktMTVkNC00Zjg3LTljOWQtNjQ1NjY0YWZjYjM0XkEyXkFqcGc@..jpg,0,0,0,0,0,1,0,0,0,0,0,0,0,0,0,0,0,0,0,https://www.imdb.com/title/tt0116130/?ref_=fn_ttl_ttl_1
927,"Flower of My Secret, The (Flor de mi secreto, La) (1995)",08-Mar-1996,https://m.media-amazon.com/images/M/MV5BYTc4NTkxZjEtYmExNi00NDhiLWIzMGItNDczMTAyZWI0OGE4XkEyXkFqcGc@..jpg,0,0,0,0,0,0,0,0,1,0,0,0,0,0,0,0,0,0,0,https://www.imdb.com/title/tt0113083/
928,"Craft, The (1996)",26-Apr-1996,https://m.media-amazon.com/images/M/MV5BZTU4ZjkwMzctY2RmYy00OWQ5LWJhMDItM2FjZDg3ZTAzMWI1XkEyXkFqcGc@..jpg,0,0,0,0,0,0,0,0,1,0,0,1,0,0,0,0,0,0,0,https://www.imdb.com/title/tt0115963/?ref_=fn_ttl_ttl_1
929,Harriet the Spy (1996),03-Jul-1996,https://m.media-amazon.com/images/M/MV5BNzA2M2VjMjgtYWY3Ni00MDFhLTgzMGMtZTAzYmI0ZDNkY2VhXkEyXkFqcGc@..jpg,0,0,0,0,1,1,0,0,0,0,0,0,0,0,0,0,0,0,0,https://www.imdb.com/title/tt0116493/?ref_=fn_ttl_ttl_1
930,Chain Reaction (1996),31-Jul-1996,https://m.media-amazon.com/images/M/MV5BZjE2NzcyYjQtODIwYy00ZDAyLWJhYTktNGI2MWU2NzQyNmJhXkEyXkFqcGc@..jpg,0,1,1,0,0,0,0,0,0,0,0,0,0,0,0,0,1,0,0,https://www.imdb.com/title/tt0115857/?ref_=fn_ttl_ttl_1
931,"Island of Dr. Moreau, The (1996)",23-Aug-1996,https://m.media-amazon.com/images/M/MV5BNThmNzUwYmMtYzAzYi00NzVjLTgzZDctZGQ3NmQ0YmEwNGVlXkEyXkFqcGc@..jpg,0,0,0,0,0,0,0,0,0,0,0,0,0,0,0,1,1,0,0,https://www.imdb.com/title/tt0116654/?ref_=fn_ttl_ttl_1
932,First Kid (1996),30-Aug-1996,https://m.media-amazon.com/images/M/MV5BMmJmODBiOWUtMThkZi00ZmUxLThmM2UtZWU1NzM5ZTQ1YWViXkEyXkFqcGc@..jpg,0,0,0,0,1,1,0,0,0,0,0,0,0,0,0,0,0,0,0,https://www.imdb.com/title/tt0116311/?ref_=fn_ttl_ttl_1
933,"Funeral, The (1996)",25-Oct-1996,https://m.media-amazon.com/images/M/MV5BMzY3YmI4YjMtMWM3Zi00YTJmLWFhNGItZDAzYTUxMjJhZGUxXkEyXkFqcGc@..jpg,0,0,0,0,0,0,0,0,1,0,0,0,0,0,0,0,0,0,0,https://www.imdb.com/title/tt0116378/?ref_=fn_ttl_ttl_1
934,"Preacher's Wife, The (1996)",13-Dec-1996,https://m.media-amazon.com/images/M/MV5BNDU5M2JiMjAtYmJhNS00Yjk0LWJmNWMtN2ZhM2Y3ZTY2MTk0XkEyXkFqcGc@..jpg,0,0,0,0,0,0,0,0,1,0,0,0,0,0,0,0,0,0,0,https://www.imdb.com/title/tt0117372/?ref_=fn_ttl_ttl_1
935,Paradise Road (1997),18-Apr-1997,https://m.media-amazon.com/images/M/MV5BODU0YjE0ZDAtOWRmYy00NjZlLTg2N2ItNTAxN2FkYjI3Y2I5XkEyXkFqcGc@..jpg,0,0,0,0,0,0,0,0,1,0,0,0,0,0,0,0,0,1,0,https://www.imdb.com/title/tt0119859/?ref_=fn_ttl_ttl_1
936,Brassed Off (1996),13-Jun-1997,https://m.media-amazon.com/images/M/MV5BZTllYjU3YjAtNWI0OC00ZDk3LTk0MjktOTJiMjJjZTM4ZjM5XkEyXkFqcGc@..jpg,0,0,0,0,0,1,0,0,1,0,0,0,0,0,1,0,0,0,0,https://www.imdb.com/title/tt0115744/?ref_=fn_ttl_ttl_1
937,"Thousand Acres, A (1997)",01-Jan-1997,https://m.media-amazon.com/images/M/MV5BN2RjMjU0ZmEtYWQzNy00MmZlLTk3MWUtYjdhOGQ1Y2JjOTVmXkEyXkFqcGc@..jpg,0,0,0,0,0,0,0,0,1,0,0,0,0,0,0,0,0,0,0,https://www.imdb.com/title/tt0120323/?ref_=fn_ttl_ttl_1
938,"Smile Like Yours, A (1997)",01-Jan-1997,https://m.media-amazon.com/images/M/MV5BMDgyNjUwMTQtMTRiYi00YmIzLTk5MmYtMjM5ZDM5MjY1ZTQ4XkEyXkFqcGc@..jpg,0,0,0,0,0,1,0,0,0,0,0,0,0,0,1,0,0,0,0,https://www.imdb.com/title/tt0120151/?ref_=fn_ttl_ttl_1
939,Murder in the First (1995),01-Jan-1995,https://m.media-amazon.com/images/M/MV5BYjY0NTZjNzgtMjU1Mi00Nzk5LTg1MmQtODRjMTEyYTFhZTAxXkEyXkFqcGc@..jpg,0,0,0,0,0,0,0,0,1,0,0,0,0,0,0,0,1,0,0,https://www.imdb.com/title/tt0113870/?ref_=fn_ttl_ttl_1
940,Airheads (1994),01-Jan-1994,https://m.media-amazon.com/images/M/MV5BZmVkZjI2NWMtZGY5Mi00YTNjLTgwZDQtMzM4NDUzZGQ5YTFjXkEyXkFqcGc@..jpg,0,0,0,0,0,1,0,0,0,0,0,0,0,0,0,0,0,0,0,https://www.imdb.com/title/tt0109068/?ref_=fn_ttl_ttl_1
941,With Honors (1994),01-Jan-1994,https://m.media-amazon.com/images/M/MV5BMGJkZGJiOTUtODFlNi00NDM4LWFjNGQtODkwNmU5OWMzOWE1XkEyXkFqcGc@..jpg,0,0,0,0,0,1,0,0,1,0,0,0,0,0,0,0,0,0,0,https://www.imdb.com/title/tt0111732/?ref_=fn_ttl_ttl_1
942,What's Love Got to Do with It (1993),01-Jan-1993,https://m.media-amazon.com/images/M/MV5BYjAwZDAwNzAtZTBjYy00YjZhLWFhNWItYjFiYzg2YzcxOWY5XkEyXkFqcGc@..jpg,0,0,0,0,0,0,0,0,1,0,0,0,0,0,0,0,0,0,0,https://www.imdb.com/title/tt0108551/?ref_=fn_ttl_ttl_1
943,Killing Zoe (1994),01-Jan-1994,https://m.media-amazon.com/images/M/MV5BOGU1MmI3MzUtNzM5OC00MGZjLWJiNjktNTg0MjYxMjlhNmIxXkEyXkFqcGc@..jpg,0,0,0,0,0,0,0,0,0,0,0,0,0,0,0,0,1,0,0,https://www.imdb.com/title/tt0110265/?ref_=fn_ttl_ttl_1
944,Renaissance Man (1994),01-Jan-1994,https://m.media-amazon.com/images/M/MV5BYjgyMjRjMzktN2ExZi00YTdhLTkzMzYtMTMxN2Y4N2Y1ZThkXkEyXkFqcGc@..jpg,0,0,0,0,0,1,0,0,1,0,0,0,0,0,0,0,0,1,0,https://www.imdb.com/title/tt0110971/?ref_=fn_ttl_ttl_1
945,Charade (1963),01-Jan-1963,https://m.media-amazon.com/images/M/MV5BM2FiMmFkNWItNzNmOS00MWQ3LWExNTUtZWJkOTBmNzg0ZWRjXkEyXkFqcGc@..jpg,0,0,0,0,0,1,0,0,0,0,0,0,0,1,1,0,1,0,0,https://www.imdb.com/title/tt0056923/?ref_=fn_ttl_ttl_1
946,"Fox and the Hound, The (1981)",01-Jan-1981,https://m.media-amazon.com/images/M/MV5BY2IxMDIxZTAtMjEyMS00MzY3LTkyM2EtNTVlNTZmMjI1OTRlXkEyXkFqcGc@..jpg,0,0,0,1,1,0,0,0,0,0,0,0,0,0,0,0,0,0,0,https://www.imdb.com/title/tt0082406/?ref_=fn_ttl_ttl_1
947,"Big Blue, The (Grand bleu, Le) (1988)",01-Jan-1988,https://m.media-amazon.com/images/M/MV5BOWUyYThiMjctNWZiZS00YzkwLTg0MmQtYmJiZGQxOGQyYzJkXkEyXkFqcGc@..jpg,0,0,1,0,0,0,0,0,0,0,0,0,0,0,1,0,0,0,0,https://www.imdb.com/title/tt0095250/?ref_=fn_ttl_ttl_1
948,Booty Call (1997),28-Feb-1997,https://m.media-amazon.com/images/M/MV5BM2VjZDI1NTktNzM0ZC00MzFkLThkMWQtOTFmZWMzZGYzZGQ1XkEyXkFqcGc@..jpg,0,0,0,0,0,1,0,0,0,0,0,0,0,0,1,0,0,0,0,https://www.imdb.com/title/tt0118750/?ref_=fn_ttl_ttl_1
949,How to Make an American Quilt (1995),01-Jan-1995,https://m.media-amazon.com/images/M/MV5BZjJhNDc5MDItNGQ3My00ODgxLWE0ZTEtZDYwMmUwNzRmMDZiXkEyXkFqcGc@..jpg,0,0,0,0,0,0,0,0,1,0,0,0,0,0,1,0,0,0,0,https://www.imdb.com/title/tt0113347/?ref_=fn_ttl_ttl_1
950,Georgia (1995),01-Jan-1995,https://m.media-amazon.com/images/M/MV5BZDk3YzZjMjItZjYzYi00YjMyLWI0ZDctYmQzZDFlMjViNDAzXkEyXkFqcGc@..jpg,0,0,0,0,0,0,0,0,1,0,0,0,0,0,0,0,0,0,0,https://www.imdb.com/title/tt0113158/?ref_=fn_ttl_ttl_1
951,"Indian in the Cupboard, The (1995)",01-Jan-1995,https://m.media-amazon.com/images/M/MV5BNmIzNTIzYTEtYWM5Zi00NmRiLTk4NzYtYTRiZmI0OWZkYjBhXkEyXkFqcGc@..jpg,0,0,1,0,1,0,0,0,0,1,0,0,0,0,0,0,0,0,0,https://www.imdb.com/title/tt0113419/?ref_=fn_ttl_ttl_1
952,Blue in the Face (1995),01-Jan-1995,https://m.media-amazon.com/images/M/MV5BZTU0ZTE1M2ItNzI4Yi00MmI0LWE2M2YtMThlYzI1ZmY5N2QwXkEyXkFqcGc@..jpg,0,0,0,0,0,1,0,0,0,0,0,0,0,0,0,0,0,0,0,https://www.imdb.com/title/tt0112541/?ref_=fn_ttl_ttl_1
953,Unstrung Heroes (1995),01-Jan-1995,https://m.media-amazon.com/images/M/MV5BMTdmNTIxZTUtMTMxYS00MDg0LWI5MTEtYTY5MDJkMjUyOWQ1XkEyXkFqcGc@..jpg,0,0,0,0,0,1,0,0,1,0,0,0,0,0,0,0,0,0,0,https://www.imdb.com/title/tt0114798/?ref_=fn_ttl_ttl_1
954,Unzipped (1995),01-Jan-1995,https://m.media-amazon.com/images/M/MV5BMGFmM2Q1YjktMWEyMy00MWRkLTlhNTktNjQwM2NkZTAzNzQwXkEyXkFqcGc@..jpg,0,0,0,0,0,0,0,1,0,0,0,0,0,0,0,0,0,0,0,https://www.imdb.com/title/tt0114805/?ref_=fn_ttl_ttl_1
955,Before Sunrise (1995),01-Jan-1995,https://m.media-amazon.com/images/M/MV5BZDZhZmI1ZTUtYWI3NC00NTMwLTk3NWMtNDc0OGNjM2I0ZjlmXkEyXkFqcGc@..jpg,0,0,0,0,0,0,0,0,1,0,0,0,0,0,1,0,0,0,0,https://www.imdb.com/title/tt0112471/?ref_=fn_ttl_ttl_1
956,Nobody's Fool (1994),01-Jan-1994,https://m.media-amazon.com/images/M/MV5BNmNmYWYwZTctM2QzYS00Y2JlLTkyODgtYmVlNmRhNGE3YWJkXkEyXkFqcGc@..jpg,0,0,0,0,0,0,0,0,1,0,0,0,0,0,0,0,0,0,0,https://www.imdb.com/title/tt0110684/?ref_=fn_ttl_ttl_1
957,Pushing Hands (1992),01-Jan-1992,https://m.media-amazon.com/images/M/MV5BNTIxZWVkOWEtNWIxMi00YmY2LWJiNTYtYjdlMTRjZDdmMTVmXkEyXkFqcGc@..jpg,0,0,0,0,0,1,0,0,0,0,0,0,0,0,0,0,0,0,0,https://www.imdb.com/title/tt0105652/?ref_=fn_ttl_ttl_1
958,To Live (Huozhe) (1994),01-Jan-1994,https://m.media-amazon.com/images/M/MV5BMjZlNzNmMTktNzQzZC00YWI2LTkyMmYtMGYwZjhjNzA0MDU0XkEyXkFqcGc@..jpg,0,0,0,0,0,0,0,0,1,0,0,0,0,0,0,0,0,0,0,https://www.imdb.com/title/tt0110081/
959,Dazed and Confused (1993),01-Jan-1993,https://m.media-amazon.com/images/M/MV5BMTM5MDY5MDQyOV5BMl5BanBnXkFtZTgwMzM3NzMxMDE@..jpg,0,0,0,0,0,1,0,0,0,0,0,0,0,0,0,0,0,0,0,https://www.imdb.com/title/tt0106677/?ref_=fn_ttl_ttl_1
960,Naked (1993),01-Jan-1993,https://m.media-amazon.com/images/M/MV5BNDM1ZjQ0ZGQtZTdhMC00MmM3LWI5NTMtMzhjZWUwNzZiYzA3XkEyXkFqcGc@..jpg,0,0,0,0,0,0,0,0,1,0,0,0,0,0,0,0,0,0,0,https://www.imdb.com/title/tt0107653/?ref_=fn_ttl_ttl_1
961,Orlando (1993),01-Jan-1993,https://m.media-amazon.com/images/M/MV5BMDY0NjUyNzQtMGU5NS00N2ZhLTlkNGMtMjZlZjBmMzMyZTFhXkEyXkFqcGc@..jpg,0,0,0,0,0,0,0,0,1,0,0,0,0,0,0,0,0,0,0,https://www.imdb.com/title/tt0107438/?ref_=fn_ttl_ttl_1
962,Ruby in Paradise (1993),01-Jan-1993,https://m.media-amazon.com/images/M/MV5BOGFhYmMwYjctZTRiMi00YjE5LTg1OTYtMzdiYTBhOGI3NTNkXkEyXkFqcGc@..jpg,0,0,0,0,0,0,0,0,1,0,0,0,0,0,0,0,0,0,0,https://www.imdb.com/title/tt0108000/?ref_=fn_ttl_ttl_1
963,Some Folks Call It a Sling Blade (1993),01-Jan-1993,https://m.media-amazon.com/images/M/MV5BMTMxNzU2MDY5N15BMl5BanBnXkFtZTcwODU1MTUxMQ@@..jpg,0,0,0,0,0,0,0,0,1,0,0,0,0,0,0,0,1,0,0,https://www.imdb.com/title/tt0108181/
964,"Month by the Lake, A (1995)",01-Jan-1995,https://m.media-amazon.com/images/M/MV5BNzM1NTUxN2YtYWVhYi00Zjc1LTkxNjMtMjY0NGExMmVkMTk3XkEyXkFqcGc@..jpg,0,0,0,0,0,1,0,0,1,0,0,0,0,0,0,0,0,0,0,https://www.imdb.com/title/tt0113849/?ref_=fn_ttl_ttl_1
965,Funny Face (1957),01-Jan-1957,https://m.media-amazon.com/images/M/MV5BZTkyZWEwMzktYTUwYi00YjkyLWJmMjktZjI1ODdkMjg5YTRiXkEyXkFqcGc@..jpg,0,0,0,0,0,1,0,0,0,0,0,0,1,0,0,0,0,0,0,https://www.imdb.com/title/tt0050419/?ref_=fn_ttl_ttl_1
966,"Affair to Remember, An (1957)",01-Jan-1957,https://m.media-amazon.com/images/M/MV5BZGVjNGJkNmQtODJlYy00MThiLWFkNGYtMDQ3NDNhNTY3MWVlXkEyXkFqcGc@..jpg,0,0,0,0,0,0,0,0,0,0,0,0,0,0,1,0,0,0,0,https://www.imdb.com/title/tt0050105/?ref_=fn_ttl_ttl_1
967,Little Lord Fauntleroy (1936),01-Jan-1936,https://m.media-amazon.com/images/M/MV5BN2VjZWI3NGItZjI1Ni00Yjk1LTllNTktNWIyZGVkYWY5NTRjXkEyXkFqcGc@..jpg,0,0,0,0,0,0,0,0,1,0,0,0,0,0,0,0,0,0,0,https://www.imdb.com/title/tt0027893/?ref_=fn_ttl_ttl_1
968,"Inspector General, The (1949)",01-Jan-1949,https://m.media-amazon.com/images/M/MV5BODI5MTVkOWEtYzcwOC00ZjVjLWIxYmQtOGFlZGU1MGU5MTUzXkEyXkFqcGc@..jpg,0,0,0,0,0,0,0,0,0,0,0,0,1,0,0,0,0,0,0,https://www.imdb.com/title/tt0041509/?ref_=fn_ttl_ttl_1
969,Winnie the Pooh and the Blustery Day (1968),01-Jan-1968,https://m.media-amazon.com/images/M/MV5BZDlkYmIxM2QtNDNiNi00NDhhLThlMjgtZjc5NjQ3NjY1N2NjXkEyXkFqcGc@..jpg,0,0,0,1,1,0,0,0,0,0,0,0,0,0,0,0,0,0,0,https://www.imdb.com/title/tt1449283/?ref_=fn_ttl_ttl_1
970,Hear My Song (1991),01-Jan-1991,https://m.media-amazon.com/images/M/MV5BMDk5MGY3MTItNDc4Ni00MDFhLTk0NWItMzE4MjZmMWI0NTcwXkEyXkFqcGc@..jpg,0,0,0,0,0,1,0,0,0,0,0,0,0,0,0,0,0,0,0,https://www.imdb.com/title/tt0102014/?ref_=fn_ttl_ttl_1
971,Mediterraneo (1991),01-Jan-1991,https://m.media-amazon.com/images/M/MV5BNTliYzY5OTktZDg3OC00NDA0LTlhYzAtNTE3ZmU1YWU1NWUwXkEyXkFqcGc@..jpg,0,0,0,0,0,1,0,0,0,0,0,0,0,0,0,0,0,1,0,https://www.imdb.com/title/tt0102426/?ref_=fn_ttl_ttl_1
972,Passion Fish (1992),01-Jan-1992,https://m.media-amazon.com/images/M/MV5BMjdjNmJjODQtYmY2Yy00MmFmLWJiNzYtYjYzN2Q1NDdkZGY0XkEyXkFqcGc@..jpg,0,0,0,0,0,0,0,0,1,0,0,0,0,0,0,0,0,0,0,https://www.imdb.com/title/tt0105107/?ref_=fn_ttl_ttl_1
973,Grateful Dead (1995),18-Oct-1996,https://m.media-amazon.com/images/M/MV5BYWNhOGFiOWYtMzY1NC00NzM1LWEzODItMjUwMTQ0M2JiNGE3XkEyXkFqcGc@..jpg,0,0,0,0,0,0,0,1,0,0,0,0,0,0,0,0,0,0,0,https://www.imdb.com/title/tt16152436/?ref_=fn_ttl_ttl_1
974,Eye for an Eye (1996),01-Jan-1996,https://m.media-amazon.com/images/M/MV5BYzg3MDc5ZWEtMTc3Ny00YWEzLTlmMTgtMjk3NGJjMmNjOTYyXkEyXkFqcGc@..jpg,0,0,0,0,0,0,0,0,1,0,0,0,0,0,0,0,1,0,0,https://www.imdb.com/title/tt0116260/?ref_=fn_ttl_ttl_1
975,Fear (1996),12-Apr-1996,https://m.media-amazon.com/images/M/MV5BMmNiNDEyYjUtN2YzYi00MTBlLWIzNzYtOGM2YWUzNTY4ZDNlXkEyXkFqcGc@..jpg,0,0,0,0,0,0,0,0,0,0,0,0,0,0,0,0,1,0,0,https://www.imdb.com/title/tt0116287/?ref_=fn_ttl_ttl_1
976,Solo (1996),23-Aug-1996,https://m.media-amazon.com/images/M/MV5BZGRiYzgwODgtZTg3NC00MmU3LTlhNmYtYjM5MzQwMGU1OGZlXkEyXkFqcGc@..jpg,0,1,0,0,0,0,0,0,0,0,0,0,0,0,0,1,1,0,0,https://www.imdb.com/title/tt0117688/?ref_=fn_ttl_ttl_1
977,"Substitute, The (1996)",19-Apr-1996,https://m.media-amazon.com/images/M/MV5BNjU3MTc2YzUtZmJmMy00Y2I1LWJkOGMtMmFlMTQ2ZjJlY2Y2XkEyXkFqcGc@..jpg,0,1,0,0,0,0,0,0,0,0,0,0,0,0,0,0,0,0,0,https://www.imdb.com/title/tt0117774/?ref_=fn_ttl_ttl_1
978,Heaven's Prisoners (1996),10-May-1996,https://m.media-amazon.com/images/M/MV5BY2NiNTRiYjktNDBlNS00ZGJkLTgwMmMtNmEwMTAzNzY2YzM4XkEyXkFqcGc@..jpg,0,0,0,0,0,0,0,0,0,0,0,0,0,1,0,0,1,0,0,https://www.imdb.com/title/tt0116508/?ref_=fn_ttl_ttl_1
979,"Trigger Effect, The (1996)",30-Aug-1996,https://m.media-amazon.com/images/M/MV5BYzBhOTQwM2EtMjRhMy00NDc5LWEzOWEtY2VkYTZhZWIxYzhlXkEyXkFqcGc@..jpg,0,0,0,0,0,0,0,0,1,0,0,0,0,0,0,0,1,0,0,https://www.imdb.com/title/tt0117965/?ref_=fn_ttl_ttl_1
980,Mother Night (1996),01-Nov-1996,https://m.media-amazon.com/images/M/MV5BZmQyZDY1YWUtYjBmNC00NDAxLWE4NWQtODQ2ZGIzNTljZTZkXkEyXkFqcGc@..jpg,0,0,0,0,0,0,0,0,1,0,0,0,0,0,0,0,0,0,0,https://www.imdb.com/title/tt0117093/?ref_=fn_ttl_ttl_1
981,Dangerous Ground (1997),04-Sep-1996,https://m.media-amazon.com/images/M/MV5BMGNiNDAwN2YtNWQ3My00MmY4LThmZjUtNDMyYzI1Yjk1N2ZjXkEyXkFqcGc@..jpg,0,0,0,0,0,0,0,0,1,0,0,0,0,0,0,0,0,0,0,https://www.imdb.com/title/tt0118927/?ref_=fn_ttl_ttl_1
982,Maximum Risk (1996),13-Sep-1996,https://m.media-amazon.com/images/M/MV5BOGFkYjU2NzktOWIwOS00OGQyLWJkODEtZjVkYzkwOThlMWY0XkEyXkFqcGc@..jpg,0,1,1,0,0,0,0,0,0,0,0,0,0,0,0,0,1,0,0,https://www.imdb.com/title/tt0117011/?ref_=fn_ttl_ttl_1
983,"Rich Man's Wife, The (1996)",13-Sep-1996,https://m.media-amazon.com/images/M/MV5BZmJhNjBjMzItODQzMi00ZGQ5LWJmM2ItMGE4N2EzNjU0MmFjXkEyXkFqcGc@..jpg,0,0,0,0,0,0,0,0,0,0,0,0,0,0,0,0,1,0,0,https://www.imdb.com/title/tt0117473/?ref_=fn_ttl_ttl_1
984,Shadow Conspiracy (1997),31-Jan-1997,https://m.media-amazon.com/images/M/MV5BODk5NGM4NDctNWI0OC00OTBmLWIwNzQtYmYwMjVkZDZmODc0XkEyXkFqcGc@..jpg,0,0,0,0,0,0,0,0,0,0,0,0,0,0,0,0,1,0,0,https://www.imdb.com/title/tt0120107/?ref_=fn_ttl_ttl_1
985,Blood & Wine (1997),15-Nov-1996,https://m.media-amazon.com/images/M/MV5BMDE2ZTE1MTctN2Y3Mi00MTgzLThjZmMtZDk4YTkyYmMzMGZjXkEyXkFqcGc@..jpg,0,0,0,0,0,0,0,0,1,0,0,0,0,0,0,0,0,0,0,https://www.imdb.com/title/tt0115710/?ref_=fn_ttl_ttl_1
986,Turbulence (1997),10-Jan-1997,https://m.media-amazon.com/images/M/MV5BYWI5MDkyMzEtNTc3ZC00YjBmLWJlNDItN2Y2ZGE4NDRiYTA2XkEyXkFqcGc@..jpg,0,0,0,0,0,0,0,0,0,0,0,0,0,0,0,0,1,0,0,https://www.imdb.com/title/tt0120390/?ref_=fn_ttl_ttl_1
987,Underworld (1997),09-May-1997,https://m.media-amazon.com/images/M/MV5BMTA1MGFkYWYtODM3My00YTk0LWFkZGMtMGQ1OThlYzRlZTkzXkEyXkFqcGc@..jpg,0,0,0,0,0,0,0,0,0,0,0,0,0,0,0,0,1,0,0,https://www.imdb.com/title/tt0142316/?ref_=fn_ttl_ttl_1
988,"Beautician and the Beast, The (1997)",07-Feb-1997,https://m.media-amazon.com/images/M/MV5BNzEyNGM1NDMtMDI3MS00NzdhLWI5OWQtNzY3NGNkYTEwYmMzXkEyXkFqcGc@..jpg,0,0,0,0,0,1,0,0,0,0,0,0,0,0,1,0,0,0,0,https://www.imdb.com/title/tt0118691/?ref_=fn_ttl_ttl_1
989,Cats Don't Dance (1997),26-Mar-1997,https://m.media-amazon.com/images/M/MV5BMjc0ZGRlZjgtZmJhNi00NzhkLWI0MmItNWNjZmI3YzkzNzkwXkEyXkFqcGc@..jpg,0,0,0,1,1,0,0,0,0,0,0,0,1,0,0,0,0,0,0,https://www.imdb.com/title/tt0118829/?ref_=fn_ttl_ttl_1
990,Anna Karenina (1997),04-Apr-1997,https://m.media-amazon.com/images/M/MV5BN2YxNWFhNjQtZDc2ZC00NjI5LWE1MTAtMmM2NGE1MDY5YWU3XkEyXkFqcGc@..jpg,0,0,0,0,0,0,0,0,1,0,0,0,0,0,1,0,0,0,0,https://www.imdb.com/title/tt0118623/?ref_=fn_ttl_ttl_1
991,Keys to Tulsa (1997),11-Apr-1997,https://m.media-amazon.com/images/M/MV5BYTYzZDY3N2MtZjRiMi00MjJmLTkyMDMtNjhkMzFjM2FhMGUwXkEyXkFqcGc@..jpg,0,0,0,0,0,0,1,0,0,0,0,0,0,0,0,0,0,0,0,https://www.imdb.com/title/tt0116762/?ref_=fn_ttl_ttl_1
992,Head Above Water (1996),20-Jun-1997,https://m.media-amazon.com/images/M/MV5BZDU0MTY1MzAtYzUzOC00ZTdlLTg2NGYtODFmYjQyZDE2Y2YyXkEyXkFqcGc@..jpg,0,0,0,0,0,1,0,0,0,0,0,0,0,0,0,0,1,0,0,https://www.imdb.com/title/tt0116502/?ref_=fn_ttl_ttl_1
993,Hercules (1997),27-Jun-1997,https://m.media-amazon.com/images/M/MV5BMmUyZGY1ZjItMWYwZS00MjJjLTg1YzAtY2Q5OTA4MmFhYzFjXkEyXkFqcGc@..jpg,0,0,1,1,1,1,0,0,0,0,0,0,1,0,0,0,0,0,0,https://www.imdb.com/title/tt0119282/?ref_=fn_ttl_ttl_1
994,"Last Time I Committed Suicide, The (1997)",20-Jun-1997,https://m.media-amazon.com/images/M/MV5BMjI2YTBhYTktZTBkNC00ODUwLTk2OWYtMmVkMTM5YTg0NzZjXkEyXkFqcGc@..jpg,0,0,0,0,0,0,0,0,1,0,0,0,0,0,0,0,0,0,0,https://www.imdb.com/title/tt0119502/?ref_=fn_ttl_ttl_1
995,"Kiss Me, Guido (1997)",01-Jan-1997,https://m.media-amazon.com/images/M/MV5BOTQ1ZWI5NjItMWMyZS00YmYzLTkxYWUtMTcwZTc0YWNkNjcyXkEyXkFqcGc@..jpg,0,0,0,0,0,1,0,0,0,0,0,0,0,0,0,0,0,0,0,https://www.imdb.com/title/tt0119465/?ref_=fn_ttl_ttl_1
996,"Big Green, The (1995)",01-Jan-1995,https://m.media-amazon.com/images/M/MV5BNzk0YTczMGQtNjc3Yi00ZmY4LTljYTctMTRkNjlmNDBkYmEwXkEyXkFqcGc@..jpg,0,0,0,0,1,1,0,0,0,0,0,0,0,0,0,0,0,0,0,https://www.imdb.com/title/tt0112499/?ref_=fn_ttl_ttl_1
997,Stuart Saves His Family (1995),01-Jan-1995,https://m.media-amazon.com/images/M/MV5BMzY0MDRkYTgtYjgyOC00MDk0LTgyMjAtNDA0NGFiYTgyYjE4XkEyXkFqcGc@..jpg,0,0,0,0,0,1,0,0,0,0,0,0,0,0,0,0,0,0,0,https://www.imdb.com/title/tt0114571/?ref_=fn_ttl_ttl_1
998,Cabin Boy (1994),01-Jan-1994,https://m.media-amazon.com/images/M/MV5BNzE3YzI1NDgtY2EzYy00ZDllLWI5OWUtYTc5NDQ3M2MzZmY1XkEyXkFqcGc@..jpg,0,0,0,0,0,1,0,0,0,0,0,0,0,0,0,0,0,0,0,https://www.imdb.com/title/tt0109361/?ref_=fn_ttl_ttl_1
999,Clean Slate (1994),01-Jan-1994,https://m.media-amazon.com/images/M/MV5BMTE3ZTFmOTctZDc5Zi00NGM5LWI2OGItOWFjYjZlZDEyOTU4XkEyXkFqcGc@..jpg,0,0,0,0,0,1,0,0,0,0,0,0,0,0,0,0,0,0,0,https://www.imdb.com/title/tt0109443/?ref_=fn_ttl_ttl_1
1000,Lightning Jack (1994),01-Jan-1994,https://m.media-amazon.com/images/M/MV5BMWJiNGE2ZTctN2I3YS00YmE2LWE4ZWItNDM0NDAzYzI1Y2NkXkEyXkFqcGc@..jpg,0,0,0,0,0,1,0,0,0,0,0,0,0,0,0,0,0,0,1,https://www.imdb.com/title/tt0110353/?ref_=fn_ttl_ttl_1
1001,"Stupids, The (1996)",30-Aug-1996,https://m.media-amazon.com/images/M/MV5BMWUwYjgwZDQtZjEwZi00OTlkLTkxYzUtMjlmMmMyMzUwYjkzXkEyXkFqcGc@..jpg,0,0,0,0,0,1,0,0,0,0,0,0,0,0,0,0,0,0,0,https://www.imdb.com/title/tt0117768/?ref_=fn_ttl_ttl_1
1002,"Pest, The (1997)",07-Feb-1997,https://m.media-amazon.com/images/M/MV5BMTdiMzM4NDYtZTMxZi00OTEyLWFiOWMtNjdkNWNhYWY3ZjQ4XkEyXkFqcGc@..jpg,0,0,0,0,0,1,0,0,0,0,0,0,0,0,0,0,0,0,0,https://www.imdb.com/title/tt0119887/?ref_=fn_ttl_ttl_1
1003,That Darn Cat! (1997),14-Feb-1997,https://m.media-amazon.com/images/M/MV5BNDhiNjU5NGMtYmYxMS00Mjg3LTliNjktMTRhZDY2YWYxOWEzXkEyXkFqcGc@..jpg,0,0,0,0,1,1,0,0,0,0,0,0,0,1,0,0,0,0,0,https://www.imdb.com/title/tt0120317/?ref_=fn_ttl_ttl_1
1004,Geronimo: An American Legend (1993),01-Jan-1993,https://m.media-amazon.com/images/M/MV5BOWFjMTk3MjItZWRlNS00ZmFiLWJhMWQtNmZhMzQ4MjkxMGI1XkEyXkFqcGc@..jpg,0,0,0,0,0,0,0,0,1,0,0,0,0,0,0,0,0,0,1,https://www.imdb.com/title/tt0107004/?ref_=fn_ttl_ttl_1
1005,"Double vie de V�ronique, La (Double Life of Veronique, The) (1991)",01-Jan-1991,https://m.media-amazon.com/images/M/MV5BZjE1MjAxMjgtMTRjMC00YTFjLThhMzgtNzdlODZiZjA0MWMxXkEyXkFqcGc@..jpg,0,0,0,0,0,0,0,0,1,0,0,0,0,0,0,0,0,0,0,https://www.imdb.com/title/tt0101765/?ref_=fn_ttl_ttl_1
1006,Until the End of the World (Bis ans Ende der Welt) (1991),01-Jan-1991,https://m.media-amazon.com/images/M/MV5BYTMzZjk4Y2YtOWZiOS00OThkLWI5MzgtMDI4Mjg1MjU5NGZjXkEyXkFqcGc@..jpg,0,0,0,0,0,0,0,0,1,0,0,0,0,0,0,1,0,0,0,https://www.imdb.com/title/tt0101458/
1007,Waiting for Guffman (1996),31-Jan-1997,https://m.media-amazon.com/images/M/MV5BMGY1MjZiOGEtNDE5Mi00N2EwLWI4OGMtYWZkNzJmYjI5ZWQwXkEyXkFqcGc@..jpg,0,0,0,0,0,1,0,0,0,0,0,0,0,0,0,0,0,0,0,https://www.imdb.com/title/tt0118111/?ref_=fn_ttl_ttl_1
1008,I Shot Andy Warhol (1996),01-May-1996,https://m.media-amazon.com/images/M/MV5BMmY3YjJmOTMtYWE3Yy00MzM0LTgwNmQtYzIwMjIzYzFiZGNmXkEyXkFqcGc@..jpg,0,0,0,0,0,0,0,0,1,0,0,0,0,0,0,0,0,0,0,https://www.imdb.com/title/tt0116594/?ref_=fn_ttl_ttl_1
1009,Stealing Beauty (1996),14-Jun-1996,https://m.media-amazon.com/images/M/MV5BOWRhYWZjNGQtNmQxOC00ZDY3LTlkOTktNzU1ZTE3MTE0YmM2XkEyXkFqcGc@..jpg,0,0,0,0,0,0,0,0,1,0,0,0,0,0,0,0,0,0,0,https://www.imdb.com/title/tt0117737/?ref_=fn_ttl_ttl_1
1010,Basquiat (1996),16-Aug-1996,https://m.media-amazon.com/images/M/MV5BMTk3NTk3MzU5N15BMl5BanBnXkFtZTgwNjIwMDcyMTI@..jpg,0,0,0,0,0,0,0,0,1,0,0,0,0,0,0,0,0,0,0,https://www.imdb.com/title/tt0115632/?ref_=fn_ttl_ttl_1
1011,2 Days in the Valley (1996),27-Sep-1996,https://m.media-amazon.com/images/M/MV5BMDY0MTFmODgtMWNjNS00MmM4LWIwODctN2MxOTNkMzc0YTFjXkEyXkFqcGc@..jpg,0,0,0,0,0,0,1,0,0,0,0,0,0,0,0,0,0,0,0,https://www.imdb.com/title/tt0115438/?ref_=fn_ttl_ttl_1
1012,Private Parts (1997),07-Mar-1997,https://m.media-amazon.com/images/M/MV5BN2Q1YWY5OGMtMzM1ZC00OGU3LTlmMTgtNTgxZmIxYTczYjU5XkEyXkFqcGc@..jpg,0,0,0,0,0,1,0,0,1,0,0,0,0,0,0,0,0,0,0,https://www.imdb.com/title/tt0119951/?ref_=fn_ttl_ttl_1
1013,Anaconda (1997),11-Apr-1997,https://m.media-amazon.com/images/M/MV5BMmU2ZGYyZDAtZGM3My00NjQ4LTlmZmQtNzY4OGRlNDFjNTE4XkEyXkFqcGc@..jpg,0,1,1,0,0,0,0,0,0,0,0,0,0,0,0,0,1,0,0,https://www.imdb.com/title/tt0118615/?ref_=fn_ttl_ttl_1
1014,Romy and Michele's High School Reunion (1997),25-Apr-1997,https://m.media-amazon.com/images/M/MV5BNDQ4ZmRkYTMtOWJhMC00N2Q3LWE0OTktMWJkNDg3ZDhmOGVlXkEyXkFqcGc@..jpg,0,0,0,0,0,1,0,0,0,0,0,0,0,0,0,0,0,0,0,https://www.imdb.com/title/tt0120032/?ref_=fn_ttl_ttl_1
1015,Shiloh (1997),23-May-1997,https://m.media-amazon.com/images/M/MV5BZjU2YzYxMjktMzExMC00YTc3LTkyN2QtNDU2NDE5NzljZmQ5XkEyXkFqcGc@..jpg,0,0,0,0,1,0,0,0,1,0,0,0,0,0,0,0,0,0,0,https://www.imdb.com/title/tt0120118/?ref_=fn_ttl_ttl_1
1016,Con Air (1997),06-Jun-1997,https://m.media-amazon.com/images/M/MV5BODcxOGFjOTEtM2M3Zi00ZWNiLWFjMTYtZDQ0Yjg2NTE2MzNiXkEyXkFqcGc@..jpg,0,1,1,0,0,0,0,0,0,0,0,0,0,0,0,0,1,0,0,https://www.imdb.com/title/tt0118880/?ref_=fn_ttl_ttl_1
1017,Trees Lounge (1996),11-Oct-1996,https://m.media-amazon.com/images/M/MV5BZDI2Yjk0MDMtMDQ5OC00N2M4LWJkZWUtYjlkNWY2NDFhYjVmXkEyXkFqcGc@..jpg,0,0,0,0,0,0,0,0,1,0,0,0,0,0,0,0,0,0,0,https://www.imdb.com/title/tt0117958/?ref_=fn_ttl_ttl_1
1018,Tie Me Up! Tie Me Down! (1990),01-Jan-1990,https://m.media-amazon.com/images/M/MV5BN2M5OGY1MDEtZmJmYy00OGEyLTg5MzQtMDhjNzA5YzExNDI1XkEyXkFqcGc@..jpg,0,0,0,0,0,0,0,0,1,0,0,0,0,0,0,0,0,0,0,https://www.imdb.com/title/tt0101026/?ref_=fn_ttl_ttl_1
1019,"Die xue shuang xiong (Killer, The) (1989)",01-Jan-1989,https://m.media-amazon.com/images/M/MV5BMjQyZDJhNTktYjZiZC00ODU4LTg5OTYtYjc2MzA2OGFjMzZmXkEyXkFqcGc@..jpg,0,1,0,0,0,0,0,0,0,0,0,0,0,0,0,0,1,0,0,https://www.imdb.com/title/tt0097202/?ref_=fn_ttl_ttl_1
1020,Gaslight (1944),01-Jan-1944,https://m.media-amazon.com/images/M/MV5BMTQxOTQwY2EtZjU0My00NDNlLWExMjUtMDg0ODc0YTYxNjVkXkEyXkFqcGc@..jpg,0,0,0,0,0,0,0,0,0,0,0,0,0,1,0,0,1,0,0,https://www.imdb.com/title/tt0036855/?ref_=fn_ttl_ttl_1
1021,8 1/2 (1963),01-Jan-1963,https://m.media-amazon.com/images/M/MV5BNmI4YWJlYzAtNGU5MS00NTljLThhN2QtNzMwMWM4NTA0ODNlXkEyXkFqcGc@..jpg,0,0,0,0,0,0,0,0,1,0,0,0,0,0,0,0,0,0,0,https://www.imdb.com/title/tt0056801/?ref_=fn_ttl_ttl_1
1022,"Fast, Cheap & Out of Control (1997)",01-Jan-1997,https://m.media-amazon.com/images/M/MV5BODlkNzhmNWMtOGNjZi00NGMxLThjNDEtMTJhN2FkNjg0NjAxXkEyXkFqcGc@..jpg,0,0,0,0,0,0,0,1,0,0,0,0,0,0,0,0,0,0,0,https://www.imdb.com/title/tt0119107/?ref_=fn_ttl_ttl_1
1023,Fathers' Day (1997),09-May-1997,https://m.media-amazon.com/images/M/MV5BODUzMTY3NmUtYTI2Mi00NWE3LWEyMmMtMjQ5YzA2ZmNmMjE0XkEyXkFqcGc@..jpg,0,0,0,0,0,1,0,0,0,0,0,0,0,0,0,0,0,0,0,https://www.imdb.com/title/tt0119109/
1024,Mrs. Dalloway (1997),01-Jan-1997,https://m.media-amazon.com/images/M/MV5BYTU1YThkODctMmMxMy00MjkxLTkwZTUtOTA1NmViNmNjZTIxXkEyXkFqcGc@..jpg,0,0,0,0,0,0,0,0,0,0,0,0,0,0,1,0,0,0,0,https://www.imdb.com/title/tt0119723/?ref_=fn_ttl_ttl_1
1025,Fire Down Below (1997),01-Jan-1997,https://m.media-amazon.com/images/M/MV5BYmIwMWY0NzktMGRmMi00MjQ1LTk5NmQtN2I3YjAxZjgyNGFmXkEyXkFqcGc@..jpg,0,1,0,0,0,0,0,0,1,0,0,0,0,0,0,0,1,0,0,https://www.imdb.com/title/tt0119123/?ref_=fn_ttl_ttl_1
1026,"Lay of the Land, The (1997)",01-Jan-1997,https://m.media-amazon.com/images/M/MV5BMTgyODA1ODU0OF5BMl5BanBnXkFtZTcwNTQxMTIyMQ@@..jpg,0,0,0,0,0,1,0,0,1,0,0,0,0,0,0,0,0,0,0,https://www.imdb.com/title/tt0123953/?ref_=fn_ttl_ttl_1
1027,"Shooter, The (1995)",01-Jan-1995,https://m.media-amazon.com/images/M/MV5BN2VjMjdlN2QtNjE4OC00M2M0LWFlZjMtNWMyZWZlN2QwOGE4XkEyXkFqcGc@..jpg,0,1,0,0,0,0,0,0,0,0,0,0,0,0,0,0,0,0,0,https://www.imdb.com/title/tt0114432/?ref_=fn_ttl_ttl_1
1028,Grumpier Old Men (1995),01-Jan-1995,https://m.media-amazon.com/images/M/MV5BMjc0OWM2YTktZWYyMi00YzU1LTljYmEtYmMyNTRlMWFlMzI4XkEyXkFqcGc@..jpg,0,0,0,0,0,1,0,0,0,0,0,0,0,0,1,0,0,0,0,https://www.imdb.com/title/tt0113228/?ref_=fn_ttl_ttl_1
1029,Jury Duty (1995),01-Jan-1995,https://m.media-amazon.com/images/M/MV5BNjc1NmZmYWYtMzJlOC00MzJmLTg0MTMtMzIyZmRmZGU2MGFmXkEyXkFqcGc@..jpg,0,0,0,0,0,1,0,0,0,0,0,0,0,0,0,0,0,0,0,https://www.imdb.com/title/tt0113500/?ref_=fn_ttl_ttl_1
1030,"Beverly Hillbillies, The (1993)",01-Jan-1993,https://m.media-amazon.com/images/M/MV5BNDY1ZTA4ZjYtYTQ4YS00M2U4LTljZjktNzA2NjYyNzY1ZWFkXkEyXkFqcGc@..jpg,0,0,0,0,0,1,0,0,0,0,0,0,0,0,0,0,0,0,0,https://www.imdb.com/title/tt0106400/?ref_=fn_ttl_ttl_1
1031,Lassie (1994),01-Jan-1994,https://m.media-amazon.com/images/M/MV5BNDNkZDk0ODktYjc0My00MzY4LWE3NzgtNjU5NmMzZDA3YTA1XkEyXkFqcGc@..jpg,0,0,1,0,1,0,0,0,0,0,0,0,0,0,0,0,0,0,0,https://www.imdb.com/title/tt0110305/?ref_=fn_ttl_ttl_1
1032,Little Big League (1994),01-Jan-1994,https://m.media-amazon.com/images/M/MV5BYjUzYjFlMjYtZGRjOC00YjI0LWE0YzItNzJmYzc3MGU2OWFlXkEyXkFqcGc@..jpg,0,0,0,0,1,1,0,0,0,0,0,0,0,0,0,0,0,0,0,https://www.imdb.com/title/tt0110363/?ref_=fn_ttl_ttl_1
1033,Homeward Bound II: Lost in San Francisco (1996),08-Mar-1996,https://m.media-amazon.com/images/M/MV5BODUxMjZkN2EtMDkyMC00MmQ2LTlhYmYtZTIwODAyOTFmMGRjXkEyXkFqcGc@..jpg,0,0,1,0,1,0,0,0,0,0,0,0,0,0,0,0,0,0,0,https://www.imdb.com/title/tt0116552/?ref_=fn_ttl_ttl_1
1034,"Quest, The (1996)",26-Apr-1996,https://m.media-amazon.com/images/M/MV5BMzkxNjYzZmEtZTA4Ni00MzBhLWE2N2UtZWM3N2M3YTA5ZmE1XkEyXkFqcGc@..jpg,0,1,1,0,0,0,0,0,0,0,0,0,0,0,0,0,0,0,0,https://www.imdb.com/title/tt0117420/?ref_=fn_ttl_ttl_1
1035,Cool Runnings (1993),01-Jan-1993,https://m.media-amazon.com/images/M/MV5BZjBmZDM0OTQtMjJiMi00NTEwLWEzNTktMTY5NWFmMDcwZmNjXkEyXkFqcGc@..jpg,0,0,0,0,0,1,0,0,0,0,0,0,0,0,0,0,0,0,0,https://www.imdb.com/title/tt0106611/?ref_=fn_ttl_ttl_1
1036,Drop Dead Fred (1991),01-Jan-1991,https://m.media-amazon.com/images/M/MV5BOGZmZGE5YzQtOTFlOS00NmZiLWI3YTYtMjNiZmU4ZTM5MDY5XkEyXkFqcGc@..jpg,0,0,0,0,0,1,0,0,0,1,0,0,0,0,0,0,0,0,0,https://www.imdb.com/title/tt0101775/?ref_=fn_ttl_ttl_1
1037,Grease 2 (1982),01-Jan-1982,https://m.media-amazon.com/images/M/MV5BYmMyODA2YjAtMDNhMS00OTFlLThjYjctOTMyODk0OTU1ZWYwXkEyXkFqcGc@..jpg,0,0,0,0,0,1,0,0,0,0,0,0,1,0,1,0,0,0,0,https://www.imdb.com/title/tt0084021/?ref_=fn_ttl_ttl_1
1038,Switchback (1997),01-Jan-1997,https://m.media-amazon.com/images/M/MV5BMjZlYTBjYjEtMDVmMS00NGY2LTllZmQtZWYxZDM3Y2M1YjRjXkEyXkFqcGc@..jpg,0,0,0,0,0,0,0,0,0,0,0,0,0,0,0,0,1,0,0,https://www.imdb.com/title/tt0119210/?ref_=fn_ttl_ttl_1
1039,Hamlet (1996),24-Jan-1997,https://m.media-amazon.com/images/M/MV5BNGNjM2NkMmItMjg4YS00OWZiLTk4ZTAtMTUzMzhkNTUxZDc5XkEyXkFqcGc@..jpg,0,0,0,0,0,0,0,0,1,0,0,0,0,0,0,0,0,0,0,https://www.imdb.com/title/tt0116477/?ref_=fn_ttl_ttl_1
1040,Two if by Sea (1996),01-Jan-1996,https://m.media-amazon.com/images/M/MV5BYzRjYWVlNzEtZDRhMS00OGExLTk1MGEtOWU0NjRkM2ViNmYyXkEyXkFqcGc@..jpg,0,0,0,0,0,1,0,0,0,0,0,0,0,0,1,0,0,0,0,https://www.imdb.com/title/tt0118002/?ref_=fn_ttl_ttl_1
1041,Forget Paris (1995),01-Jan-1995,https://m.media-amazon.com/images/M/MV5BZGJhNjAwODgtYzk3OS00MmYyLWJmMWUtMGE1MTE5YjA5YjAzXkEyXkFqcGc@..jpg,0,0,0,0,0,1,0,0,0,0,0,0,0,0,1,0,0,0,0,https://www.imdb.com/title/tt0113097/?ref_=fn_ttl_ttl_1
1042,Just Cause (1995),01-Jan-1995,https://m.media-amazon.com/images/M/MV5BYzJkYjFhZmMtMDZiZi00YjE0LTlhZTAtZGUyNGFkOWVhODk3XkEyXkFqcGc@..jpg,0,0,0,0,0,0,0,0,0,0,0,0,0,1,0,0,1,0,0,https://www.imdb.com/title/tt0113501/?ref_=fn_ttl_ttl_1
1043,Rent-a-Kid (1995),01-Jan-1995,https://m.media-amazon.com/images/M/MV5BMjYwMzA3Njg2MF5BMl5BanBnXkFtZTcwOTI1NDMzMQ@@..jpg,0,0,0,0,0,1,0,0,0,0,0,0,0,0,0,0,0,0,0,https://www.imdb.com/title/tt0114268/
1044,"Paper, The (1994)",01-Jan-1994,https://m.media-amazon.com/images/M/MV5BMmZmYzZiNTAtNWFlNy00ZjQxLTlhMDQtZmVmOGZhMmRlZDYyXkEyXkFqcGc@..jpg,0,0,0,0,0,1,0,0,1,0,0,0,0,0,0,0,0,0,0,https://www.imdb.com/title/tt0110771/?ref_=fn_ttl_ttl_1
1045,Fearless (1993),01-Jan-1993,https://m.media-amazon.com/images/M/MV5BZDUxNjU1MzgtNjVmNC00NWRkLWIzNjctOTM5OTQ1OTE3Yjg5XkEyXkFqcGc@..jpg,0,0,0,0,0,0,0,0,1,0,0,0,0,0,0,0,0,0,0,https://www.imdb.com/title/tt0106881/?ref_=fn_ttl_ttl_1
1046,Malice (1993),01-Jan-1993,https://m.media-amazon.com/images/M/MV5BY2U4ZTY0MWQtNTVmMS00YzNlLWExMDAtOGY0MTFjNjM2YjMwXkEyXkFqcGc@..jpg,0,0,0,0,0,0,0,0,0,0,0,0,0,0,0,0,1,0,0,https://www.imdb.com/title/tt0107497/?ref_=fn_ttl_ttl_1
1047,Multiplicity (1996),12-Jul-1996,https://m.media-amazon.com/images/M/MV5BZmE0NzY5NjgtZGNjOS00NTk4LThiMjctYTE3MzYxY2FiMzMyXkEyXkFqcGc@..jpg,0,0,0,0,0,1,0,0,0,0,0,0,0,0,0,0,0,0,0,https://www.imdb.com/title/tt0117108/?ref_=fn_ttl_ttl_1
1048,She's the One (1996),23-Aug-1996,https://m.media-amazon.com/images/M/MV5BMjhkOGI1OWQtZjY0MC00ZmZhLTg2MmMtOTg0M2I1OTUzNmIwXkEyXkFqcGc@..jpg,0,0,0,0,0,1,0,0,0,0,0,0,0,0,1,0,0,0,0,https://www.imdb.com/title/tt0117628/?ref_=fn_ttl_ttl_1
1049,House Arrest (1996),02-Aug-1996,https://m.media-amazon.com/images/M/MV5BMGYyZTY2MDMtNTQ2MC00Mzc5LTk2MDYtNGNhZTM1YTU3MWJiXkEyXkFqcGc@..jpg,0,0,0,0,0,1,0,0,0,0,0,0,0,0,0,0,0,0,0,https://www.imdb.com/title/tt0116571/?ref_=fn_ttl_ttl_1
1050,"Ghost and Mrs. Muir, The (1947)",01-Jan-1947,https://m.media-amazon.com/images/M/MV5BMmI5OTZiYTItYzJjNi00YWFjLTk3NDMtZDY1YTg3NmQ4MjM4XkEyXkFqcGc@..jpg,0,0,0,0,0,0,0,0,1,0,0,0,0,0,1,0,0,0,0,https://www.imdb.com/title/tt0039420/?ref_=fn_ttl_ttl_1
1051,"Associate, The (1996)",19-Oct-1996,https://m.media-amazon.com/images/M/MV5BYzI1OTRiZWQtOTljMy00NDk5LTg0M2QtNzA2ZmFkOTA5YmVkXkEyXkFqcGc@..jpg,0,0,0,0,0,1,0,0,0,0,0,0,0,0,0,0,0,0,0,https://www.imdb.com/title/tt0115580/?ref_=fn_ttl_ttl_1
1052,Dracula: Dead and Loving It (1995),01-Jan-1995,https://m.media-amazon.com/images/M/MV5BN2I2MjQzYTgtZWU5ZS00ZGZmLWFhNmQtNjVlODE0OTM4Y2JhXkEyXkFqcGc@..jpg,0,0,0,0,0,1,0,0,0,0,0,1,0,0,0,0,0,0,0,https://www.imdb.com/title/tt0112896/?ref_=fn_ttl_ttl_1
1053,Now and Then (1995),01-Jan-1995,https://m.media-amazon.com/images/M/MV5BZWE5NTgyM2QtZjE0Ni00YTNkLTlmMGItNTRlY2ZhMmIyMDdhXkEyXkFqcGc@..jpg,0,0,0,0,0,0,0,0,1,0,0,0,0,0,0,0,0,0,0,https://www.imdb.com/title/tt0114011/?ref_=fn_ttl_ttl_1
1054,Mr. Wrong (1996),16-Feb-1996,https://m.media-amazon.com/images/M/MV5BZDIzYjkzZmEtZTdmMS00NWYxLWFhODgtM2FlMWVkYTdmYTI3XkEyXkFqcGc@..jpg,0,0,0,0,0,1,0,0,0,0,0,0,0,0,0,0,0,0,0,https://www.imdb.com/title/tt0117102/?ref_=fn_ttl_ttl_1
1055,"Simple Twist of Fate, A (1994)",01-Jan-1994,https://m.media-amazon.com/images/M/MV5BMTU4OGRkYjYtMDc3NS00MTY0LWJhZmYtMDBkYjMwMGZlNTUxXkEyXkFqcGc@..jpg,0,0,0,0,0,0,0,0,1,0,0,0,0,0,0,0,0,0,0,https://www.imdb.com/title/tt0111194/?ref_=fn_ttl_ttl_1
1056,Cronos (1992),01-Jan-1992,https://m.media-amazon.com/images/M/MV5BOTI1YTVjNDEtYjE3Yi00NDFlLWI4M2MtNjUyYzIyOTMxMzQzXkEyXkFqcGc@..jpg,0,0,0,0,0,0,0,0,0,0,0,1,0,0,0,0,0,0,0,https://www.imdb.com/title/tt0104029/?ref_=fn_ttl_ttl_1
1057,"Pallbearer, The (1996)",19-Apr-1996,https://m.media-amazon.com/images/M/MV5BOWRmN2Y2NWYtOTk1OS00MTY5LWEzYTktMmQ3NzBiNWFlN2U5XkEyXkFqcGc@..jpg,0,0,0,0,0,1,0,0,0,0,0,0,0,0,0,0,0,0,0,https://www.imdb.com/title/tt0117283/?ref_=fn_ttl_ttl_1
1058,"War, The (1994)",01-Jan-1994,https://m.media-amazon.com/images/M/MV5BYWE0ZDE1MGItYjE0YS00NmMwLWExNDEtNTlmNjAzYTE1YTYwXkEyXkFqcGc@..jpg,0,0,1,0,0,0,0,0,1,0,0,0,0,0,0,0,0,0,0,https://www.imdb.com/title/tt0111667/?ref_=fn_ttl_ttl_1
1059,Don't Be a Menace to South Central While Drinking Your Juice in the Hood (1996),01-Jan-1996,https://m.media-amazon.com/images/M/MV5BZGM0NTAyMWEtNDBjNi00MjkwLWFhM2UtNDExNmVmMzEzNzExXkEyXkFqcGc@..jpg,0,0,0,0,0,1,0,0,0,0,0,0,0,0,0,0,0,0,0,https://www.imdb.com/title/tt0116126/?ref_=fn_ttl_ttl_1
1060,"Adventures of Pinocchio, The (1996)",26-Jul-1996,https://m.media-amazon.com/images/M/MV5BYjRhMGYyMGEtMzhiZi00OTRkLTgzNmYtMzAxYmQ0NzY2ZTE1XkEyXkFqcGc@..jpg,0,0,1,0,1,0,0,0,0,0,0,0,0,0,0,0,0,0,0,https://www.imdb.com/title/tt0115472/?ref_=fn_ttl_ttl_1
1061,"Evening Star, The (1996)",25-Dec-1996,https://m.media-amazon.com/images/M/MV5BZWJiNWZkODMtYjYyNy00MGJkLWI1YTUtYjNkZmY5YjNlNDU2XkEyXkFqcGc@..jpg,0,0,0,0,0,1,0,0,1,0,0,0,0,0,0,0,0,0,0,https://www.imdb.com/title/tt0116240/?ref_=fn_ttl_ttl_1
1062,Four Days in September (1997),23-Jan-1998,https://m.media-amazon.com/images/M/MV5BNGYwOWZiZTctODgxYS00MWE5LWJmODQtYmY0NDA5MmI4OTY4XkEyXkFqcGc@..jpg,0,0,0,0,0,0,0,0,1,0,0,0,0,0,0,0,0,0,0,https://www.imdb.com/title/tt0119815/?ref_=fn_ttl_ttl_1
1063,"Little Princess, A (1995)",01-Jan-1995,https://m.media-amazon.com/images/M/MV5BY2VjODg3MDEtOWZkYi00ZTEwLTllZGItZDc3N2I4MWIwODI3XkEyXkFqcGc@..jpg,0,0,0,0,1,0,0,0,1,0,0,0,0,0,0,0,0,0,0,https://www.imdb.com/title/tt0113670/?ref_=fn_ttl_ttl_1
1064,Crossfire (1947),01-Jan-1947,https://m.media-amazon.com/images/M/MV5BZmI4NTk3NDMtZjBjMC00ZmE5LWFjYjctM2RlMjI2NDRiNTI5XkEyXkFqcGc@..jpg,0,0,0,0,0,0,1,0,0,0,1,0,0,0,0,0,0,0,0,https://www.imdb.com/title/tt0039286/?ref_=fn_ttl_ttl_1
1065,Koyaanisqatsi (1983),01-Jan-1983,https://m.media-amazon.com/images/M/MV5BZWI2OWRmMGQtYmIxNS00MjgxLWIyMjUtMGY4NmQ2OWQyMmMwXkEyXkFqcGc@..jpg,0,0,0,0,0,0,0,1,0,0,0,0,0,0,0,0,0,1,0,https://www.imdb.com/title/tt0085809/?ref_=fn_ttl_ttl_1
1066,Balto (1995),01-Jan-1995,https://m.media-amazon.com/images/M/MV5BNzY2OGY3MTYtMTlhNC00MDUyLWE2OGEtNzMzZjQxYjFiYjRiXkEyXkFqcGc@..jpg,0,0,0,1,1,0,0,0,0,0,0,0,0,0,0,0,0,0,0,https://www.imdb.com/title/tt0112453/?ref_=fn_ttl_ttl_1
1067,Bottle Rocket (1996),21-Feb-1996,https://m.media-amazon.com/images/M/MV5BNDlmNWY5NmMtZDNiMS00YjQ1LTg5NmItZmE5ZWEwNDg2MzhjXkEyXkFqcGc@..jpg,0,0,0,0,0,1,0,0,0,0,0,0,0,0,0,0,0,0,0,https://www.imdb.com/title/tt0115734/?ref_=fn_ttl_ttl_1
1068,"Star Maker, The (Uomo delle stelle, L') (1995)",01-Mar-1996,https://m.media-amazon.com/images/M/MV5BMjQwNTkzNWQtZjlkZi00ODU3LTlkYWEtNGRhOTE2MWMxYzgxXkEyXkFqcGc@..jpg,0,0,0,0,0,0,0,0,1,0,0,0,0,0,0,0,0,0,0,https://www.imdb.com/title/tt0114808/
1069,Amateur (1994),01-Jan-1994,https://m.media-amazon.com/images/M/MV5BYzUzMmVjYjItMTdkZC00NGRhLWIzODMtZWJkN2EzYzdkNDYxXkEyXkFqcGc@..jpg,0,0,0,0,0,0,1,0,1,0,0,0,0,0,0,0,1,0,0,https://www.imdb.com/title/tt0109093/?ref_=fn_ttl_ttl_1
1070,Living in Oblivion (1995),01-Jan-1995,https://m.media-amazon.com/images/M/MV5BMzUyMmFhMTAtM2MzNS00ODZkLWIwM2UtYTA2OTAzYzA5OWMxXkEyXkFqcGc@..jpg,0,0,0,0,0,1,0,0,0,0,0,0,0,0,0,0,0,0,0,https://www.imdb.com/title/tt0113677/?ref_=fn_ttl_ttl_1
1071,Party Girl (1995),01-Jan-1995,https://m.media-amazon.com/images/M/MV5BMGI4NTdmZjUtNGJlMS00ZTRlLTk5ZTQtNjg3ODk3MmNkNzI4XkEyXkFqcGc@..jpg,0,0,0,0,0,1,0,0,0,0,0,0,0,0,0,0,0,0,0,https://www.imdb.com/title/tt0114095/?ref_=fn_ttl_ttl_1
1072,"Pyromaniac's Love Story, A (1995)",01-Jan-1995,https://m.media-amazon.com/images/M/MV5BMzQxMDc4YWUtM2I1NC00NDYzLThmNTItZTA2OGFhMDY0Y2FlXkEyXkFqcGc@..jpg,0,0,0,0,0,1,0,0,0,0,0,0,0,0,1,0,0,0,0,https://www.imdb.com/title/tt0114210/?ref_=fn_ttl_ttl_1
1073,Shallow Grave (1994),01-Jan-1994,https://m.media-amazon.com/images/M/MV5BZjgyZDcwOGYtZDVmMi00NWY0LWI0NDUtMGFiMzA1YjRlMjZlXkEyXkFqcGc@..jpg,0,0,0,0,0,0,0,0,0,0,0,0,0,0,0,0,1,0,0,https://www.imdb.com/title/tt0111149/?ref_=fn_ttl_ttl_1
1074,Reality Bites (1994),01-Jan-1994,https://m.media-amazon.com/images/M/MV5BNmMwNWY5NTctYzUxNi00MTZkLWJhYWEtYjVkNDQ3ZTFiYjRlXkEyXkFqcGc@..jpg,0,0,0,0,0,1,0,0,1,0,0,0,0,0,0,0,0,0,0,https://www.imdb.com/title/tt0110950/?ref_=fn_ttl_ttl_1
1075,"Man of No Importance, A (1994)",01-Jan-1994,https://m.media-amazon.com/images/M/MV5BODk1ZDU2NjYtN2U5NC00MDcxLWI5YjktODU4ZWNkNjY4NDI5XkEyXkFqcGc@..jpg,0,0,0,0,0,0,0,0,1,0,0,0,0,0,0,0,0,0,0,https://www.imdb.com/title/tt0110455/?ref_=fn_ttl_ttl_1
1076,"Pagemaster, The (1994)",01-Jan-1994,https://m.media-amazon.com/images/M/MV5BZjZhYTU5OTgtMzU4OC00ZTI2LWE1M2YtYjlmN2NmMzA1MWIyXkEyXkFqcGc@..jpg,0,1,1,1,1,0,0,0,0,1,0,0,0,0,0,0,0,0,0,https://www.imdb.com/title/tt0110763/?ref_=fn_ttl_ttl_1
1077,Love and a .45 (1994),01-Jan-1994,https://m.media-amazon.com/images/M/MV5BNTM1NzQ3OTEzNV5BMl5BanBnXkFtZTgwMzQ2NjkwMzE@..jpg,0,0,0,0,0,0,0,0,0,0,0,0,0,0,0,0,1,0,0,https://www.imdb.com/title/tt0110395/?ref_=fn_ttl_ttl_1
1078,Oliver & Company (1988),29-Mar-1988,https://m.media-amazon.com/images/M/MV5BMTAxMzMwNzQtNGYxNC00OTgwLWI3ZTgtMDBlOTE4MGFkMGEwXkEyXkFqcGc@..jpg,0,0,0,1,1,0,0,0,0,0,0,0,0,0,0,0,0,0,0,https://www.imdb.com/title/tt0095776/?ref_=fn_ttl_ttl_1
1079,Joe's Apartment (1996),26-Jul-1996,https://m.media-amazon.com/images/M/MV5BY2Y1YTFiNzktYWE2OS00OTBiLTkxN2YtOTlhZjA0MWVmMzMzXkEyXkFqcGc@..jpg,0,0,0,0,0,1,0,0,0,0,0,0,1,0,0,0,0,0,0,https://www.imdb.com/title/tt0116707/?ref_=fn_ttl_ttl_1
1080,Celestial Clockwork (1994),12-Jul-1996,https://m.media-amazon.com/images/M/MV5BYzYzZjlhZjUtMjY5OC00NmNlLWE5MmEtMzY4YmI2YjhkMzZhXkEyXkFqcGc@..jpg,0,0,0,0,0,1,0,0,0,0,0,0,0,0,0,0,0,0,0,https://www.imdb.com/title/tt0109485/?ref_=fn_ttl_ttl_1
1081,Curdled (1996),27-Sep-1996,https://m.media-amazon.com/images/M/MV5BZWU1MzQ3ZDktNmI4Yi00MTYyLWFmOGUtZGE5YmNjMTJjM2I1XkEyXkFqcGc@..jpg,0,0,0,0,0,0,1,0,0,0,0,0,0,0,0,0,0,0,0,https://www.imdb.com/title/tt0115994/?ref_=fn_ttl_ttl_1
1082,Female Perversions (1996),25-Apr-1997,https://m.media-amazon.com/images/M/MV5BNDJjZTBkN2UtMTU1Ni00NjQ1LWJiNzItNDY2MTkxZDIzNjU0XkEyXkFqcGc@..jpg,0,0,0,0,0,0,0,0,1,0,0,0,0,0,0,0,0,0,0,https://www.imdb.com/title/tt0116293/?ref_=fn_ttl_ttl_1
1083,Albino Alligator (1996),17-Jan-1997,https://m.media-amazon.com/images/M/MV5BNDUzYTc3ZWMtY2I0Yi00MTBmLThhODAtOWQ3ZWZlOWViZGM1XkEyXkFqcGc@..jpg,0,0,0,0,0,0,1,0,0,0,0,0,0,0,0,0,1,0,0,https://www.imdb.com/title/tt0115495/?ref_=fn_ttl_ttl_1
1084,Anne Frank Remembered (1995),23-Feb-1996,https://m.media-amazon.com/images/M/MV5BYzQ4M2E0MTAtMDZmZS00ZjhhLWI2N2YtMDdiYWVmZDQ1NTMwXkEyXkFqcGc@..jpg,0,0,0,0,0,0,0,1,0,0,0,0,0,0,0,0,0,0,0,https://www.imdb.com/title/tt0112373/?ref_=fn_ttl_ttl_1
1085,Carried Away (1996),29-Mar-1996,https://m.media-amazon.com/images/M/MV5BZTA3ZTg4YmItNDVhYi00NzEyLWJhNjEtZjRhMDU5Zjc3ZjczXkEyXkFqcGc@..jpg,0,0,0,0,0,0,0,0,1,0,0,0,0,0,1,0,0,0,0,https://www.imdb.com/title/tt0115837/?ref_=fn_ttl_ttl_1
1086,It's My Party (1995),22-Mar-1996,https://m.media-amazon.com/images/M/MV5BMTE2NDBjN2UtMDQ0MS00NjdjLWFjNzktMTVjM2RhMzhkMzM1XkEyXkFqcGc@..jpg,0,0,0,0,0,0,0,0,1,0,0,0,0,0,0,0,0,0,0,https://www.imdb.com/title/tt0113443/?ref_=fn_ttl_ttl_1
1087,Bloodsport 2 (1995),01-Mar-1996,https://m.media-amazon.com/images/M/MV5BNmRkMGNkZWYtNzk3ZC00OGM0LThjMzMtMDg2YzViMTJmNjNhXkEyXkFqcGc@..jpg,0,1,0,0,0,0,0,0,0,0,0,0,0,0,0,0,0,0,0,https://www.imdb.com/title/tt0092675/?ref_=fn_ttl_ttl_1
1088,Double Team (1997),04-Apr-1997,https://m.media-amazon.com/images/M/MV5BZDhiNmU0OWMtN2I3YS00MWU3LWI4YTktMjQxMzJhYjQzMDRkXkEyXkFqcGc@..jpg,0,1,0,0,0,0,0,0,0,0,0,0,0,0,0,0,0,0,0,https://www.imdb.com/title/tt0119013/?ref_=fn_ttl_ttl_1
1089,Speed 2: Cruise Control (1997),13-Jun-1997,https://m.media-amazon.com/images/M/MV5BMGZiMWM3NzAtNTk4Zi00NmIzLWEzMDItZDRhZTZjODA4M2MyXkEyXkFqcGc@..jpg,0,1,0,0,0,0,0,0,0,0,0,0,0,0,1,0,1,0,0,https://www.imdb.com/title/tt0120179/?ref_=fn_ttl_ttl_1
1090,Sliver (1993),01-Jan-1993,https://m.media-amazon.com/images/M/MV5BOTI5NzZmYTEtMmM3Yy00ZDkxLWI1N2ItNTI2OGFlMTQ4NzQwXkEyXkFqcGc@..jpg,0,0,0,0,0,0,0,0,0,0,0,0,0,0,0,0,1,0,0,https://www.imdb.com/title/tt0108162/?ref_=fn_ttl_ttl_1
1091,Pete's Dragon (1977),01-Jan-1977,https://m.media-amazon.com/images/M/MV5BMWIwNTBiYTktZmRkMy00MjcyLWJlOTItNDQ4NzcyZDM3ZjgyXkEyXkFqcGc@..jpg,0,0,1,1,1,0,0,0,0,0,0,0,1,0,0,0,0,0,0,https://www.imdb.com/title/tt0076538/?ref_=fn_ttl_ttl_1
1092,Dear God (1996),01-Nov-1996,https://m.media-amazon.com/images/M/MV5BNmVlMTMzMmUtMDUzNi00ZTgwLWFiZmQtOGM0NTZlMTc1YTZiXkEyXkFqcGc@..jpg,0,0,0,0,0,1,0,0,0,0,0,0,0,0,0,0,0,0,0,https://www.imdb.com/title/tt0116059/?ref_=fn_ttl_ttl_1
1093,Live Nude Girls (1995),01-Mar-1996,https://m.media-amazon.com/images/M/MV5BYzZkMTI0YTItNTY4My00NmE2LWFkNWEtM2I2YWEyMTM2MmJmXkEyXkFqcGc@..jpg,0,0,0,0,0,1,0,0,0,0,0,0,0,0,0,0,0,0,0,https://www.imdb.com/title/tt0113674/?ref_=fn_ttl_ttl_1
1094,"Thin Line Between Love and Hate, A (1996)",03-Apr-1996,https://m.media-amazon.com/images/M/MV5BNGQ1ZDYyZTEtYWMwNS00YWE3LTk3MWUtNzgxOTU0MWQyNjdhXkEyXkFqcGc@..jpg,0,0,0,0,0,1,0,0,0,0,0,0,0,0,0,0,0,0,0,https://www.imdb.com/title/tt0117891/?ref_=fn_ttl_ttl_1
1095,High School High (1996),25-Oct-1996,https://m.media-amazon.com/images/M/MV5BYjE1MWJiZWUtNjc0Ni00Y2ZhLWI3NzktMzU3NmJmZjllOTkwXkEyXkFqcGc@..jpg,0,0,0,0,0,1,0,0,0,0,0,0,0,0,0,0,0,0,0,https://www.imdb.com/title/tt0116531/?ref_=fn_ttl_ttl_1
1096,Commandments (1997),02-May-1997,https://m.media-amazon.com/images/M/MV5BYzE4YmExNGUtNTE4YS00YmRlLWE2NWEtYzllOTgxNDI5Yjc0XkEyXkFqcGc@..jpg,0,0,0,0,0,0,0,0,0,0,0,0,0,0,1,0,0,0,0,https://www.imdb.com/title/tt0115927/?ref_=fn_ttl_ttl_1
1097,"Hate (Haine, La) (1995)",09-Feb-1996,https://m.media-amazon.com/images/M/MV5BZWZlYjczMjctNTFhNC00OGUyLWFhNTgtY2RlZjE3NGI0NDJkXkEyXkFqcGc@..jpg,0,0,0,0,0,0,0,0,1,0,0,0,0,0,0,0,0,0,0,https://www.imdb.com/title/tt5580266/?ref_=fn_ttl_ttl_1
1098,Flirting With Disaster (1996),22-Mar-1996,https://m.media-amazon.com/images/M/MV5BZjI5M2YzMDEtY2EwNS00MTQzLThkODEtNjkzMzRlOWZhNmYzXkEyXkFqcGc@..jpg,0,0,0,0,0,1,0,0,0,0,0,0,0,0,0,0,0,0,0,https://www.imdb.com/title/tt0116324/?ref_=fn_ttl_ttl_1
1099,"Red Firecracker, Green Firecracker (1994)",01-Jan-1994,https://m.media-amazon.com/images/M/MV5BMTY5NTU3NDgxNV5BMl5BanBnXkFtZTcwMTI4NzEzMQ@@..jpg,0,0,0,0,0,0,0,0,1,0,0,0,0,0,0,0,0,0,0,https://www.imdb.com/title/tt0110769/?ref_=fn_ttl_ttl_1
1100,What Happened Was... (1994),01-Jan-1994,https://m.media-amazon.com/images/M/MV5BYTQwMDFiMzktZGU5YS00ZDUzLWJiYjAtNTU0YWFlMjhiZDMwXkEyXkFqcGc@..jpg,0,0,0,0,0,1,0,0,1,0,0,0,0,0,1,0,0,0,0,https://www.imdb.com/title/tt0111689/?ref_=fn_ttl_ttl_1
1101,Six Degrees of Separation (1993),01-Jan-1993,https://m.media-amazon.com/images/M/MV5BMTQ5ODk1NTI4NV5BMl5BanBnXkFtZTcwNDYzMjI3NA@@..jpg,0,0,0,0,0,0,0,0,1,0,0,0,0,1,0,0,0,0,0,https://www.imdb.com/title/tt0108149/?ref_=fn_ttl_ttl_1
1102,Two Much (1996),01-Jan-1996,https://m.media-amazon.com/images/M/MV5BZmJiODIzNTYtYThlNS00MmUxLTgzYjgtMTIzMjU2MGM0MGMyXkEyXkFqcGc@..jpg,0,0,0,0,0,1,0,0,0,0,0,0,0,0,1,0,0,0,0,https://www.imdb.com/title/tt0118001/?ref_=fn_ttl_ttl_1
1103,Trust (1990),01-Jan-1990,https://m.media-amazon.com/images/M/MV5BOWFlMzU3OTctNzVlMi00OGY4LWE5OGQtMTJjZWU0NGYwOGZjXkEyXkFqcGc@..jpg,0,0,0,0,0,1,0,0,1,0,0,0,0,0,0,0,0,0,0,https://www.imdb.com/title/tt0103130/?ref_=fn_ttl_ttl_1
1104,C'est arriv� pr�s de chez vous (1992),01-Jan-1992,https://m.media-amazon.com/images/M/MV5BNjAyZWRiZDktZWQ0OS00MTQ2LWE1ODgtMDBkZWNmNjQzYTA3XkEyXkFqcGc@..jpg,0,0,0,0,0,1,1,0,1,0,0,0,0,0,0,0,0,0,0,https://www.imdb.com/title/tt0103905/?ref_=fn_ttl_ttl_1
1105,Firestorm (1998),09-Jan-1998,https://m.media-amazon.com/images/M/MV5BY2FlNjdkYjItNzU1OC00Y2ExLWE2ZDktOWZmOWVkZWU3ZWYwXkEyXkFqcGc@..jpg,0,1,1,0,0,0,0,0,0,0,0,0,0,0,0,0,1,0,0,https://www.imdb.com/title/tt0120670/?ref_=fn_ttl_ttl_1
1106,"Newton Boys, The (1998)",14-Mar-1998,https://m.media-amazon.com/images/M/MV5BMTAwN2Y4ODgtM2IxZS00MDg4LThhOTEtMzE1YjFlYjljZGY0XkEyXkFqcGc@..jpg,0,0,0,0,0,0,1,0,1,0,0,0,0,0,0,0,0,0,0,https://www.imdb.com/title/tt0120769/?ref_=fn_ttl_ttl_1
1107,Beyond Rangoon (1995),01-Jan-1995,https://m.media-amazon.com/images/M/MV5BNWM2MDhlMjUtMTJkNi00MzVjLWJkZWItMmNhMGY2ZmIyMDQ3XkEyXkFqcGc@..jpg,0,0,0,0,0,0,0,0,1,0,0,0,0,0,0,0,0,0,0,https://www.imdb.com/title/tt0112495/?ref_=fn_ttl_ttl_1
1108,Feast of July (1995),01-Jan-1995,https://m.media-amazon.com/images/M/MV5BODQ5NTcyODQ4Ml5BMl5BanBnXkFtZTcwNjgxNzUyMQ@@..jpg,0,0,0,0,0,0,0,0,1,0,0,0,0,0,0,0,0,0,0,https://www.imdb.com/title/tt0113044/?ref_=fn_ttl_ttl_1
1109,Death and the Maiden (1994),01-Jan-1994,https://m.media-amazon.com/images/M/MV5BOTdjZjZhYWEtYzIwMi00Y2ZjLThhNWYtNDg2ZDRiZDhiZDExXkEyXkFqcGc@..jpg,0,0,0,0,0,0,0,0,1,0,0,0,0,0,0,0,1,0,0,https://www.imdb.com/title/tt0109579/?ref_=fn_ttl_ttl_1
1110,Tank Girl (1995),01-Jan-1995,https://m.media-amazon.com/images/M/MV5BYjAwYjZmMGEtZmE4ZS00ZmViLWEzNWMtNGFiM2UyOGI5NmMxXkEyXkFqcGc@..jpg,0,1,0,0,0,1,0,0,0,0,0,0,1,0,0,1,0,0,0,https://www.imdb.com/title/tt0114614/?ref_=fn_ttl_ttl_1
1111,Double Happiness (1994),01-Mar-1996,https://m.media-amazon.com/images/M/MV5BYjYwZGJhZDQtOWYzOC00NzA1LTgwZWMtNmU4MWQwMGQ3NGE3XkEyXkFqcGc@..jpg,0,0,0,0,0,0,0,0,1,0,0,0,0,0,0,0,0,0,0,https://www.imdb.com/title/tt0109655/?ref_=fn_ttl_ttl_1
1112,Cobb (1994),01-Jan-1994,https://m.media-amazon.com/images/M/MV5BYWJjNjExY2QtMGM5MC00NTYyLTk1NDgtOGI4ZTg1NTQ3ZTJhXkEyXkFqcGc@..jpg,0,0,0,0,0,0,0,0,1,0,0,0,0,0,0,0,0,0,0,https://www.imdb.com/title/tt0109450/?ref_=fn_ttl_ttl_1
1113,Mrs. Parker and the Vicious Circle (1994),01-Jan-1994,https://m.media-amazon.com/images/M/MV5BNjljYWFkY2EtMjI5ZS00OGI0LWIxYTQtNTM3NGVhNjA0NjNhXkEyXkFqcGc@..jpg,0,0,0,0,0,0,0,0,1,0,0,0,0,0,0,0,0,0,0,https://www.imdb.com/title/tt0110588/?ref_=fn_ttl_ttl_1
1114,Faithful (1996),03-Apr-1996,https://m.media-amazon.com/images/M/MV5BMTVkMjhiODQtMjlhMi00ZmU2LWE5YzItYTk5ZDNkNjgwMWZhXkEyXkFqcGc@..jpg,0,0,0,0,0,1,0,0,0,0,0,0,0,0,0,0,0,0,0,https://www.imdb.com/title/tt0116269/?ref_=fn_ttl_ttl_1
1115,Twelfth Night (1996),25-Oct-1996,https://m.media-amazon.com/images/M/MV5BYmU4ZGI1OTctODBlMC00NzI2LWJhM2EtOGY1NzQ2ZmRhYWFmXkEyXkFqcGc@..jpg,0,0,0,0,0,1,0,0,1,0,0,0,0,0,1,0,0,0,0,https://www.imdb.com/title/tt0117991/?ref_=fn_ttl_ttl_1
1116,"Mark of Zorro, The (1940)",01-Jan-1940,https://m.media-amazon.com/images/M/MV5BZjFjYjM4YzMtMzE5ZS00ODk0LWE2NzAtYWI3MTZhYmUxYTQ0XkEyXkFqcGc@..jpg,0,0,1,0,0,0,0,0,0,0,0,0,0,0,0,0,0,0,0,https://www.imdb.com/title/tt0032762/?ref_=fn_ttl_ttl_1
1117,Surviving Picasso (1996),20-Sep-1996,https://m.media-amazon.com/images/M/MV5BMjQ1MWVkMjktN2YxMi00OWE0LWE2ZDItZTQ4MzY3ZDRhMzUyXkEyXkFqcGc@..jpg,0,0,0,0,0,0,0,0,1,0,0,0,0,0,0,0,0,0,0,https://www.imdb.com/title/tt0117791/?ref_=fn_ttl_ttl_1
1118,Up in Smoke (1978),01-Jan-1978,https://m.media-amazon.com/images/M/MV5BODhlMjE4YjEtMjYxMy00NmEyLTk0ZDMtZjU2ZWJjNTVkMzMxXkEyXkFqcGc@..jpg,0,0,0,0,0,1,0,0,0,0,0,0,0,0,0,0,0,0,0,https://www.imdb.com/title/tt0078446/?ref_=fn_ttl_ttl_1
1119,Some Kind of Wonderful (1987),01-Jan-1987,https://m.media-amazon.com/images/M/MV5BMDBmMTA2MGUtZmIyZC00ZjNhLTlmY2ItODM2Y2M4NWExZDgzXkEyXkFqcGc@..jpg,0,0,0,0,0,0,0,0,1,0,0,0,0,0,1,0,0,0,0,https://www.imdb.com/title/tt0094006/?ref_=fn_ttl_ttl_1
1120,I'm Not Rappaport (1996),13-Nov-1996,https://m.media-amazon.com/images/M/MV5BYzk2NmZlYjctNzQyZC00NDYwLWI5MjctYTg4NTVjZTcwMjAzXkEyXkFqcGc@..jpg,0,0,0,0,0,1,0,0,0,0,0,0,0,0,0,0,0,0,0,https://www.imdb.com/title/tt0116601/?ref_=fn_ttl_ttl_1
1121,"Umbrellas of Cherbourg, The (Parapluies de Cherbourg, Les) (1964)",05-Apr-1996,https://m.media-amazon.com/images/M/MV5BMTY4YjNhMGUtNjIxYy00OWFkLTg1YTEtMmFhNmMyODUyMjRmXkEyXkFqcGc@..jpg,0,0,0,0,0,0,0,0,1,0,0,0,1,0,0,0,0,0,0,https://www.imdb.com/title/tt0058450/?ref_=fn_ttl_ttl_1
1122,They Made Me a Criminal (1939),01-Jan-1939,https://m.media-amazon.com/images/M/MV5BYzA5NDRhZDItMjI3ZS00ZDY0LWI2MmYtM2UyNWM2NmRhMTBmXkEyXkFqcGc@..jpg,0,0,0,0,0,0,1,0,1,0,0,0,0,0,0,0,0,0,0,https://www.imdb.com/title/tt0032022/?ref_=fn_ttl_ttl_1
1123,"Last Time I Saw Paris, The (1954)",01-Jan-1954,https://m.media-amazon.com/images/M/MV5BNGVjNzgxMjEtNDA2ZC00YTliLTgwMTEtMTg1NTJiNTI3OTMxXkEyXkFqcGc@..jpg,0,0,0,0,0,0,0,0,1,0,0,0,0,0,0,0,0,0,0,https://www.imdb.com/title/tt0047162/?ref_=fn_ttl_ttl_1
1124,"Farewell to Arms, A (1932)",01-Jan-1932,https://m.media-amazon.com/images/M/MV5BMzM2ODc0NTY3OF5BMl5BanBnXkFtZTgwMjQwNzkzMjE@..jpg,0,0,0,0,0,0,0,0,0,0,0,0,0,0,1,0,0,1,0,https://www.imdb.com/title/tt0022879/?ref_=fn_ttl_ttl_1
1125,"Innocents, The (1961)",01-Jan-1961,https://m.media-amazon.com/images/M/MV5BMGJhMDFhYjMtY2QwOC00ZjBhLWFmZGYtZWI1NzI2MjAxNmQ4XkEyXkFqcGc@..jpg,0,0,0,0,0,0,0,0,0,0,0,0,0,0,0,0,1,0,0,https://www.imdb.com/title/tt0055018/?ref_=fn_ttl_ttl_1
1126,"Old Man and the Sea, The (1958)",01-Jan-1958,https://m.media-amazon.com/images/M/MV5BMzI0NWRkMTMtMWY3NS00MDMwLWFiMzItMWRiMDk0MDcyOGZlXkEyXkFqcGc@..jpg,0,0,1,0,0,0,0,0,1,0,0,0,0,0,0,0,0,0,0,https://www.imdb.com/title/tt0052027/?ref_=fn_ttl_ttl_1
1127,"Truman Show, The (1998)",01-Jan-1998,https://m.media-amazon.com/images/M/MV5BNzA3ZjZlNzYtMTdjMy00NjMzLTk5ZGYtMTkyYzNiOGM1YmM3XkEyXkFqcGc@..jpg,0,0,0,0,0,0,0,0,1,0,0,0,0,0,0,0,0,0,0,https://www.imdb.com/title/tt0120382/?ref_=fn_ttl_ttl_1
1128,Heidi Fleiss: Hollywood Madam (1995),09-Feb-1996,https://m.media-amazon.com/images/M/MV5BMTc4NDc5NzQzNF5BMl5BanBnXkFtZTcwMDUyODkxMQ@@..jpg,0,0,0,0,0,0,0,1,0,0,0,0,0,0,0,0,0,0,0,https://www.imdb.com/title/tt0113283/
1129,Chungking Express (1994),16-Feb-1996,https://m.media-amazon.com/images/M/MV5BNDQ4ZmYxODctZDVlZC00OTcxLWJjOGItZjRlMzk4MDA1Yjg1XkEyXkFqcGc@..jpg,0,0,0,0,0,0,0,0,1,0,0,0,0,1,1,0,0,0,0,https://www.imdb.com/title/tt0109424/?ref_=fn_ttl_ttl_1
1130,Jupiter's Wife (1994),09-Feb-1996,https://m.media-amazon.com/images/M/MV5BMTI3ODIyODY4N15BMl5BanBnXkFtZTcwNjE3MjUyMQ@@..jpg,0,0,0,0,0,0,0,1,0,0,0,0,0,0,0,0,0,0,0,https://www.imdb.com/title/tt0110217/?ref_=fn_ttl_ttl_1
1131,Safe (1995),01-Jan-1995,https://m.media-amazon.com/images/M/MV5BMmFlNmIyZGEtMzdjZS00NTQwLTg3NmEtNjFmMDU0NTQwOGRmXkEyXkFqcGc@..jpg,0,0,0,0,0,0,0,0,0,0,0,0,0,0,0,0,1,0,0,https://www.imdb.com/title/tt0114323/?ref_=fn_ttl_ttl_1
1132,Feeling Minnesota (1996),13-Sep-1996,https://m.media-amazon.com/images/M/MV5BODBjMmYzYmItOWVkNy00YTAyLTkwM2YtMTlhNTY3Njc3YThjXkEyXkFqcGc@..jpg,0,0,0,0,0,0,0,0,1,0,0,0,0,0,1,0,0,0,0,https://www.imdb.com/title/tt0116289/?ref_=fn_ttl_ttl_1
1133,Escape to Witch Mountain (1975),01-Jan-1975,https://m.media-amazon.com/images/M/MV5BMDcwNjE2ZjgtN2U1YS00ZTNjLWI0Y2YtZDBlOTVkYzc3Y2E4XkEyXkFqcGc@..jpg,0,0,1,0,1,0,0,0,0,1,0,0,0,0,0,0,0,0,0,https://www.imdb.com/title/tt0072951/?ref_=fn_ttl_ttl_1
1134,Get on the Bus (1996),16-Oct-1996,https://m.media-amazon.com/images/M/MV5BMjI5NWYxOWYtNTI4NC00ZTI5LWE1N2UtMDY1YTk0NjBlOGZiXkEyXkFqcGc@..jpg,0,0,0,0,0,0,0,0,1,0,0,0,0,0,0,0,0,0,0,https://www.imdb.com/title/tt0116404/?ref_=fn_ttl_ttl_1
1135,"Doors, The (1991)",01-Jan-1991,https://m.media-amazon.com/images/M/MV5BM2JlMDYyYWEtMmY3Ny00ODgyLWFiMDMtZjFmNzQ3NzE3Njg5XkEyXkFqcGc@..jpg,0,0,0,0,0,0,0,0,1,0,0,0,1,0,0,0,0,0,0,https://www.imdb.com/title/tt0101761/?ref_=fn_ttl_ttl_1
1136,Ghosts of Mississippi (1996),20-Dec-1996,https://m.media-amazon.com/images/M/MV5BMmVlMWRlZjctNWM4YS00YTBiLWJhYjMtMmUxMDAzOGI1NWY0XkEyXkFqcGc@..jpg,0,0,0,0,0,0,0,0,1,0,0,0,0,0,0,0,0,0,0,https://www.imdb.com/title/tt0116410/?ref_=fn_ttl_ttl_1
1137,Beautiful Thing (1996),09-Oct-1996,https://m.media-amazon.com/images/M/MV5BYmQ3YWZkMGEtN2E3MC00ZGRjLWI3ZTMtY2YwYTQwZGM1ZjNhXkEyXkFqcGc@..jpg,0,0,0,0,0,0,0,0,1,0,0,0,0,0,1,0,0,0,0,https://www.imdb.com/title/tt0115640/?ref_=fn_ttl_ttl_1
1138,Best Men (1997),01-Sep-1997,https://m.media-amazon.com/images/M/MV5BMTkyNDg2NzM0N15BMl5BanBnXkFtZTcwMjEwMTAyMQ@@..jpg,0,1,0,0,0,1,1,0,1,0,0,0,0,0,0,0,0,0,0,https://www.imdb.com/title/tt0118702/?ref_=fn_ttl_ttl_1
1139,Hackers (1995),01-Jan-1995,https://m.media-amazon.com/images/M/MV5BOGZkZTc2ZjItNzIzMS00ODRlLTliNjgtZjRmNzM2NjkzZTU1XkEyXkFqcGc@..jpg,0,1,0,0,0,0,1,0,0,0,0,0,0,0,0,0,1,0,0,https://www.imdb.com/title/tt0113243/?ref_=fn_ttl_ttl_1
1140,"Road to Wellville, The (1994)",01-Jan-1994,https://m.media-amazon.com/images/M/MV5BNTUxM2JjYzAtM2Q3Ny00MDhiLTgxYjYtNWI5ZjRlZmY1YmM1XkEyXkFqcGc@..jpg,0,0,0,0,0,1,0,0,0,0,0,0,0,0,0,0,0,0,0,https://www.imdb.com/title/tt0111001/?ref_=fn_ttl_ttl_1
1141,"War Room, The (1993)",01-Jan-1993,https://m.media-amazon.com/images/M/MV5BZTI1NGI0ODQtODdkYS00YWQ2LThjMjItMzJiYjE4OTlhZTY2XkEyXkFqcGc@..jpg,0,0,0,0,0,0,0,1,0,0,0,0,0,0,0,0,0,0,0,https://www.imdb.com/title/tt0108515/?ref_=fn_ttl_ttl_1
1142,When We Were Kings (1996),14-Feb-1997,https://m.media-amazon.com/images/M/MV5BMTQ4NjU3MzI3NF5BMl5BanBnXkFtZTgwMjYyODU3MDI@..jpg,0,0,0,0,0,0,0,1,0,0,0,0,0,0,0,0,0,0,0,https://www.imdb.com/title/tt0118147/?ref_=fn_ttl_ttl_1
1143,Hard Eight (1996),28-Feb-1997,https://m.media-amazon.com/images/M/MV5BOWQyNjBiZWMtYzFjMS00ZDEzLWEyNTYtZGFiZDE4Mjk4M2E2XkEyXkFqcGc@..jpg,0,0,0,0,0,0,1,0,0,0,0,0,0,0,0,0,1,0,0,https://www.imdb.com/title/tt0119256/?ref_=fn_ttl_ttl_1
1144,"Quiet Room, The (1996)",02-May-1997,https://m.media-amazon.com/images/M/MV5BMTkzMTYzNzk1OV5BMl5BanBnXkFtZTcwMDU0NDQzMQ@@..jpg,0,0,0,0,0,0,0,0,1,0,0,0,0,0,0,0,0,0,0,https://www.imdb.com/title/tt0117422/?ref_=fn_ttl_ttl_1
1145,Blue Chips (1994),01-Jan-1994,https://m.media-amazon.com/images/M/MV5BYTIyNThiNjYtMzAzNi00ODVkLWExMWEtM2NjODVjODU4ZDQ1XkEyXkFqcGc@..jpg,0,0,0,0,0,0,0,0,1,0,0,0,0,0,0,0,0,0,0,https://www.imdb.com/title/tt0109305/?ref_=fn_ttl_ttl_1
1146,Calendar Girl (1993),01-Jan-1993,https://m.media-amazon.com/images/M/MV5BZTQ1NTZhYzAtZDAxZi00YTI4LTljMzEtN2E3Y2RlM2M0YjBmXkEyXkFqcGc@..jpg,0,0,0,0,0,0,0,0,1,0,0,0,0,0,0,0,0,0,0,https://www.imdb.com/title/tt0106505/?ref_=fn_ttl_ttl_1
1147,My Family (1995),01-Jan-1995,https://m.media-amazon.com/images/M/MV5BOTA5NzYzMzgtNTQ1ZC00NzU1LTg5YzYtYjMxZWRjYTAzZjc1XkEyXkFqcGc@..jpg,0,0,0,0,0,0,0,0,1,0,0,0,0,0,0,0,0,0,0,https://www.imdb.com/title/tt0113896/
1148,Tom & Viv (1994),01-Jan-1994,https://m.media-amazon.com/images/M/MV5BYjQyZjNmNmEtYzcwYS00MDYzLTg4ZDYtY2VjMTg1MDFmNzU1XkEyXkFqcGc@..jpg,0,0,0,0,0,0,0,0,1,0,0,0,0,0,0,0,0,0,0,https://www.imdb.com/title/tt0111454/?ref_=fn_ttl_ttl_1
1149,Walkabout (1971),20-Dec-1971,https://m.media-amazon.com/images/M/MV5BMTU1MDdmNzEtMWQ5YS00ZjRmLWJlZDgtOWYyZGIxOGQ1ZmVkXkEyXkFqcGc@..jpg,0,0,0,0,0,0,0,0,1,0,0,0,0,0,0,0,0,0,0,https://www.imdb.com/title/tt0067959/?ref_=fn_ttl_ttl_1
1150,Last Dance (1996),03-May-1996,https://m.media-amazon.com/images/M/MV5BZjc2MzZlMDUtZGM2Yi00OGZjLWI3ODAtMDhmY2FjNjkyMDZkXkEyXkFqcGc@..jpg,0,0,0,0,0,0,0,0,1,0,0,0,0,0,0,0,0,0,0,https://www.imdb.com/title/tt0116827/?ref_=fn_ttl_ttl_1
1151,Original Gangstas (1996),10-May-1996,https://m.media-amazon.com/images/M/MV5BNzFiYmI2ZTYtMDE4OS00NzY4LTlhN2UtNDE3YzEzMjgxMTI5XkEyXkFqcGc@..jpg,0,0,0,0,0,0,1,0,0,0,0,0,0,0,0,0,0,0,0,https://www.imdb.com/title/tt0117260/?ref_=fn_ttl_ttl_1
1152,In Love and War (1996),24-Jan-1997,https://m.media-amazon.com/images/M/MV5BMmQwNDlkYmUtZWY3NC00ZjNkLWE1MzUtM2M0ZmU4NDdiNjMwXkEyXkFqcGc@..jpg,0,0,0,0,0,0,0,0,0,0,0,0,0,0,1,0,0,1,0,https://www.imdb.com/title/tt0116621/?ref_=fn_ttl_ttl_1
1153,Backbeat (1993),01-Jan-1993,https://m.media-amazon.com/images/M/MV5BMzRiODVhZmQtNzk5NS00Yzk0LWExNjMtZDFhZDIzYzI1ODNiXkEyXkFqcGc@..jpg,0,0,0,0,0,0,0,0,1,0,0,0,1,0,0,0,0,0,0,https://www.imdb.com/title/tt0106339/?ref_=fn_ttl_ttl_1
1154,Alphaville (1965),01-Jan-1965,https://m.media-amazon.com/images/M/MV5BYjk3MmMwMjktMzg3NC00YmJiLTg2YjMtMGZkMDI0MzBiOTNkXkEyXkFqcGc@..jpg,0,0,0,0,0,0,0,0,0,0,0,0,0,0,0,1,0,0,0,https://www.imdb.com/title/tt0058898/?ref_=fn_ttl_ttl_1
1155,"Rendezvous in Paris (Rendez-vous de Paris, Les) (1995)",28-Jun-1996,https://m.media-amazon.com/images/M/MV5BN2RjNjk4NmYtMTc4NC00MmU3LWFiYzUtNjA3NDI4OGUwMWExXkEyXkFqcGc@..jpg,0,0,0,0,0,1,0,0,0,0,0,0,0,0,1,0,0,0,0,https://www.imdb.com/title/tt0114266/?ref_=fn_ttl_ttl_1
1156,Cyclo (1995),02-Aug-1996,https://m.media-amazon.com/images/M/MV5BOTEzODEwNGEtNmQ2Ny00YjgxLTgyZjMtMmY4MWVmNDllMGYxXkEyXkFqcGc@..jpg,0,0,0,0,0,0,1,0,1,0,0,0,0,0,0,0,0,0,0,https://www.imdb.com/title/tt0112767/?ref_=fn_ttl_ttl_1
1157,"Relic, The (1997)",17-Jan-1997,https://m.media-amazon.com/images/M/MV5BOTY4ZGE1ZjAtYTFiNi00Njc3LWJlNzctZDNkMDc1ZGM5MGZhXkEyXkFqcGc@..jpg,0,0,0,0,0,0,0,0,0,0,0,1,0,0,0,0,0,0,0,https://www.imdb.com/title/tt0120004/?ref_=fn_ttl_ttl_1
1158,"Fille seule, La (A Single Girl) (1995)",30-Oct-1996,https://m.media-amazon.com/images/M/MV5BZjc1ZTg2ZWItMTY0ZS00ODNlLWEyMzItMWIyYzA5YTI2ODc2XkEyXkFqcGc@..jpg,0,0,0,0,0,0,0,0,1,0,0,0,0,0,0,0,0,0,0,https://www.imdb.com/title/tt0113057/?ref_=fn_ttl_ttl_1
1159,Stalker (1979),01-Jan-1979,https://m.media-amazon.com/images/M/MV5BMDIzMDRiYjgtM2U1Yy00MjlhLTliODMtM2E5NDI5Njc3YmZkXkEyXkFqcGc@..jpg,0,0,0,0,0,0,0,0,0,0,0,0,0,1,0,1,0,0,0,https://www.imdb.com/title/tt0079944/?ref_=fn_ttl_ttl_1
1160,Love! Valour! Compassion! (1997),16-May-1997,https://m.media-amazon.com/images/M/MV5BMGU1NjExYWYtZDc1Zi00MWVhLWFlODEtZmI1NWE1OTk0YmVlXkEyXkFqcGc@..jpg,0,0,0,0,0,0,0,0,1,0,0,0,0,0,1,0,0,0,0,https://www.imdb.com/title/tt0119578/?ref_=fn_ttl_ttl_1
1161,Palookaville (1996),25-Oct-1996,https://m.media-amazon.com/images/M/MV5BMDUyYTdhOGItYmI0MS00NThjLWEyYmYtZDNlYmQ0MjlhODk3XkEyXkFqcGc@..jpg,0,1,0,0,0,0,0,0,1,0,0,0,0,0,0,0,0,0,0,https://www.imdb.com/title/tt0117284/?ref_=fn_ttl_ttl_1
1162,Phat Beach (1996),02-Aug-1996,https://m.media-amazon.com/images/M/MV5BYTk3YzZmZDMtZjJlMi00MzFiLWE4YzktY2MzMDBkNTYwODYyXkEyXkFqcGc@..jpg,0,0,0,0,0,1,0,0,0,0,0,0,0,0,0,0,0,0,0,https://www.imdb.com/title/tt0117332/?ref_=fn_ttl_ttl_1
1163,"Portrait of a Lady, The (1996)",27-Dec-1996,https://m.media-amazon.com/images/M/MV5BZDA1NGM2NDAtODQwZC00YmQ5LTlkMmYtNmMwNDcyNmZiZTJlXkEyXkFqcGc@..jpg,0,0,0,0,0,0,0,0,1,0,0,0,0,0,0,0,0,0,0,https://www.imdb.com/title/tt0117364/?ref_=fn_ttl_ttl_1
1164,Zeus and Roxanne (1997),10-Jan-1997,https://m.media-amazon.com/images/M/MV5BZWQ0OWZiZTgtMWI0Ni00NTRlLWI0MmMtNWI4MGRiYTBlZDM2XkEyXkFqcGc@..jpg,0,0,0,0,1,0,0,0,0,0,0,0,0,0,0,0,0,0,0,https://www.imdb.com/title/tt0120550/?ref_=fn_ttl_ttl_1
1165,Big Bully (1996),01-Jan-1996,https://m.media-amazon.com/images/M/MV5BYTFmNTI5MGItMGMxZi00NjM2LWE0ZTUtMzQyMmVlOWMwZTJkXkEyXkFqcGc@..jpg,0,0,0,0,0,1,0,0,1,0,0,0,0,0,0,0,0,0,0,https://www.imdb.com/title/tt0115676/?ref_=fn_ttl_ttl_1
1166,Love & Human Remains (1993),01-Jan-1993,https://m.media-amazon.com/images/M/MV5BZDZmMjgwYmQtODczNi00OTM3LWJiZjUtNGM0ZjhkYjE3MGNiXkEyXkFqcGc@..jpg,0,0,0,0,0,1,0,0,0,0,0,0,0,0,0,0,0,0,0,https://www.imdb.com/title/tt0107447/?ref_=fn_ttl_ttl_1
1167,"Sum of Us, The (1994)",01-Jan-1994,https://m.media-amazon.com/images/M/MV5BNTMzYWJjYjUtY2I0MS00YzJjLWIxYjEtYTRjNWM2MTQxOWQwXkEyXkFqcGc@..jpg,0,0,0,0,0,1,0,0,0,0,0,0,0,0,0,0,0,0,0,https://www.imdb.com/title/tt0111309/?ref_=fn_ttl_ttl_1
1168,Little Buddha (1993),01-Jan-1993,https://m.media-amazon.com/images/M/MV5BMTBmMzk1ZDQtNzRlZS00ZWYyLTlmNjYtNDMxMDIzMWJjNjg1XkEyXkFqcGc@..jpg,0,0,0,0,0,0,0,0,1,0,0,0,0,0,0,0,0,0,0,https://www.imdb.com/title/tt0107426/?ref_=fn_ttl_ttl_1
1169,Fresh (1994),01-Jan-1994,https://m.media-amazon.com/images/M/MV5BNDBiMGM3OWYtMmFlOS00Y2RlLTg4YzQtZTA2MTYzNzY4MGY5XkEyXkFqcGc@..jpg,0,0,0,0,0,0,0,0,1,0,0,0,0,0,0,0,0,0,0,https://www.imdb.com/title/tt0109842/?ref_=fn_ttl_ttl_1
1170,Spanking the Monkey (1994),01-Jan-1994,https://m.media-amazon.com/images/M/MV5BZTFkZmE4ZmMtZWE4Ny00ZmY5LTg2M2ItNThjMjE2Njc1MzJhXkEyXkFqcGc@..jpg,0,0,0,0,0,1,0,0,1,0,0,0,0,0,0,0,0,0,0,https://www.imdb.com/title/tt0111252/?ref_=fn_ttl_ttl_1
1171,Wild Reeds (1994),01-Jan-1994,https://m.media-amazon.com/images/M/MV5BYWZhNDQ4NWQtZWVjNi00MDNiLTkyOTYtMjA1M2YyODVhNTU2XkEyXkFqcGc@..jpg,0,0,0,0,0,0,0,0,1,0,0,0,0,0,0,0,0,0,0,https://www.imdb.com/title/tt0111019/?ref_=fn_ttl_ttl_1
1172,"Women, The (1939)",01-Jan-1939,https://m.media-amazon.com/images/M/MV5BN2U5NDc3MzYtNDM4Ni00NDA5LWI5OGEtN2ExMDA0YjhmMGQ2XkEyXkFqcGc@..jpg,0,0,0,0,0,1,0,0,0,0,0,0,0,0,0,0,0,0,0,https://www.imdb.com/title/tt0032143/?ref_=fn_ttl_ttl_1
1173,Bliss (1997),06-Jun-1997,https://m.media-amazon.com/images/M/MV5BMmVkMmMwNmMtZjA4OC00M2RjLWIwZTEtM2JmZmNmMTcwYzQ0XkEyXkFqcGc@..jpg,0,0,0,0,0,0,0,0,1,0,0,0,0,0,1,0,0,0,0,https://www.imdb.com/title/tt0118742/?ref_=fn_ttl_ttl_1
1174,Caught (1996),27-Sep-1996,https://m.media-amazon.com/images/M/MV5BZTBiNTk1NDUtOGE2Zi00YWNjLTg0ZmUtMTI4ZTk5ZGZmZmViXkEyXkFqcGc@..jpg,0,0,0,0,0,0,0,0,1,0,0,0,0,0,0,0,1,0,0,https://www.imdb.com/title/tt0115847/?ref_=fn_ttl_ttl_1
1175,Hugo Pool (1997),01-Jan-1997,https://m.media-amazon.com/images/M/MV5BY2ExN2QyZDctOWIyZi00OGQ5LTk4ODMtMjE2MTIxYjdlYjM3XkEyXkFqcGc@..jpg,0,0,0,0,0,0,0,0,0,0,0,0,0,0,1,0,0,0,0,https://www.imdb.com/title/tt0119327/?ref_=fn_ttl_ttl_1
1176,Welcome To Sarajevo (1997),01-Jan-1997,https://m.media-amazon.com/images/M/MV5BOWQ0MmY1MzgtNWM4OC00ODY4LTkwZjAtY2JlMDQ2NGViYzA0XkEyXkFqcGc@..jpg,0,0,0,0,0,0,0,0,1,0,0,0,0,0,0,0,0,1,0,https://www.imdb.com/title/tt0120490/?ref_=fn_ttl_ttl_1
1177,Dunston Checks In (1996),01-Jan-1996,https://m.media-amazon.com/images/M/MV5BYTkxZDlkNGUtNzFhMC00MWNkLTg4ZmMtMDFhZjNkOWQ1ZDdhXkEyXkFqcGc@..jpg,0,0,0,0,0,1,0,0,0,0,0,0,0,0,0,0,0,0,0,https://www.imdb.com/title/tt0116151/?ref_=fn_ttl_ttl_1
1178,Major Payne (1994),01-Jan-1994,https://m.media-amazon.com/images/M/MV5BYTY5MGUxNjUtM2VjNy00MWQxLTg0NjEtMGU4NTZiYjhlOGJlXkEyXkFqcGc@..jpg,0,0,0,0,0,1,0,0,0,0,0,0,0,0,0,0,0,0,0,https://www.imdb.com/title/tt0110443/?ref_=fn_ttl_ttl_1
1179,Man of the House (1995),01-Jan-1995,https://m.media-amazon.com/images/M/MV5BOTQ4OGVlYTgtNWRkNi00ZjQ2LTlmODQtMDg3NzIxMmM5N2JmXkEyXkFqcGc@..jpg,0,0,0,0,0,1,0,0,0,0,0,0,0,0,0,0,0,0,0,https://www.imdb.com/title/tt0113755/?ref_=fn_ttl_ttl_1
1180,I Love Trouble (1994),01-Jan-1994,https://m.media-amazon.com/images/M/MV5BOTFlZWEzM2QtN2NhYy00NjY4LWFkZWEtYWM1MWI2ZGM3NDhkXkEyXkFqcGc@..jpg,0,1,0,0,0,1,0,0,0,0,0,0,0,0,0,0,0,0,0,https://www.imdb.com/title/tt0110093/?ref_=fn_ttl_ttl_1
1181,"Low Down Dirty Shame, A (1994)",01-Jan-1994,https://m.media-amazon.com/images/M/MV5BNWUxMmY5YzItNzVkMy00NTVhLTliYmEtZjdhOWE4ZGM2OTU1XkEyXkFqcGc@..jpg,0,1,0,0,0,1,0,0,0,0,0,0,0,0,0,0,0,0,0,https://www.imdb.com/title/tt0110399/?ref_=fn_ttl_ttl_1
1182,Cops and Robbersons (1994),01-Jan-1994,https://m.media-amazon.com/images/M/MV5BNDhlY2U0MzUtMGI0Mi00YjkxLWIxOGItM2Q0OGNkYTRmZDBkXkEyXkFqcGc@..jpg,0,0,0,0,0,1,0,0,0,0,0,0,0,0,0,0,0,0,0,https://www.imdb.com/title/tt0109480/?ref_=fn_ttl_ttl_1
1183,"Cowboy Way, The (1994)",01-Jan-1994,https://m.media-amazon.com/images/M/MV5BNmViNWVmNGEtZWFiZS00NDAzLWFlZjItYjhmMDJkODhlNjBjXkEyXkFqcGc@..jpg,0,1,0,0,0,1,0,0,0,0,0,0,0,0,0,0,0,0,0,https://www.imdb.com/title/tt0109493/?ref_=fn_ttl_ttl_1
1184,"Endless Summer 2, The (1994)",01-Jan-1994,https://m.media-amazon.com/images/M/MV5BZjA5MzNlZTEtMzEzNy00YzIyLWE5OWUtMmY2M2Q1ZGRkYzc2XkEyXkFqcGc@..jpg,0,0,0,0,0,0,0,1,0,0,0,0,0,0,0,0,0,0,0,https://www.imdb.com/title/tt0109729/?ref_=fn_ttl_ttl_1
1185,In the Army Now (1994),01-Jan-1994,https://m.media-amazon.com/images/M/MV5BYjliOGJmOTAtNTQ1My00NzQ0LWE2MTMtOWYwOWM2NDU1YTU3XkEyXkFqcGc@..jpg,0,0,0,0,0,1,0,0,0,0,0,0,0,0,0,0,0,1,0,https://www.imdb.com/title/tt0110123/?ref_=fn_ttl_ttl_1
1186,"Inkwell, The (1994)",01-Jan-1994,https://m.media-amazon.com/images/M/MV5BZGE0MGM1ZjMtMzlmNi00ZDg5LTk4MDQtNDkwNDY1YzllNGQxXkEyXkFqcGc@..jpg,0,0,0,0,0,1,0,0,1,0,0,0,0,0,0,0,0,0,0,https://www.imdb.com/title/tt0110137/?ref_=fn_ttl_ttl_1
1187,Switchblade Sisters (1975),17-May-1975,https://m.media-amazon.com/images/M/MV5BMTJlMTFkZjAtNzBhYS00NDI2LTgzNzAtNDdmNzk1ODJlN2U0XkEyXkFqcGc@..jpg,0,0,0,0,0,0,1,0,0,0,0,0,0,0,0,0,0,0,0,https://www.imdb.com/title/tt0073778/?ref_=fn_ttl_ttl_1
1188,Young Guns II (1990),01-Jan-1990,https://m.media-amazon.com/images/M/MV5BNmQxZDExMWUtMTcwNi00OGIwLWI0MzktOGU4MDZhZmFmYzdkXkEyXkFqcGc@..jpg,0,1,0,0,0,1,0,0,0,0,0,0,0,0,0,0,0,0,1,https://www.imdb.com/title/tt0100994/?ref_=fn_ttl_ttl_1
1189,Prefontaine (1997),24-Jan-1997,https://m.media-amazon.com/images/M/MV5BMTk2MzE0NjQ0Nl5BMl5BanBnXkFtZTcwMzUxMjkxMQ@@..jpg,0,0,0,0,0,0,0,0,1,0,0,0,0,0,0,0,0,0,0,https://www.imdb.com/title/tt0119937/?ref_=fn_ttl_ttl_1
1190,That Old Feeling (1997),04-Apr-1997,https://m.media-amazon.com/images/M/MV5BNjg0ZTg5NTUtMWU4MC00MGYyLTlmODMtYmExMjBiYjJhNWIxXkEyXkFqcGc@..jpg,0,0,0,0,0,1,0,0,0,0,0,0,0,0,1,0,0,0,0,https://www.imdb.com/title/tt0120318/?ref_=fn_ttl_ttl_1
1191,"Letter From Death Row, A (1998)",01-Feb-1998,https://m.media-amazon.com/images/M/MV5BMTAwNjk2MTUzNTReQTJeQWpwZ15BbWU3MDAwNzMxNDE@..jpg,0,0,0,0,0,0,1,0,1,0,0,0,0,0,0,0,0,0,0,https://www.imdb.com/title/tt0119521/?ref_=fn_ttl_ttl_1
1192,"Boys of St. Vincent, The (1993)",01-Jan-1993,,0,0,0,0,0,0,0,0,1,0,0,0,0,0,0,0,0,0,0,https://www.imdb.com/title/tt1382187/?ref_=fn_ttl_ttl_1
1193,Before the Rain (Pred dozhdot) (1994),01-Jan-1994,https://m.media-amazon.com/images/M/MV5BNmYwMmU4ZGQtMjA0YS00NjQ2LThlMzMtNzQ5NTEwNjA5MmJlXkEyXkFqcGc@..jpg,0,0,0,0,0,0,0,0,1,0,0,0,0,0,0,0,0,0,0,https://www.imdb.com/title/tt0110882/?ref_=fn_ttl_ttl_1
1194,Once Were Warriors (1994),01-Jan-1994,https://m.media-amazon.com/images/M/MV5BOTdjYzZiZjMtMzk1MC00MDczLWIxNWEtMjk1ZDMxMzNlZDE2XkEyXkFqcGc@..jpg,0,0,0,0,0,0,1,0,1,0,0,0,0,0,0,0,0,0,0,https://www.imdb.com/title/tt0110729/?ref_=fn_ttl_ttl_1
1195,Strawberry and Chocolate (Fresa y chocolate) (1993),01-Jan-1993,https://m.media-amazon.com/images/M/MV5BNTNmMmRmZDMtYmViZC00YjBhLTgwZWMtODY3M2U2ZDE5NDYzXkEyXkFqcGc@..jpg,0,0,0,0,0,0,0,0,1,0,0,0,0,0,0,0,0,0,0,https://www.imdb.com/title/tt0106966/?ref_=fn_ttl_ttl_1
1196,"Savage Nights (Nuits fauves, Les) (1992)",01-Jan-1992,https://m.media-amazon.com/images/M/MV5BYTQ1ZjZlNTAtZDk3OS00OGU0LWE3Y2ItNDMzZjNmNzI1NWNjXkEyXkFqcGc@..jpg,0,0,0,0,0,0,0,0,1,0,0,0,0,0,0,0,0,0,0,https://www.imdb.com/title/tt0105032/?ref_=fn_ttl_ttl_1
1197,"Family Thing, A (1996)",23-Mar-1996,https://m.media-amazon.com/images/M/MV5BMWRlODQ3OGEtNTZiNC00NjFlLWEzODktYWE3YTg1YTI1NGNhXkEyXkFqcGc@..jpg,0,0,0,0,0,1,0,0,1,0,0,0,0,0,0,0,0,0,0,https://www.imdb.com/title/tt0116275/?ref_=fn_ttl_ttl_1
1198,Purple Noon (1960),28-Jun-1960,https://m.media-amazon.com/images/M/MV5BZjEyYWE3ZGItNDFkMy00MzBmLWFlNTEtYzQ3MDRjN2FkZGUxXkEyXkFqcGc@..jpg,0,0,0,0,0,0,1,0,0,0,0,0,0,0,0,0,1,0,0,https://www.imdb.com/title/tt0054189/?ref_=fn_ttl_ttl_1
1199,Cemetery Man (Dellamorte Dellamore) (1994),12-Apr-1996,https://m.media-amazon.com/images/M/MV5BODM0YWMxYzktZjYzNy00M2IxLWFhN2YtMGNjNjZkMGQ5ZDlhXkEyXkFqcGc@..jpg,0,0,0,0,0,1,0,0,0,0,0,1,0,0,0,0,0,0,0,https://www.imdb.com/title/tt0109592/
1200,Kim (1950),01-Jan-1950,https://m.media-amazon.com/images/M/MV5BYjNlMjE3ZWMtYzNmMC00MGYwLTg4ODYtYTAyYzc3ODUzZjM1XkEyXkFqcGc@..jpg,0,0,0,0,1,0,0,0,1,0,0,0,0,0,0,0,0,0,0,https://www.imdb.com/title/tt0042644/?ref_=fn_ttl_ttl_1
1201,Marlene Dietrich: Shadow and Light (1996),02-Apr-1996,,0,0,0,0,0,0,0,1,0,0,0,0,0,0,0,0,0,0,0,https://www.imdb.com/title/tt0116992/
1202,"Maybe, Maybe Not (Bewegte Mann, Der) (1994)",19-Jul-1996,https://m.media-amazon.com/images/M/MV5BZjhmNzBjN2UtMjQzMy00ODA5LTg5M2EtODkwZmE3Yzc1YTY2XkEyXkFqcGc@..jpg,0,0,0,0,0,1,0,0,0,0,0,0,0,0,0,0,0,0,0,https://www.imdb.com/title/tt0109255/?ref_=fn_ttl_ttl_1
1203,Top Hat (1935),01-Jan-1935,https://m.media-amazon.com/images/M/MV5BYzUzZWE4NzctYzlkYS00NDkwLTljYjMtNWQwMDY4NGExZmJkXkEyXkFqcGc@..jpg,0,0,0,0,0,1,0,0,0,0,0,0,1,0,1,0,0,0,0,https://www.imdb.com/title/tt0027125/?ref_=fn_ttl_ttl_1
1204,To Be or Not to Be (1942),01-Jan-1942,https://m.media-amazon.com/images/M/MV5BMTA5OTRkZGUtNDhhOS00OThmLTgwZWYtZGZkM2M4YjZhNzc5XkEyXkFqcGc@..jpg,0,0,0,0,0,1,0,0,1,0,0,0,0,0,0,0,0,1,0,https://www.imdb.com/title/tt0035446/?ref_=fn_ttl_ttl_1
1205,"Secret Agent, The (1996)",08-Nov-1996,https://m.media-amazon.com/images/M/MV5BOTJkMzZhZDktYzhkZS00ZjBjLTk0ZGMtMGU3YjAxNTRmNGM4XkEyXkFqcGc@..jpg,0,0,0,0,0,0,0,0,1,0,0,0,0,0,0,0,0,0,0,https://www.imdb.com/title/tt0117582/?ref_=fn_ttl_ttl_1
1206,Amos & Andrew (1993),01-Jan-1993,https://m.media-amazon.com/images/M/MV5BNWE3ODk2YmEtNDhiMC00OTE0LWIyNzctYjkxZDllNjY1NzIyXkEyXkFqcGc@..jpg,0,0,0,0,0,1,0,0,0,0,0,0,0,0,0,0,0,0,0,https://www.imdb.com/title/tt0106266/?ref_=fn_ttl_ttl_1
1207,Jade (1995),01-Jan-1995,https://m.media-amazon.com/images/M/MV5BZGZjNjZjY2QtYjJkNC00OTVmLWJiN2QtYjRiZGQyMDZlYjI4XkEyXkFqcGc@..jpg,0,0,0,0,0,0,0,0,0,0,0,0,0,0,0,0,1,0,0,https://www.imdb.com/title/tt0113451/?ref_=fn_ttl_ttl_1
1208,Kiss of Death (1995),01-Jan-1995,https://m.media-amazon.com/images/M/MV5BNWYxNGZjMDgtOWRjMC00NTYwLWIwZjAtNjJlYmQ3MmZmOWQzXkEyXkFqcGc@..jpg,0,0,0,0,0,0,1,0,1,0,0,0,0,0,0,0,1,0,0,https://www.imdb.com/title/tt0113552/?ref_=fn_ttl_ttl_1
1209,Mixed Nuts (1994),01-Jan-1994,https://m.media-amazon.com/images/M/MV5BNTFjZWNlN2EtMDNhNC00MTBkLWI3ZTUtMjZiM2VkNGRlMTJkXkEyXkFqcGc@..jpg,0,0,0,0,0,1,0,0,0,0,0,0,0,0,0,0,0,0,0,https://www.imdb.com/title/tt0110538/?ref_=fn_ttl_ttl_1
1210,Virtuosity (1995),01-Jan-1995,https://m.media-amazon.com/images/M/MV5BYzUwM2NkYzctYzUzOC00NGE5LTgyNWYtZmQ1MmI4MWVjZGUxXkEyXkFqcGc@..jpg,0,0,0,0,0,0,0,0,0,0,0,0,0,0,0,1,1,0,0,https://www.imdb.com/title/tt0114857/?ref_=fn_ttl_ttl_1
1211,Blue Sky (1994),01-Jan-1994,https://m.media-amazon.com/images/M/MV5BYjMxYTUyMGYtZWJjNS00NzI1LTkzOTItOTQ2YjU2OTc3NzA2XkEyXkFqcGc@..jpg,0,0,0,0,0,0,0,0,1,0,0,0,0,0,1,0,0,0,0,https://www.imdb.com/title/tt0109306/?ref_=fn_ttl_ttl_1
1212,Flesh and Bone (1993),01-Jan-1993,https://m.media-amazon.com/images/M/MV5BMzE5OTlmM2QtZjlhZS00ZjE2LTg2ZDUtMGNkODQwOWNlNGJiXkEyXkFqcGc@..jpg,0,0,0,0,0,0,0,0,1,0,0,0,0,1,1,0,0,0,0,https://www.imdb.com/title/tt0106926/?ref_=fn_ttl_ttl_1
1213,Guilty as Sin (1993),01-Jan-1993,https://m.media-amazon.com/images/M/MV5BZTBmNDRlMTYtNjViZS00ODA5LWI4YTMtNGEwYWI1MTNhM2VmXkEyXkFqcGc@..jpg,0,0,0,0,0,0,1,0,1,0,0,0,0,0,0,0,1,0,0,https://www.imdb.com/title/tt0107057/
1214,In the Realm of the Senses (Ai no corrida) (1976),08-Mar-1976,https://m.media-amazon.com/images/M/MV5BZmJlYjVjMzgtM2U2OC00NDU4LTkyODUtOGY0NjBmMTI4NTQzXkEyXkFqcGc@..jpg,0,0,0,0,0,0,0,0,1,0,0,0,0,0,0,0,0,0,0,https://www.imdb.com/title/tt0074102/?ref_=fn_ttl_ttl_1
1215,Barb Wire (1996),03-May-1996,https://m.media-amazon.com/images/M/MV5BOTVlNGQ5YTEtNzdkZi00MzRkLTk4NGUtMGYyNTkzMjU0MmIyXkEyXkFqcGc@..jpg,0,1,0,0,0,0,0,0,0,0,0,0,0,0,0,1,0,0,0,https://www.imdb.com/title/tt0115624/?ref_=fn_ttl_ttl_1
1216,Kissed (1996),18-Apr-1997,https://m.media-amazon.com/images/M/MV5BNjQyMDdkMWQtNWFjYS00YTJjLTk3N2EtNjRkZjMzNTA5ZTFiXkEyXkFqcGc@..jpg,0,0,0,0,0,0,0,0,0,0,0,0,0,0,1,0,0,0,0,https://www.imdb.com/title/tt0116783/?ref_=fn_ttl_ttl_1
1217,Assassins (1995),01-Jan-1995,https://m.media-amazon.com/images/M/MV5BYjRmZDUzZTctMzkyMi00ZDY1LTk2MDgtMDI0MTM4ZTYzOWI4XkEyXkFqcGc@..jpg,0,0,0,0,0,0,0,0,0,0,0,0,0,0,0,0,1,0,0,https://www.imdb.com/title/tt0112401/?ref_=fn_ttl_ttl_1
1218,Friday (1995),01-Jan-1995,https://m.media-amazon.com/images/M/MV5BMWI3MmM2MTItN2MxZS00Y2NhLWE5ZWEtMzU3YWNiNmU3NmFmXkEyXkFqcGc@..jpg,0,0,0,0,0,1,0,0,0,0,0,0,0,0,0,0,0,0,0,https://www.imdb.com/title/tt0113118/?ref_=fn_ttl_ttl_1
1219,"Goofy Movie, A (1995)",01-Jan-1995,https://m.media-amazon.com/images/M/MV5BY2Q0OTFmMWMtMjEyNC00YWE3LTg1MGEtM2JmZGFlM2E1YWMzXkEyXkFqcGc@..jpg,0,0,0,1,1,1,0,0,0,0,0,0,0,0,1,0,0,0,0,https://www.imdb.com/title/tt0113198/?ref_=fn_ttl_ttl_1
1220,Higher Learning (1995),01-Jan-1995,https://m.media-amazon.com/images/M/MV5BOTkzMmJiOTEtZDU1MC00NjQzLTk1OTQtOTQzNDVkMjYwNWQ3XkEyXkFqcGc@..jpg,0,0,0,0,0,0,0,0,1,0,0,0,0,0,0,0,0,0,0,https://www.imdb.com/title/tt0113305/?ref_=fn_ttl_ttl_1
1221,When a Man Loves a Woman (1994),01-Jan-1994,https://m.media-amazon.com/images/M/MV5BZGQ0MzgyZjEtMmI1NC00ODk3LTk5YTktNGMxNzkxN2FhNWNmXkEyXkFqcGc@..jpg,0,0,0,0,0,0,0,0,1,0,0,0,0,0,0,0,0,0,0,https://www.imdb.com/title/tt0111693/?ref_=fn_ttl_ttl_1
1222,Judgment Night (1993),01-Jan-1993,https://m.media-amazon.com/images/M/MV5BZmQzMDMwNWYtMDA5OC00ODE1LWFkNWEtNDJiNzU1ODk1N2I3XkEyXkFqcGc@..jpg,0,1,0,0,0,0,0,0,0,0,0,0,0,0,0,0,0,0,0,https://www.imdb.com/title/tt0107286/?ref_=fn_ttl_ttl_1
1223,King of the Hill (1993),01-Jan-1993,https://m.media-amazon.com/images/M/MV5BMWM4NzNjZTItZGU4Yy00NmIwLTg3NGQtNjJjZmUzZTU0MGY2XkEyXkFqcGc@..jpg,0,0,0,0,0,0,0,0,1,0,0,0,0,0,0,0,0,0,0,https://www.imdb.com/title/tt0107322/?ref_=fn_ttl_ttl_1
1224,"Scout, The (1994)",01-Jan-1994,https://m.media-amazon.com/images/M/MV5BMzFhZWE5NjgtNDNkNy00MGVhLWI2NjQtZThjZTk4ODg0Y2JiXkEyXkFqcGc@..jpg,0,0,0,0,0,0,0,0,1,0,0,0,0,0,0,0,0,0,0,https://www.imdb.com/title/tt0111094/?ref_=fn_ttl_ttl_1
1225,Angus (1995),01-Jan-1995,https://m.media-amazon.com/images/M/MV5BNzcyZmM3YWMtNzYzMC00N2NiLTgzMWUtYjIzZWEyNzZlMWFiXkEyXkFqcGc@..jpg,0,0,0,0,0,1,0,0,0,0,0,0,0,0,0,0,0,0,0,https://www.imdb.com/title/tt0112368/?ref_=fn_ttl_ttl_1
1226,Night Falls on Manhattan (1997),16-May-1997,https://m.media-amazon.com/images/M/MV5BZTFlNDk4YjktZGEwNC00MTExLThiYmYtZGM0ZDkxNGZkNWRjXkEyXkFqcGc@..jpg,0,0,0,0,0,0,1,0,1,0,0,0,0,0,0,0,0,0,0,https://www.imdb.com/title/tt0119783/?ref_=fn_ttl_ttl_1
1227,"Awfully Big Adventure, An (1995)",01-Jan-1995,https://m.media-amazon.com/images/M/MV5BOGVhMWE5NzAtYTVmZC00OGFmLWEyOTUtNWE5MjUzNDVjZmE3XkEyXkFqcGc@..jpg,0,0,0,0,0,0,0,0,1,0,0,0,0,0,0,0,0,0,0,https://www.imdb.com/title/tt0112427/?ref_=fn_ttl_ttl_1
1228,Under Siege 2: Dark Territory (1995),01-Jan-1995,https://m.media-amazon.com/images/M/MV5BN2YwOGZiYmUtZjUxMy00YWE5LWEwOGMtYmVjM2QyODFkN2I1XkEyXkFqcGc@..jpg,0,1,0,0,0,0,0,0,0,0,0,0,0,0,0,0,0,0,0,https://www.imdb.com/title/tt0114781/?ref_=fn_ttl_ttl_1
1229,Poison Ivy II (1995),01-Jan-1995,https://m.media-amazon.com/images/M/MV5BMzA4NWNmYzYtY2U5Ny00ZDMxLWE0OGUtMDgzMjhmMzY4NDJhXkEyXkFqcGc@..jpg,0,0,0,0,0,0,0,0,1,0,0,0,0,0,0,0,1,0,0,https://www.imdb.com/title/tt0119908/?ref_=fn_ttl_ttl_1
1230,Ready to Wear (Pret-A-Porter) (1994),01-Jan-1994,https://m.media-amazon.com/images/M/MV5BYmZkOWZlYTctY2FlYi00YWU2LWJkYjAtOWNhYzM0ZjVmMTA1XkEyXkFqcGc@..jpg,0,0,0,0,0,1,0,0,0,0,0,0,0,0,0,0,0,0,0,https://www.imdb.com/title/tt0110907/?ref_=fn_ttl_ttl_1
1231,Marked for Death (1990),01-Jan-1990,https://m.media-amazon.com/images/M/MV5BN2Q3ZjI4OWItOGYzYi00YThiLTllNTgtMGYxNTg3NmVmYjMxXkEyXkFqcGc@..jpg,0,1,0,0,0,0,0,0,1,0,0,0,0,0,0,0,0,0,0,https://www.imdb.com/title/tt0100114/?ref_=fn_ttl_ttl_1
1232,Madonna: Truth or Dare (1991),01-Jan-1991,https://m.media-amazon.com/images/M/MV5BYjliZDQ2MzMtZDE3ZC00ZTA4LWE5OWEtMGI1N2RiOGFmMmEzXkEyXkFqcGc@..jpg,0,0,0,0,0,0,0,1,0,0,0,0,0,0,0,0,0,0,0,https://www.imdb.com/title/tt0102370/?ref_=fn_ttl_ttl_1
1233,N�nette et Boni (1996),01-Jan-1996,https://m.media-amazon.com/images/M/MV5BMjQ4NjQyNGEtMDNiZi00YmQ0LWI2ZWYtNDc4MjlkZjc4MDBlXkEyXkFqcGc@..jpg,0,0,0,0,0,0,0,0,1,0,0,0,0,0,0,0,0,0,0,https://www.imdb.com/title/tt0117221/?ref_=fn_ttl_ttl_1
1234,Chairman of the Board (1998),01-Jan-1998,https://m.media-amazon.com/images/M/MV5BZTg2MWVlODYtNDI4Ni00ZWM4LWEzNDQtMDZlM2ZlZTA3OWE4XkEyXkFqcGc@..jpg,0,0,0,0,0,1,0,0,0,0,0,0,0,0,0,0,0,0,0,https://www.imdb.com/title/tt0118836/?ref_=fn_ttl_ttl_1
1235,"Big Bang Theory, The (1994)",01-Jan-1994,https://m.media-amazon.com/images/M/MV5BMTI5NDUxNDU4OF5BMl5BanBnXkFtZTcwNDk1NjM1Mw@@..jpg,0,0,0,0,0,0,1,0,0,0,0,0,0,0,0,0,0,0,0,https://www.imdb.com/title/tt1415283/?ref_=fn_ttl_ttl_1
1236,"Other Voices, Other Rooms (1997)",01-Jan-1997,https://m.media-amazon.com/images/M/MV5BNDkxZDU3OTktYzQ3ZC00ODhhLTk1OTQtYjI0YzA5ZTQ4MDc4XkEyXkFqcGc@..jpg,0,0,0,0,0,0,0,0,1,0,0,0,0,0,0,0,0,0,0,https://www.imdb.com/title/tt0119845/?ref_=fn_ttl_ttl_1
1237,Twisted (1996),01-Jan-1996,https://m.media-amazon.com/images/M/MV5BMTUzMjM1NzkyN15BMl5BanBnXkFtZTcwMDYzNjEzMQ@@..jpg,0,0,0,0,0,1,0,0,1,0,0,0,0,0,0,0,0,0,0,https://www.imdb.com/title/tt0117994/?ref_=fn_ttl_ttl_1
1238,Full Speed (1996),01-Jan-1996,https://m.media-amazon.com/images/M/MV5BMDgxMTRiOTQtYTYyMy00YTAzLWE4ODAtOGE3YWFjMmZhMDZhXkEyXkFqcGc@..jpg,0,0,0,0,0,0,0,0,1,0,0,0,0,0,0,0,0,0,0,https://www.imdb.com/title/tt0118230/?ref_=fn_ttl_ttl_1
1239,Cutthroat Island (1995),01-Jan-1995,https://m.media-amazon.com/images/M/MV5BZTQ3OWY2NTctOTAyNS00MThjLTgyZjEtNzgzZGNiZDNhODUyXkEyXkFqcGc@..jpg,0,1,1,0,0,0,0,0,0,0,0,0,0,0,1,0,0,0,0,https://www.imdb.com/title/tt0112760/?ref_=fn_ttl_ttl_1
1240,Ghost in the Shell (Kokaku kidotai) (1995),12-Apr-1996,https://m.media-amazon.com/images/M/MV5BNzljMjA3MTQtMjM1OS00OGJjLWJiYzctZDRiMTk1NWI5YzQ5XkEyXkFqcGc@..jpg,0,0,0,1,0,0,0,0,0,0,0,0,0,0,0,1,0,0,0,https://www.imdb.com/title/tt0113568/?ref_=fn_ttl_ttl_1
1241,"Van, The (1996)",27-Jun-1997,https://m.media-amazon.com/images/M/MV5BYWRlMWZhZDAtMjRkNy00ODUwLTlkNGQtMWNkY2YyMzE5ZTFmXkEyXkFqcGc@..jpg,0,0,0,0,0,1,0,0,1,0,0,0,0,0,0,0,0,0,0,https://www.imdb.com/title/tt0118064/?ref_=fn_ttl_ttl_1
1242,"Old Lady Who Walked in the Sea, The (Vieille qui marchait dans la mer, La) (1991)",01-Jan-1991,https://m.media-amazon.com/images/M/MV5BYTY2OWI1NmEtN2FmMi00ZWEwLWJlYjEtZmVmN2NiMjJmZmU5XkEyXkFqcGc@..jpg,0,0,0,0,0,1,0,0,0,0,0,0,0,0,0,0,0,0,0,https://www.imdb.com/title/tt0103207/
1243,Night Flier (1997),06-Feb-1998,https://m.media-amazon.com/images/M/MV5BYTZhM2JmMmMtZDIwYy00OTM2LTkxZTgtMWExMWMxYThhNDQ1XkEyXkFqcGc@..jpg,0,0,0,0,0,0,0,0,0,0,0,1,0,0,0,0,0,0,0,https://www.imdb.com/title/tt0119784/?ref_=fn_ttl_ttl_1
1244,Metro (1997),17-Jan-1997,https://m.media-amazon.com/images/M/MV5BZTBjOWE4ZmUtNGYwMy00OTZiLTk2ZjAtODE5ODUwYjRiZTBhXkEyXkFqcGc@..jpg,0,1,0,0,0,0,0,0,0,0,0,0,0,0,0,0,0,0,0,https://www.imdb.com/title/tt0119664/?ref_=fn_ttl_ttl_1
1245,Gridlock'd (1997),29-Jan-1997,https://m.media-amazon.com/images/M/MV5BYzdiNjRhMGMtMDk1Mi00ZGI5LTg0MzktZjcxYjc4MTRiYjQ2XkEyXkFqcGc@..jpg,0,0,0,0,0,0,1,0,0,0,0,0,0,0,0,0,0,0,0,https://www.imdb.com/title/tt0119225/?ref_=fn_ttl_ttl_1
1246,Bushwhacked (1995),01-Jan-1995,https://m.media-amazon.com/images/M/MV5BNGZmOTc4MGUtMWI2ZS00ZGVkLWIwNmUtYmZmYTQ1NGY1Y2E0XkEyXkFqcGc@..jpg,0,0,0,0,0,1,0,0,0,0,0,0,0,0,0,0,0,0,0,https://www.imdb.com/title/tt0112602/?ref_=fn_ttl_ttl_1
1247,Bad Girls (1994),01-Jan-1994,https://m.media-amazon.com/images/M/MV5BMmVlZWJkNmYtYjBjZS00ODJmLTgxZDItMjM3NTM2OTNlNDBmXkEyXkFqcGc@..jpg,0,0,0,0,0,0,0,0,0,0,0,0,0,0,0,0,0,0,1,https://www.imdb.com/title/tt0109198/?ref_=fn_ttl_ttl_1
1248,Blink (1994),01-Jan-1994,https://m.media-amazon.com/images/M/MV5BNTFkNWZjODEtYWE5MS00NjVmLWEzZjAtOWYxMzY4YThjOGQwXkEyXkFqcGc@..jpg,0,0,0,0,0,0,0,0,0,0,0,0,0,0,0,0,1,0,0,https://www.imdb.com/title/tt0109297/?ref_=fn_ttl_ttl_1
1249,For Love or Money (1993),01-Jan-1993,https://m.media-amazon.com/images/M/MV5BYjY0ODM4NDYtMDMyZi00OTk2LWFiNDItNWU0ZTM4NGMyMjJiXkEyXkFqcGc@..jpg,0,0,0,0,0,1,0,0,0,0,0,0,0,0,0,0,0,0,0,https://www.imdb.com/title/tt0106941/?ref_=fn_ttl_ttl_1
1250,Best of the Best 3: No Turning Back (1995),01-Jan-1995,https://m.media-amazon.com/images/M/MV5BMTA3Mjc1ZDEtOWFmMy00YzI5LTk4MzgtZWEyZGJkYjYwM2E5XkEyXkFqcGc@..jpg,0,1,0,0,0,0,0,0,0,0,0,0,0,0,0,0,0,0,0,https://www.imdb.com/title/tt0112483/?ref_=fn_ttl_ttl_1
1251,A Chef in Love (1996),25-Apr-1997,https://m.media-amazon.com/images/M/MV5BNDBmMzdjOWQtYWE3Mi00OWI3LTkwNzgtZTIwODNiMThjY2M2XkEyXkFqcGc@..jpg,0,0,0,0,0,1,0,0,0,0,0,0,0,0,0,0,0,0,0,https://www.imdb.com/title/tt0117050/?ref_=fn_ttl_ttl_1
1252,"Contempt (M�pris, Le) (1963)",27-Jun-1997,https://m.media-amazon.com/images/M/MV5BMjJlMzdmNGQtMTMxZi00ZTE0LWIxNWYtYmE3NTZlYWQwNmExXkEyXkFqcGc@..jpg,0,0,0,0,0,0,0,0,1,0,0,0,0,0,0,0,0,0,0,https://www.imdb.com/title/tt0057345/
1253,"Tie That Binds, The (1995)",01-Jan-1995,https://m.media-amazon.com/images/M/MV5BNWM3NzhkZDMtMGJmMC00NzY4LTkxYmItOTFiNGU2MDdlY2IyXkEyXkFqcGc@..jpg,0,0,0,0,0,0,0,0,0,0,0,0,0,0,0,0,1,0,0,https://www.imdb.com/title/tt0114666/?ref_=fn_ttl_ttl_1
1254,Gone Fishin' (1997),30-May-1997,https://m.media-amazon.com/images/M/MV5BNGZjMzVlOTAtZjM1YS00ODRiLTk0YjktZGE5NWM3NmUzZDIyXkEyXkFqcGc@..jpg,0,0,0,0,0,1,0,0,0,0,0,0,0,0,0,0,0,0,0,https://www.imdb.com/title/tt0119214/?ref_=fn_ttl_ttl_1
1255,Broken English (1996),02-May-1997,https://m.media-amazon.com/images/M/MV5BODBiYjAxZTAtN2FmOC00OTc3LWIwYTctOTFiNmU5ZGFjM2ZiXkEyXkFqcGc@..jpg,0,0,0,0,0,0,0,0,1,0,0,0,0,0,0,0,0,0,0,https://www.imdb.com/title/tt0115760/?ref_=fn_ttl_ttl_1
1256,"Designated Mourner, The (1997)",23-May-1997,https://m.media-amazon.com/images/M/MV5BMTY2NDE5NjY4MV5BMl5BanBnXkFtZTcwNzkzNDIyMQ@@..jpg,0,0,0,0,0,0,0,0,1,0,0,0,0,0,0,0,0,0,0,https://www.imdb.com/title/tt0118964/?ref_=fn_ttl_ttl_1
1257,"Designated Mourner, The (1997)",23-May-1997,https://m.media-amazon.com/images/M/MV5BMTY2NDE5NjY4MV5BMl5BanBnXkFtZTcwNzkzNDIyMQ@@..jpg,0,0,0,0,0,0,0,0,1,0,0,0,0,0,0,0,0,0,0,https://www.imdb.com/title/tt0118964/?ref_=fn_ttl_ttl_1
1258,Trial and Error (1997),30-May-1997,https://m.media-amazon.com/images/M/MV5BZWMzNDg2NDgtOGU0Yy00NTcxLWIzNmUtZjY2ZjgzNzQzOTE3XkEyXkFqcGc@..jpg,0,0,0,0,0,1,0,0,0,0,0,0,0,0,1,0,0,0,0,https://www.imdb.com/title/tt0120373/?ref_=fn_ttl_ttl_1
1259,Pie in the Sky (1995),09-Feb-1996,https://m.media-amazon.com/images/M/MV5BMTAxMTQwNTg1NjNeQTJeQWpwZ15BbWU3MDEzMzI0MjE@..jpg,0,0,0,0,0,1,0,0,0,0,0,0,0,0,1,0,0,0,0,https://www.imdb.com/title/tt0114131/?ref_=fn_ttl_ttl_1
1260,Total Eclipse (1995),01-Jan-1995,https://m.media-amazon.com/images/M/MV5BODIxZmZmOTAtODUwYi00YjJlLTllOTMtMGM1NzQ4ZTdjZGE2XkEyXkFqcGc@..jpg,0,0,0,0,0,0,0,0,1,0,0,0,0,0,0,0,0,0,0,https://www.imdb.com/title/tt0114702/?ref_=fn_ttl_ttl_1
1261,"Run of the Country, The (1995)",01-Jan-1995,https://m.media-amazon.com/images/M/MV5BMjhiOGE0MDctY2FlYi00ZTUyLWE0ZTctODQ5N2ZkZTg5YjNlXkEyXkFqcGc@..jpg,0,0,0,0,0,0,0,0,1,0,0,0,0,0,0,0,0,0,0,https://www.imdb.com/title/tt0114307/?ref_=fn_ttl_ttl_1
1262,Walking and Talking (1996),12-Jul-1996,https://m.media-amazon.com/images/M/MV5BZTA3MDQ4YzMtOGIzOS00MjI5LWFlYzMtODJhM2ZmOTMxYjVlXkEyXkFqcGc@..jpg,0,0,0,0,0,0,0,0,0,0,0,0,0,0,1,0,0,0,0,https://www.imdb.com/title/tt0118113/?ref_=fn_ttl_ttl_1
1263,Foxfire (1996),23-Aug-1996,https://m.media-amazon.com/images/M/MV5BMjkzYzE2NWUtOTE0Zi00ZjkwLTkwMjUtODJlZjA0ZDQ5Njg5XkEyXkFqcGc@..jpg,0,0,0,0,0,0,0,0,1,0,0,0,0,0,0,0,0,0,0,https://www.imdb.com/title/tt0116353/?ref_=fn_ttl_ttl_1
1264,Nothing to Lose (1994),16-Aug-1996,https://m.media-amazon.com/images/M/MV5BOWQ2NmNlYjEtOGViNC00MzA0LTgzMjQtMzU2ZTgwMDJkZDU5XkEyXkFqcGc@..jpg,0,0,0,0,0,0,0,0,1,0,0,0,0,0,0,0,0,0,0,https://www.imdb.com/title/tt0119807/?ref_=fn_ttl_ttl_1
1265,Star Maps (1997),01-Jan-1997,https://m.media-amazon.com/images/M/MV5BZjQyNDhiZTEtNzM1MS00YmIxLWIzNmYtNzAyZGQ5YWJjZDEyXkEyXkFqcGc@..jpg,0,0,0,0,0,0,0,0,1,0,0,0,0,0,0,0,0,0,0,https://www.imdb.com/title/tt0120197/?ref_=fn_ttl_ttl_1
1266,Bread and Chocolate (Pane e cioccolata) (1973),01-Jan-1973,https://m.media-amazon.com/images/M/MV5BOTRkOTQ0N2UtOWY0ZS00ZDdlLTk5MzQtODBiYjExNmVmNzc2XkEyXkFqcGc@..jpg,0,0,0,0,0,0,0,0,1,0,0,0,0,0,0,0,0,0,0,https://www.imdb.com/title/tt0070506/
1267,Clockers (1995),01-Jan-1995,https://m.media-amazon.com/images/M/MV5BZTI5OWEwOGQtMzE1Ny00NWM0LTlmOGItYTRhNzlkY2E3Nzk2XkEyXkFqcGc@..jpg,0,0,0,0,0,0,0,0,1,0,0,0,0,0,0,0,0,0,0,https://www.imdb.com/title/tt0112688/?ref_=fn_ttl_ttl_1
1268,Bitter Moon (1992),01-Jan-1992,https://m.media-amazon.com/images/M/MV5BMDEwOWE1ZGItYTg4Ny00MTlmLTgwZDEtMTRlY2QyODkzNTk4XkEyXkFqcGc@..jpg,0,0,0,0,0,0,0,0,1,0,0,0,0,0,0,0,0,0,0,https://www.imdb.com/title/tt0104779/?ref_=fn_ttl_ttl_1
1269,Love in the Afternoon (1957),01-Jan-1957,https://m.media-amazon.com/images/M/MV5BNmJlZWRjYjQtNzczMy00YzhjLTg0OGItYzljYTZlZmY3YjY0XkEyXkFqcGc@..jpg,0,0,0,0,0,1,0,0,0,0,0,0,0,0,1,0,0,0,0,https://www.imdb.com/title/tt0050658/?ref_=fn_ttl_ttl_1
1270,Life with Mikey (1993),01-Jan-1993,https://m.media-amazon.com/images/M/MV5BOGJhYTAxOWMtY2UzMS00NmUzLTgzYzItNDIwYTE0MzM3NzA2XkEyXkFqcGc@..jpg,0,0,0,0,0,1,0,0,0,0,0,0,0,0,0,0,0,0,0,https://www.imdb.com/title/tt0107413/?ref_=fn_ttl_ttl_1
1271,North (1994),01-Jan-1994,https://m.media-amazon.com/images/M/MV5BNDcxMzM3NmMtNDBiZS00ZmNhLThiZWUtNmQ0YWE1ODdmMzE1XkEyXkFqcGc@..jpg,0,0,0,0,0,1,0,0,0,0,0,0,0,0,0,0,0,0,0,https://www.imdb.com/title/tt0110687/?ref_=fn_ttl_ttl_1
1272,Talking About Sex (1994),01-Jan-1994,https://m.media-amazon.com/images/M/MV5BNWYwZTQyMzEtMjAwNi00NGRiLWJkMzItZDA4ZDkxODRiYzA5XkEyXkFqcGc@..jpg,0,0,0,0,0,1,0,0,1,0,0,0,0,0,0,0,0,0,0,https://www.imdb.com/title/tt0111357/?ref_=fn_ttl_ttl_1
1273,Color of Night (1994),01-Jan-1994,https://m.media-amazon.com/images/M/MV5BZWVmZTg3NGEtNTNmMi00ZTAyLTgzMjItOWIwMmIzZWIxODIwXkEyXkFqcGc@..jpg,0,0,0,0,0,0,0,0,1,0,0,0,0,0,0,0,1,0,0,https://www.imdb.com/title/tt0109456/?ref_=fn_ttl_ttl_1
1274,Robocop 3 (1993),01-Jan-1993,https://m.media-amazon.com/images/M/MV5BODc0YjFmZDgtNWY4Zi00MjQ3LThiZWYtNmVlNjZjNTE5OTEwXkEyXkFqcGc@..jpg,0,0,0,0,0,0,0,0,0,0,0,0,0,0,0,1,1,0,0,https://www.imdb.com/title/tt0107978/?ref_=fn_ttl_ttl_1
1275,Killer (Bulletproof Heart) (1994),01-Jan-1994,https://m.media-amazon.com/images/M/MV5BYjE1MGY3ZTYtMjJlYS00YTAxLTk5OWMtNDVkOWJlMjZiYWIwXkEyXkFqcGc@..jpg,0,0,0,0,0,0,0,0,0,0,0,0,0,0,0,0,1,0,0,https://www.imdb.com/title/tt0110259/?ref_=fn_ttl_ttl_1
1276,Sunset Park (1996),26-Apr-1996,https://m.media-amazon.com/images/M/MV5BMmIxNTBiYzEtMmQ5MC00YTNjLWIzMmMtNDMyMzg4ZTc0MGVlXkEyXkFqcGc@..jpg,0,0,0,0,0,0,0,0,1,0,0,0,0,0,0,0,0,0,0,https://www.imdb.com/title/tt0117784/?ref_=fn_ttl_ttl_1
1277,Set It Off (1996),25-Sep-1996,https://m.media-amazon.com/images/M/MV5BZTE3ZGQ0MWEtOTk1Mi00MjU3LWJlMTYtNjA1ODg2OTQ3MGQ4XkEyXkFqcGc@..jpg,0,1,0,0,0,0,1,0,0,0,0,0,0,0,0,0,0,0,0,https://www.imdb.com/title/tt0117603/?ref_=fn_ttl_ttl_1
1278,Selena (1997),21-Mar-1997,https://m.media-amazon.com/images/M/MV5BOWU2MjkzN2EtNzY4MC00N2RlLThiNzEtMjk2M2M3NGJjZjRlXkEyXkFqcGc@..jpg,0,0,0,0,0,0,0,0,1,0,0,0,1,0,0,0,0,0,0,https://www.imdb.com/title/tt0120094/?ref_=fn_ttl_ttl_1
1279,Wild America (1997),04-Jul-1997,https://m.media-amazon.com/images/M/MV5BZGQ5MWQxMGQtOTQ3MS00MjJkLTk3NzEtOGVjMmFkNjA1NGQ4XkEyXkFqcGc@..jpg,0,0,1,0,1,0,0,0,0,0,0,0,0,0,0,0,0,0,0,https://www.imdb.com/title/tt0120512/?ref_=fn_ttl_ttl_1
1280,Gang Related (1997),01-Jan-1997,https://m.media-amazon.com/images/M/MV5BODFjZDllZWItY2NjNS00YmY0LWIxZjAtZDYxYmM1M2Y2NjQxXkEyXkFqcGc@..jpg,0,0,0,0,0,0,1,0,0,0,0,0,0,0,0,0,0,0,0,https://www.imdb.com/title/tt0118900/?ref_=fn_ttl_ttl_1
1281,Manny & Lo (1996),26-Jul-1996,https://m.media-amazon.com/images/M/MV5BNGMyNGEzZjctZTZlMi00OTNlLWE1M2EtOTNkNjA2Y2YyMGNhXkEyXkFqcGc@..jpg,0,0,0,0,0,0,0,0,1,0,0,0,0,0,0,0,0,0,0,https://www.imdb.com/title/tt0116985/?ref_=fn_ttl_ttl_1
1282,"Grass Harp, The (1995)",11-Oct-1996,https://m.media-amazon.com/images/M/MV5BM2MyZmYyZDctOWM3OC00OGM5LTg2YmEtNWQ2ODQwZGNiYTEwXkEyXkFqcGc@..jpg,0,0,0,0,0,0,0,0,1,0,0,0,0,0,0,0,0,0,0,https://www.imdb.com/title/tt0113211/?ref_=fn_ttl_ttl_1
1283,Out to Sea (1997),04-Jul-1997,https://m.media-amazon.com/images/M/MV5BNWY3MzY1ODQtNWQyNS00OTkzLTkzOWUtNDA3YWYxM2U2MmZhXkEyXkFqcGc@..jpg,0,0,0,0,0,1,0,0,0,0,0,0,0,0,0,0,0,0,0,https://www.imdb.com/title/tt0119848/?ref_=fn_ttl_ttl_1
1284,Before and After (1996),23-Feb-1996,https://m.media-amazon.com/images/M/MV5BMTQxMGYzZWMtODdhNy00MDYxLTg2Y2MtZjBlNzMyYWY1ZTA4XkEyXkFqcGc@..jpg,0,0,0,0,0,0,0,0,1,0,0,0,0,1,0,0,0,0,0,https://www.imdb.com/title/tt0115645/?ref_=fn_ttl_ttl_1
1285,Princess Caraboo (1994),01-Jan-1994,https://m.media-amazon.com/images/M/MV5BN2Q2YjZjNGUtZDFjYS00ZGQ1LThlOTQtNzJhYjNjODMzZGMxXkEyXkFqcGc@..jpg,0,0,0,0,0,0,0,0,1,0,0,0,0,0,0,0,0,0,0,https://www.imdb.com/title/tt0110892/?ref_=fn_ttl_ttl_1
1286,Shall We Dance? (1937),01-Jan-1937,https://m.media-amazon.com/images/M/MV5BYTE2YjFjNDUtZDZiNy00ZjQ3LWFkMDktNWIyNTAwZGU1YzVhXkEyXkFqcGc@..jpg,0,0,0,0,0,1,0,0,0,0,0,0,1,0,1,0,0,0,0,https://www.imdb.com/title/tt0029546/?ref_=fn_ttl_ttl_1
1287,Ed (1996),08-Mar-1996,https://m.media-amazon.com/images/M/MV5BOWQ2ZWQ4ZjAtYzc0Ni00ZDNmLTkwYTAtMTI2MTUxMjZmMDA5XkEyXkFqcGc@..jpg,0,0,0,0,0,1,0,0,0,0,0,0,0,0,0,0,0,0,0,https://www.imdb.com/title/tt0116165/?ref_=fn_ttl_ttl_1
1288,Denise Calls Up (1995),29-Mar-1996,https://m.media-amazon.com/images/M/MV5BYzdhN2MwZDctZTY4Zi00MjE3LThhODItN2MzMDBhNjVjZWZlXkEyXkFqcGc@..jpg,0,0,0,0,0,1,0,0,0,0,0,0,0,0,0,0,0,0,0,https://www.imdb.com/title/tt0112844/?ref_=fn_ttl_ttl_1
1289,Jack and Sarah (1995),22-Mar-1996,https://m.media-amazon.com/images/M/MV5BYWQ1NjI2Y2QtMjJkOC00YzdmLTk0MmYtMzAzMzM4MjQ5YzZiXkEyXkFqcGc@..jpg,0,0,0,0,0,0,0,0,0,0,0,0,0,0,1,0,0,0,0,https://www.imdb.com/title/tt0113448/?ref_=fn_ttl_ttl_1
1290,Country Life (1994),01-Jan-1994,https://m.media-amazon.com/images/M/MV5BMjEzNzM5MDM1Ml5BMl5BanBnXkFtZTcwMDMwMTYyMQ@@..jpg,0,0,0,0,0,0,0,0,1,0,0,0,0,0,1,0,0,0,0,https://www.imdb.com/title/tt0109491/?ref_=fn_ttl_ttl_1
1291,Celtic Pride (1996),19-Apr-1996,https://m.media-amazon.com/images/M/MV5BZGQxYjg5OWItNmFmMS00MmQ0LThmMzMtMGJiMjNkZDdkMGVmXkEyXkFqcGc@..jpg,0,0,0,0,0,1,0,0,0,0,0,0,0,0,0,0,0,0,0,https://www.imdb.com/title/tt0115851/?ref_=fn_ttl_ttl_1
1292,"Simple Wish, A (1997)",11-Jul-1997,https://m.media-amazon.com/images/M/MV5BMDM0YWZlZGUtYTQxMS00YTkxLWE2MjgtZjc4OGFkZjdkOGNkXkEyXkFqcGc@..jpg,0,0,0,0,1,0,0,0,0,1,0,0,0,0,0,0,0,0,0,https://www.imdb.com/title/tt0120133/?ref_=fn_ttl_ttl_1
1293,Star Kid (1997),16-Jan-1998,https://m.media-amazon.com/images/M/MV5BMTY3NjkzNTctYzY3NS00MTM2LTlkNzQtNTgyNmE5MjU1MjM4XkEyXkFqcGc@..jpg,0,0,1,0,1,0,0,0,0,1,0,0,0,0,0,1,0,0,0,https://www.imdb.com/title/tt0120478/?ref_=fn_ttl_ttl_1
1294,Ayn Rand: A Sense of Life (1997),13-Feb-1998,https://m.media-amazon.com/images/M/MV5BYzc3ZTQ4YjUtYjM1MS00MDFmLWI4MDEtZjAwMmYwYWY2ZWU0XkEyXkFqcGc@..jpg,0,0,0,0,0,0,0,1,0,0,0,0,0,0,0,0,0,0,0,https://www.imdb.com/title/tt0118662/?ref_=fn_ttl_ttl_1
1295,Kicked in the Head (1997),01-Jan-1997,https://m.media-amazon.com/images/M/MV5BNmIxNDQyMDUtOGM5OS00YjdjLWIzMmEtZWM2OGRmY2MwZmQ2XkEyXkFqcGc@..jpg,0,0,0,0,0,1,0,0,1,0,0,0,0,0,0,0,0,0,0,https://www.imdb.com/title/tt0119457/?ref_=fn_ttl_ttl_1
1296,Indian Summer (1996),01-Jan-1996,https://m.media-amazon.com/images/M/MV5BODM3NzI3NTgzMV5BMl5BanBnXkFtZTcwODIzODAzMQ@@..jpg,0,0,0,0,0,1,0,0,1,0,0,0,0,0,0,0,0,0,0,https://www.imdb.com/title/tt0116631/?ref_=fn_ttl_ttl_1
1297,Love Affair (1994),01-Jan-1994,https://m.media-amazon.com/images/M/MV5BNmU3OGYxZjMtMWIwMy00ZjdmLTg5MWItNjA5NmRlMTdmMTQ4XkEyXkFqcGc@..jpg,0,0,0,0,0,0,0,0,1,0,0,0,0,0,1,0,0,0,0,https://www.imdb.com/title/tt0110391/?ref_=fn_ttl_ttl_1
1298,"Band Wagon, The (1953)",01-Jan-1953,https://m.media-amazon.com/images/M/MV5BOTdjYTRlOGItNDZhZC00YTk2LWFhZWMtMzBjNjc5YjVhNWE0XkEyXkFqcGc@..jpg,0,0,0,0,0,1,0,0,0,0,0,0,1,0,0,0,0,0,0,https://www.imdb.com/title/tt0045537/?ref_=fn_ttl_ttl_1
1299,Penny Serenade (1941),01-Jan-1941,https://m.media-amazon.com/images/M/MV5BN2E2NTVkOTQtOTZkZi00MzRkLTgwYTgtZjI0MzRiMjFiNDBmXkEyXkFqcGc@..jpg,0,0,0,0,0,0,0,0,1,0,0,0,0,0,1,0,0,0,0,https://www.imdb.com/title/tt0034012/?ref_=fn_ttl_ttl_1
1300,'Til There Was You (1997),30-May-1997,https://m.media-amazon.com/images/M/MV5BNzIxZDUzNDgtMjM1YS00MTYxLWEzNTItOWY3YjUwZWM5NjViXkEyXkFqcGc@..jpg,0,0,0,0,0,0,0,0,1,0,0,0,0,0,1,0,0,0,0,https://www.imdb.com/title/tt0118523/?ref_=fn_ttl_ttl_1
1301,Stripes (1981),01-Jan-1981,https://m.media-amazon.com/images/M/MV5BM2VjZDExMjctMGVjMS00MDQxLWI2NTQtODJjNjNkN2ExY2FkXkEyXkFqcGc@..jpg,0,0,0,0,0,1,0,0,0,0,0,0,0,0,0,0,0,0,0,https://www.imdb.com/title/tt0083131/?ref_=fn_ttl_ttl_1
1302,Late Bloomers (1996),06-Jun-1997,https://m.media-amazon.com/images/M/MV5BYzVkM2M4NDEtYWI5Zi00ODE2LWI0N2UtMDgwNzIxMGU0YWM1XkEyXkFqcGc@..jpg,0,0,0,0,0,1,0,0,0,0,0,0,0,0,0,0,0,0,0,https://www.imdb.com/title/tt0116834/?ref_=fn_ttl_ttl_1
1303,"Getaway, The (1994)",01-Jan-1994,https://m.media-amazon.com/images/M/MV5BNTE3NjE3M2ItMGQ5ZC00M2U0LTg3NmEtODU0YmUxNTc0OTI1XkEyXkFqcGc@..jpg,0,1,0,0,0,0,0,0,0,0,0,0,0,0,0,0,0,0,0,https://www.imdb.com/title/tt0109890/?ref_=fn_ttl_ttl_1
1304,New York Cop (1996),01-Jan-1996,https://m.media-amazon.com/images/M/MV5BMzgxNDI5ZTgtMTJjNS00NzYwLWI1MzgtMjM5NjVmMTQyNGVkXkEyXkFqcGc@..jpg,0,1,0,0,0,0,1,0,0,0,0,0,0,0,0,0,0,0,0,https://www.imdb.com/title/tt0117169/?ref_=fn_ttl_ttl_1
1305,National Lampoon's Senior Trip (1995),01-Jan-1995,https://m.media-amazon.com/images/M/MV5BOGJiNGU2ZmItYmJiZi00MGI2LWFiMjAtNDhiNDQ3ODY5ZDg0XkEyXkFqcGc@..jpg,0,0,0,0,0,1,0,0,0,0,0,0,0,0,0,0,0,0,0,https://www.imdb.com/title/tt0113936/?ref_=fn_ttl_ttl_1
1306,Delta of Venus (1994),01-Jan-1994,https://m.media-amazon.com/images/M/MV5BZWJlNWZkNmEtMjc0ZC00NWRlLThjNDAtZDdmYjUzZDJlOTcxXkEyXkFqcGc@..jpg,0,0,0,0,0,0,0,0,1,0,0,0,0,0,0,0,0,0,0,https://www.imdb.com/title/tt0109593/?ref_=fn_ttl_ttl_1
1307,Carmen Miranda: Bananas Is My Business (1994),01-Jan-1994,https://m.media-amazon.com/images/M/MV5BMTM4ODQyMzM5MV5BMl5BanBnXkFtZTcwNDYzMjYxMQ@@..jpg,0,0,0,0,0,0,0,1,0,0,0,0,0,0,0,0,0,0,0,https://www.imdb.com/title/tt0109381/?ref_=fn_ttl_ttl_1
1308,Babyfever (1994),01-Jan-1994,https://m.media-amazon.com/images/M/MV5BMjA3NTY2NjkzNl5BMl5BanBnXkFtZTcwNjUyMDQyMQ@@..jpg,0,0,0,0,0,1,0,0,1,0,0,0,0,0,0,0,0,0,0,https://www.imdb.com/title/tt0109191/?ref_=fn_ttl_ttl_1
1309,"Very Natural Thing, A (1974)",01-Jan-1974,https://m.media-amazon.com/images/M/MV5BNGQwNDg0ODYtZTc3Ny00ODBiLWI4MDctZWQ4YzNhMzg5ZmQzXkEyXkFqcGc@..jpg,0,0,0,0,0,0,0,0,1,0,0,0,0,0,0,0,0,0,0,https://www.imdb.com/title/tt0072362/?ref_=fn_ttl_ttl_1
1310,"Walk in the Sun, A (1945)",01-Jan-1945,https://m.media-amazon.com/images/M/MV5BMmUyOTdmN2ItMTk3Yi00YzRlLTk0OTItOGFmYjgxODBkYmRjXkEyXkFqcGc@..jpg,0,0,0,0,0,0,0,0,1,0,0,0,0,0,0,0,0,0,0,https://www.imdb.com/title/tt0038235/?ref_=fn_ttl_ttl_1
1311,Waiting to Exhale (1995),15-Jan-1996,https://m.media-amazon.com/images/M/MV5BZWU4NzA3MDQtODYyOS00OTliLTk3MGEtYzM2ZjNkZmI5ODk5XkEyXkFqcGc@..jpg,0,0,0,0,0,1,0,0,1,0,0,0,0,0,0,0,0,0,0,https://www.imdb.com/title/tt0114885/?ref_=fn_ttl_ttl_1
1312,"Pompatus of Love, The (1996)",26-Jul-1996,https://m.media-amazon.com/images/M/MV5BYzQ3MGQ1YzAtZDhiZC00NDZjLWEwMGItNjRiNmJkOGFlNWI5XkEyXkFqcGc@..jpg,0,0,0,0,0,1,0,0,1,0,0,0,0,0,0,0,0,0,0,https://www.imdb.com/title/tt0117357/?ref_=fn_ttl_ttl_1
1313,Palmetto (1998),20-Feb-1998,https://m.media-amazon.com/images/M/MV5BY2U5Y2ZmMGUtMWFlYi00MWFmLWJjNGMtYWVjMzUxOTY2OTE3XkEyXkFqcGc@..jpg,0,0,0,0,0,0,0,0,0,0,1,0,0,1,0,0,1,0,0,https://www.imdb.com/title/tt0120782/?ref_=fn_ttl_ttl_1
1314,Surviving the Game (1994),01-Jan-1994,https://m.media-amazon.com/images/M/MV5BNDhiMTEwZWItMjc1OC00YjJhLTk1MTQtOTg3OTY5NGRmZDE0XkEyXkFqcGc@..jpg,0,1,1,0,0,0,0,0,0,0,0,0,0,0,0,0,1,0,0,https://www.imdb.com/title/tt0111323/?ref_=fn_ttl_ttl_1
1315,Inventing the Abbotts (1997),04-Apr-1997,https://m.media-amazon.com/images/M/MV5BYzk5OGZhMWEtNDY1MC00ZDY5LTk2ODQtYWU0ZDg1ODk1MTY4XkEyXkFqcGc@..jpg,0,0,0,0,0,0,0,0,1,0,0,0,0,0,1,0,0,0,0,https://www.imdb.com/title/tt0119381/?ref_=fn_ttl_ttl_1
1316,"Horse Whisperer, The (1998)",25-Dec-1997,https://m.media-amazon.com/images/M/MV5BZTI5YTI5ZmYtZWQ0Ny00YzU4LTg3NmUtYjVmMzQxOGNjYzRjXkEyXkFqcGc@..jpg,0,0,0,0,0,0,0,0,1,0,0,0,0,0,0,0,0,0,0,https://www.imdb.com/title/tt0119314/?ref_=fn_ttl_ttl_1
1317,"Journey of August King, The (1995)",22-Mar-1996,https://m.media-amazon.com/images/M/MV5BYTVlZDBiMzQtZGU1Yy00YmFlLWFiNmUtZTZkZTRlNjM1NmUwXkEyXkFqcGc@..jpg,0,0,0,0,0,0,0,0,1,0,0,0,0,0,0,0,0,0,0,https://www.imdb.com/title/tt0113490/?ref_=fn_ttl_ttl_1
1318,Catwalk (1995),07-Jun-1996,https://m.media-amazon.com/images/M/MV5BMTYxNzk1NjMxN15BMl5BanBnXkFtZTcwNjk0ODkxMQ@@..jpg,0,0,0,0,0,0,0,1,0,0,0,0,0,0,0,0,0,0,0,https://www.imdb.com/title/tt0112646/?ref_=fn_ttl_ttl_1
1319,"Neon Bible, The (1995)",01-Mar-1996,https://m.media-amazon.com/images/M/MV5BMDUyZjk1NTYtMzAzNC00ZTQ5LTk5MTUtYjE1MTZkOWM2NTI2XkEyXkFqcGc@..jpg,0,0,0,0,0,0,0,0,1,0,0,0,0,0,0,0,0,0,0,https://www.imdb.com/title/tt0113952/?ref_=fn_ttl_ttl_1
1320,Homage (1995),03-May-1996,https://m.media-amazon.com/images/M/MV5BMTIyMjU0MjkwM15BMl5BanBnXkFtZTcwMDAzOTIyMQ@@..jpg,0,0,0,0,0,0,0,0,1,0,0,0,0,0,0,0,0,0,0,https://www.imdb.com/title/tt0113319/?ref_=fn_ttl_ttl_1
1321,Open Season (1996),10-May-1996,https://m.media-amazon.com/images/M/MV5BODRhZjBjNmUtYTcxOC00YzJmLTk3OTYtYTBiNzg5OGU5YmM5XkEyXkFqcGc@..jpg,0,0,0,0,0,1,0,0,0,0,0,0,0,0,0,0,0,0,0,https://www.imdb.com/title/tt0085636/?ref_=fn_ttl_ttl_1
1322,Metisse (Caf� au Lait) (1993),01-Jan-1993,https://m.media-amazon.com/images/M/MV5BMTkzMDk4MDMzMl5BMl5BanBnXkFtZTcwMTU4ODgyMQ@@..jpg,0,0,0,0,0,1,0,0,0,0,0,0,0,0,0,0,0,0,0,https://www.imdb.com/title/tt0107642/?ref_=fn_ttl_ttl_1
1323,"Wooden Man's Bride, The (Wu Kui) (1994)",01-Jan-1994,https://m.media-amazon.com/images/M/MV5BMjA4ODk3NzMxNF5BMl5BanBnXkFtZTcwMTUwODUyMQ@@..jpg,0,0,0,0,0,0,0,0,1,0,0,0,0,0,0,0,0,0,0,https://www.imdb.com/title/tt0111752/?ref_=fn_ttl_ttl_1
1324,Loaded (1994),12-Apr-1996,https://m.media-amazon.com/images/M/MV5BMTYyNzA2MzY2NF5BMl5BanBnXkFtZTcwNDY5NTUyMQ@@..jpg,0,0,0,0,0,0,0,0,1,0,0,0,0,0,0,0,1,0,0,https://www.imdb.com/title/tt0110374/?ref_=fn_ttl_ttl_1
1325,August (1996),12-Apr-1996,https://m.media-amazon.com/images/M/MV5BOGE0YTRiOTgtNzA4Yi00OWZmLWJjN2EtOWQzMzk1YjgxYzAyXkEyXkFqcGc@..jpg,0,0,0,0,0,0,0,0,1,0,0,0,0,0,0,0,0,0,0,https://www.imdb.com/title/tt0115591/?ref_=fn_ttl_ttl_1
1326,Boys (1996),10-May-1996,https://m.media-amazon.com/images/M/MV5BMmI2NTFlMjItODEyZC00ZjFhLWJmZDktOTczYmFhOWNlY2I1XkEyXkFqcGc@..jpg,0,0,0,0,0,0,0,0,1,0,0,0,0,0,0,0,0,0,0,https://www.imdb.com/title/tt0115742/?ref_=fn_ttl_ttl_1
1327,Captives (1994),16-Sep-1994,https://m.media-amazon.com/images/M/MV5BYTBiM2UzM2ItM2ZhZi00OTExLWE4M2MtMDM4MWZiNzg3ZDdlXkEyXkFqcGc@..jpg,0,0,0,0,0,0,0,0,1,0,0,0,0,0,0,0,0,0,0,https://www.imdb.com/title/tt0109374/?ref_=fn_ttl_ttl_1
1328,Of Love and Shadows (1994),10-May-1996,https://m.media-amazon.com/images/M/MV5BNTY3ZTE4MzctMTQ5My00ZjExLWFiNTctOWJkNTdmMmI1OGQ4XkEyXkFqcGc@..jpg,0,0,0,0,0,0,0,0,1,0,0,0,0,0,0,0,0,0,0,https://www.imdb.com/title/tt0110712/?ref_=fn_ttl_ttl_1
1329,"Low Life, The (1994)",10-May-1996,https://m.media-amazon.com/images/M/MV5BOWE4NWMxZmEtYTQwMS00NGIzLWI4NTUtZGZjYTVlZmU2MTg5XkEyXkFqcGc@..jpg,0,0,0,0,0,0,0,0,1,0,0,0,0,0,0,0,0,0,0,https://www.imdb.com/title/tt0110400/?ref_=fn_ttl_ttl_1
1330,An Unforgettable Summer (1994),01-Jan-1994,https://m.media-amazon.com/images/M/MV5BOGVlNGNkMGQtMTJlYS00Y2M0LWE1ODEtMTNjYzk4MTQ0M2IyXkEyXkFqcGc@..jpg,0,0,0,0,0,0,0,0,1,0,0,0,0,0,0,0,0,0,0,https://www.imdb.com/title/tt0111546/?ref_=fn_ttl_ttl_1
1331,"Last Klezmer: Leopold Kozlowski, His Life and Music, The (1995)",01-Jan-1995,https://m.media-amazon.com/images/M/MV5BMTk2NjAwNTM1Ml5BMl5BanBnXkFtZTcwNDEwNDkyMQ@@..jpg,0,0,0,0,0,0,0,1,0,0,0,0,0,0,0,0,0,0,0,https://www.imdb.com/title/tt0113610/?ref_=fn_ttl_ttl_1
1332,My Life and Times With Antonin Artaud (En compagnie d'Antonin Artaud) (1993),01-Jan-1993,https://m.media-amazon.com/images/M/MV5BMTM2MjE5MTQ5MF5BMl5BanBnXkFtZTcwOTMzNzcyMQ@@..jpg,0,0,0,0,0,0,0,0,1,0,0,0,0,0,0,0,0,0,0,https://www.imdb.com/title/tt0106810/?ref_=fn_ttl_ttl_1
1333,Midnight Dancers (Sibak) (1994),01-Jan-1994,https://m.media-amazon.com/images/M/MV5BMTQxMzMxNzcwN15BMl5BanBnXkFtZTcwNjE3NDYxMQ@@..jpg,0,0,0,0,0,1,0,0,1,0,0,0,0,0,0,0,0,0,0,https://www.imdb.com/title/tt0111180/?ref_=fn_ttl_ttl_1
1334,Somebody to Love (1994),14-Jun-1996,https://m.media-amazon.com/images/M/MV5BM2Q3YzVmYzQtMTYxOC00ZDViLWIzNmYtZDc4NzM1ZTVmNjU5XkEyXkFqcGc@..jpg,0,0,0,0,0,0,0,0,1,0,0,0,0,0,0,0,0,0,0,https://www.imdb.com/title/tt0111237/?ref_=fn_ttl_ttl_1
1335,American Buffalo (1996),13-Sep-1996,https://m.media-amazon.com/images/M/MV5BZDBjMTcyM2MtZDI4MC00MjdlLTg2ZGQtNWMwZmI5MGI4MDZmXkEyXkFqcGc@..jpg,0,0,0,0,0,0,0,0,1,0,0,0,0,0,0,0,0,0,0,https://www.imdb.com/title/tt0115530/?ref_=fn_ttl_ttl_1
1336,Kazaam (1996),17-Jul-1996,https://m.media-amazon.com/images/M/MV5BMzMzMWY2NjgtZjU3NS00MDA0LTlkZTEtZWE4MzFiNzRhYjE1XkEyXkFqcGc@..jpg,0,0,0,0,1,1,0,0,0,1,0,0,0,0,0,0,0,0,0,https://www.imdb.com/title/tt0116756/?ref_=fn_ttl_ttl_1
1337,Larger Than Life (1996),01-Nov-1996,https://m.media-amazon.com/images/M/MV5BNWMzNzc1ZmItYmU0OS00ZGRiLWI2NzEtMDYwMjc0ZWE1NmJhXkEyXkFqcGc@..jpg,0,0,0,0,0,1,0,0,0,0,0,0,0,0,0,0,0,0,0,https://www.imdb.com/title/tt0116823/?ref_=fn_ttl_ttl_1
1338,Two Deaths (1995),09-Aug-1996,https://m.media-amazon.com/images/M/MV5BNjkxMjAwNzM3M15BMl5BanBnXkFtZTcwMDAwNDEyMQ@@..jpg,0,0,0,0,0,0,0,0,1,0,0,0,0,0,0,0,0,0,0,https://www.imdb.com/title/tt0117999/?ref_=fn_ttl_ttl_1
1339,Stefano Quantestorie (1993),01-Jan-1993,https://m.media-amazon.com/images/M/MV5BMjI1OTkyOTE5N15BMl5BanBnXkFtZTcwNTgyNDQzMQ@@..jpg,0,0,0,0,0,1,0,0,1,0,0,0,0,0,0,0,0,0,0,https://www.imdb.com/title/tt0108220/?ref_=fn_ttl_ttl_1
1340,"Crude Oasis, The (1995)",01-Jan-1995,https://m.media-amazon.com/images/M/MV5BZGM2MDMzZDUtODQ1YS00MmY3LWIxZmQtYjdiZDlhZTEwNWIwXkEyXkFqcGc@..jpg,0,0,0,0,0,0,0,0,0,0,0,0,0,0,1,0,0,0,0,https://www.imdb.com/title/tt0112746/?ref_=fn_ttl_ttl_1
1341,Hedd Wyn (1992),01-Jan-1992,https://m.media-amazon.com/images/M/MV5BMTI1ODU3NjI4M15BMl5BanBnXkFtZTcwNjA3ODcxMQ@@..jpg,0,0,0,0,0,0,0,0,1,0,0,0,0,0,0,0,0,0,0,https://www.imdb.com/title/tt0104403/?ref_=fn_ttl_ttl_1
1342,"Convent, The (Convento, O) (1995)",14-Jun-1996,https://m.media-amazon.com/images/M/MV5BN2IxMDJkZmQtOGI1MS00NmMzLWJkOWMtZThlNTA1ZjU1ZDIzXkEyXkFqcGc@..jpg,0,0,0,0,0,0,0,0,1,0,0,0,0,0,0,0,0,0,0,https://www.imdb.com/title/tt0217331/?ref_=fn_ttl_ttl_1
1343,Lotto Land (1995),01-Jan-1995,https://m.media-amazon.com/images/M/MV5BMTkwMDUxMTQyNl5BMl5BanBnXkFtZTgwMzIwNDgwMzE@..jpg,0,0,0,0,0,0,0,0,1,0,0,0,0,0,0,0,0,0,0,https://www.imdb.com/title/tt0113695/?ref_=fn_ttl_ttl_1
1344,"Story of Xinghua, The (1993)",01-Jan-1993,https://m.media-amazon.com/images/M/MV5BMTg2Mzk2NjkzNl5BMl5BanBnXkFtZTYwMzIzOTc2..jpg,0,0,0,0,0,0,0,0,1,0,0,0,0,0,0,0,0,0,0,https://www.imdb.com/title/tt0396171/?ref_=fn_ttl_ttl_1
1345,"Day the Sun Turned Cold, The (Tianguo niezi) (1994)",01-Jan-1994,https://m.media-amazon.com/images/M/MV5BMmZjZjU5NTUtOWU5ZS00NTY2LTgzYzMtMTlmOTI4YzA4MTliXkEyXkFqcGc@..jpg,0,0,0,0,0,0,0,0,1,0,0,0,0,0,0,0,0,0,0,https://www.imdb.com/title/tt0111424/?ref_=fn_ttl_ttl_1
1346,Dingo (1992),01-Jan-1992,https://m.media-amazon.com/images/M/MV5BYTgxNWU0MGMtMDI1Ny00NDIwLTllYzYtZDkyOTVmYmFhZGM0XkEyXkFqcGc@..jpg,0,0,0,0,0,0,0,0,1,0,0,0,0,0,0,0,0,0,0,https://www.imdb.com/title/tt7939766/?ref_=fn_ttl_ttl_1
1347,"Ballad of Narayama, The (Narayama Bushiko) (1958)",01-Jan-1958,https://m.media-amazon.com/images/M/MV5BYzE1MjVlODctZjY5NS00YWJiLWI5MjAtNDY4ZGYzYmNmMzJmXkEyXkFqcGc@..jpg,0,0,0,0,0,0,0,0,1,0,0,0,0,0,0,0,0,0,0,https://www.imdb.com/title/tt0051980/?ref_=fn_ttl_ttl_1
1348,Every Other Weekend (1990),01-Jan-1990,https://m.media-amazon.com/images/M/MV5BNTk2MDQ3MjU2OF5BMl5BanBnXkFtZTcwNzYzNzgxMQ@@..jpg,0,0,0,0,0,0,0,0,1,0,0,0,0,0,0,0,0,0,0,https://www.imdb.com/title/tt0100840/?ref_=fn_ttl_ttl_1
1349,Mille bolle blu (1993),01-Jan-1993,https://m.media-amazon.com/images/M/MV5BNWM3ZjU1OWEtNGQ1Ny00Y2FmLThmYTYtZDI1ODhkOWQ4MjI5XkEyXkFqcGc@..jpg,0,0,0,0,0,1,0,0,0,0,0,0,0,0,0,0,0,0,0,https://www.imdb.com/title/tt0107575/?ref_=fn_ttl_ttl_1
1350,Crows and Sparrows (1949),01-Jan-1949,https://m.media-amazon.com/images/M/MV5BYjA2ZjFkZDEtMzFlYi00Y2M5LWI5ODQtNzY3YWYxNjcxNjNkXkEyXkFqcGc@..jpg,0,0,0,0,0,0,0,0,1,0,0,0,0,0,0,0,0,0,0,https://www.imdb.com/title/tt0042054/?ref_=fn_ttl_ttl_1
1351,Lover's Knot (1996),12-Jul-1996,https://m.media-amazon.com/images/M/MV5BMjE1NjYzNjM1NV5BMl5BanBnXkFtZTYwMzQ5OTE5..jpg,0,0,0,0,0,1,0,0,0,0,0,0,0,0,0,0,0,0,0,https://www.imdb.com/title/tt0116934/?ref_=fn_ttl_ttl_1
1352,Shadow of Angels (Schatten der Engel) (1976),01-Jan-1976,https://m.media-amazon.com/images/M/MV5BZGExMjI2MjgtZDNkZi00MTNjLTk3ZTUtZTcwNGNkMDQ2YjAxXkEyXkFqcGc@..jpg,0,0,0,0,0,0,0,0,1,0,0,0,0,0,0,0,0,0,0,https://www.imdb.com/title/tt0075169/?ref_=fn_ttl_ttl_1
1353,1-900 (1994),01-Jan-1994,https://m.media-amazon.com/images/M/MV5BMTk0Mzk2OTM1MV5BMl5BanBnXkFtZTcwOTU4MDEzMQ@@..jpg,0,0,0,0,0,0,0,0,0,0,0,0,0,0,1,0,0,0,0,https://www.imdb.com/title/tt0109001/?ref_=fn_ttl_ttl_1
1354,Venice/Venice (1992),01-Jan-1992,https://m.media-amazon.com/images/M/MV5BMTY3OTE5ODA0NV5BMl5BanBnXkFtZTcwNDE2NDMyMQ@@..jpg,0,0,0,0,0,0,0,0,1,0,0,0,0,0,0,0,0,0,0,https://www.imdb.com/title/tt0105729/?ref_=fn_ttl_ttl_1
1355,Infinity (1996),04-Oct-1996,https://m.media-amazon.com/images/M/MV5BNDk3NzVjNmQtMGQ1Yy00YTY1LTkyNWQtMzVhNWZmOWJkMmY2XkEyXkFqcGc@..jpg,0,0,0,0,0,0,0,0,1,0,0,0,0,0,0,0,0,0,0,https://www.imdb.com/title/tt0116635/?ref_=fn_ttl_ttl_1
1356,Ed's Next Move (1996),04-Oct-1996,https://m.media-amazon.com/images/M/MV5BMTY1NTQ3NDcyMl5BMl5BanBnXkFtZTcwMTkzMjMzMQ@@..jpg,0,0,0,0,0,1,0,0,0,0,0,0,0,0,0,0,0,0,0,https://www.imdb.com/title/tt0116167/?ref_=fn_ttl_ttl_1
1357,For the Moment (1994),01-Jan-1994,https://m.media-amazon.com/images/M/MV5BMTI3OTMzMTgzOF5BMl5BanBnXkFtZTcwNDg3MjUyMQ@@..jpg,0,0,0,0,0,0,0,0,0,0,0,0,0,0,1,0,0,1,0,https://www.imdb.com/title/tt0109823/?ref_=fn_ttl_ttl_1
1358,The Deadly Cure (1996),16-Sep-1996,https://m.media-amazon.com/images/M/MV5BZGJiZTA3MmUtOThlOC00MTg0LTgxZjMtMjcwZDM1ODgwMWMwXkEyXkFqcGc@..jpg,0,1,0,0,0,0,0,0,0,0,0,0,0,0,0,0,0,0,0,https://www.imdb.com/title/tt0117594/?ref_=fn_ttl_ttl_1
1359,Boys in Venice (1996),24-Sep-1996,,0,0,0,0,0,0,0,0,1,0,0,0,0,0,0,0,0,0,0,
1360,"Sexual Life of the Belgians, The (1994)",01-Jan-1994,https://m.media-amazon.com/images/M/MV5BMTMxMTAxMDA1N15BMl5BanBnXkFtZTcwMzMxMjA0MQ@@..jpg,0,0,0,0,0,1,0,0,0,0,0,0,0,0,0,0,0,0,0,https://www.imdb.com/title/tt0111622/?ref_=fn_ttl_ttl_1
1361,"Search for One-eye Jimmy, The (1996)",01-Jan-1996,https://m.media-amazon.com/images/M/MV5BNGVhNGNhNzMtN2Y4NS00NGM1LTliMzAtY2M1MzQ0MzcyYWNlXkEyXkFqcGc@..jpg,0,0,0,0,0,1,0,0,0,0,0,0,0,0,0,0,0,0,0,https://www.imdb.com/title/tt0117577/?ref_=fn_ttl_ttl_1
1362,American Strays (1996),13-Sep-1996,https://m.media-amazon.com/images/M/MV5BNTBkOTU4NDctMTk2Yy00Y2E4LTg2MmYtYTVhNDJmYWRlOWFhXkEyXkFqcGc@..jpg,0,1,0,0,0,0,0,0,0,0,0,0,0,0,0,0,0,0,0,https://www.imdb.com/title/tt0115531/?ref_=fn_ttl_ttl_1
1363,"Leopard Son, The (1996)",27-Sep-1996,https://m.media-amazon.com/images/M/MV5BM2U2N2E2M2UtNWIxMS00ZjJiLTlmNDAtOTQ0ZGVhMTY5NjhmXkEyXkFqcGc@..jpg,0,0,0,0,0,0,0,1,0,0,0,0,0,0,0,0,0,0,0,https://www.imdb.com/title/tt0116859/?ref_=fn_ttl_ttl_1
1364,Bird of Prey (1996),04-Oct-1996,https://m.media-amazon.com/images/M/MV5BMjE2Mzk5OTIwMF5BMl5BanBnXkFtZTgwNTUwMzgwMzE@..jpg,0,1,0,0,0,0,0,0,0,0,0,0,0,0,0,0,0,0,0,https://www.imdb.com/title/tt0115684/?ref_=fn_ttl_ttl_1
1365,Johnny 100 Pesos (1993),01-Jan-1993,https://m.media-amazon.com/images/M/MV5BMTI0MDMwODg5N15BMl5BanBnXkFtZTcwNzgyOTUxMQ@@..jpg,0,1,0,0,0,0,0,0,1,0,0,0,0,0,0,0,0,0,0,https://www.imdb.com/title/tt0107274/?ref_=fn_ttl_ttl_1
1366,JLG/JLG - autoportrait de d�cembre (1994),01-Jan-1994,https://m.media-amazon.com/images/M/MV5BOTYwZjA2OTgtOGEwZC00M2VkLTllZTUtYmU5YzIyMWFlNTc5XkEyXkFqcGc@..jpg,0,0,0,0,0,0,0,1,1,0,0,0,0,0,0,0,0,0,0,https://www.imdb.com/title/tt0110173/?ref_=fn_ttl_ttl_1
1367,Faust (1994),01-Jan-1994,https://m.media-amazon.com/images/M/MV5BMjEyMzM4ODg4N15BMl5BanBnXkFtZTgwMjQ4NzEwMjE@..jpg,0,0,0,1,0,0,0,0,0,0,0,0,0,0,0,0,0,0,0,https://www.imdb.com/title/tt0109781/?ref_=fn_ttl_ttl_1
1368,Mina Tannenbaum (1994),01-Jan-1994,https://m.media-amazon.com/images/M/MV5BMTgzOTMxNTc3NV5BMl5BanBnXkFtZTcwOTE5MjcxMQ@@..jpg,0,0,0,0,0,0,0,0,1,0,0,0,0,0,0,0,0,0,0,https://www.imdb.com/title/tt0110521/?ref_=fn_ttl_ttl_1
1369,"Forbidden Christ, The (Cristo proibito, Il) (1950)",01-Jan-1950,https://m.media-amazon.com/images/M/MV5BMTQyMzc4NDg1Nl5BMl5BanBnXkFtZTcwMTYwODcxMQ@@..jpg,0,0,0,0,0,0,0,0,1,0,0,0,0,0,0,0,0,0,0,https://www.imdb.com/title/tt0042354/
1370,I Can't Sleep (J'ai pas sommeil) (1994),01-Jan-1994,https://m.media-amazon.com/images/M/MV5BMjE0OTE4MTQ3OF5BMl5BanBnXkFtZTcwMTM5NjcyMQ@@..jpg,0,0,0,0,0,0,0,0,1,0,0,0,0,0,0,0,1,0,0,https://www.imdb.com/title/tt0110171/
1371,"Machine, The (1994)",01-Jan-1994,https://m.media-amazon.com/images/M/MV5BMTIyMjgwNzU0N15BMl5BanBnXkFtZTcwMjczMTIyMQ@@..jpg,0,0,0,0,0,1,0,0,0,0,0,1,0,0,0,0,0,0,0,https://www.imdb.com/title/tt0110263/?ref_=fn_ttl_ttl_1
1372,"Stranger, The (1994)",01-Jan-1994,https://m.media-amazon.com/images/M/MV5BZDg4MTI2MGMtZjgxNS00YmExLTg2YTctYjBlZWFkNjdiNTk4XkEyXkFqcGc@..jpg,0,1,0,0,0,0,0,0,0,0,0,0,0,0,0,0,0,0,0,https://www.imdb.com/title/tt0123281/?ref_=fn_ttl_ttl_1
1373,Good Morning (1971),4-Feb-1971,https://m.media-amazon.com/images/M/MV5BYThiZTU4N2UtYWU2Mi00ZGUyLWI2ZmEtM2U1ZmJmOGY1ZTc3XkEyXkFqcGc@..jpg,1,0,0,0,0,0,0,0,0,0,0,0,0,0,0,0,0,0,0,https://www.imdb.com/title/tt0093105/?ref_=fn_ttl_ttl_1
1374,Falling in Love Again (1980),01-Jan-1980,https://m.media-amazon.com/images/M/MV5BYzM1MDg2NGItZWJlZC00OWU4LTlmN2YtNGE0ZmYyZDdmYzAxXkEyXkFqcGc@..jpg,0,0,0,0,0,1,0,0,0,0,0,0,0,0,0,0,0,0,0,https://www.imdb.com/title/tt0080714/?ref_=fn_ttl_ttl_1
1375,"Cement Garden, The (1993)",01-Jan-1993,https://m.media-amazon.com/images/M/MV5BM2I0NmM2MTctMDgwMy00NWYyLThmYWYtZWI3NzI0NmM0ZDhjXkEyXkFqcGc@..jpg,0,0,0,0,0,0,0,0,1,0,0,0,0,0,0,0,0,0,0,https://www.imdb.com/title/tt0106535/?ref_=fn_ttl_ttl_1
1376,Meet Wally Sparks (1997),31-Jan-1997,https://m.media-amazon.com/images/M/MV5BZDcxN2UwNTktMWJlMS00NmY3LWIzMGEtMThjY2EzY2Y3MWZhXkEyXkFqcGc@..jpg,0,0,0,0,0,1,0,0,0,0,0,0,0,0,0,0,0,0,0,https://www.imdb.com/title/tt0119644/?ref_=fn_ttl_ttl_1
1377,Hotel de Love (1996),07-Feb-1997,https://m.media-amazon.com/images/M/MV5BMTI2OTA0MzE0NF5BMl5BanBnXkFtZTcwMjA2NjEyMQ@@..jpg,0,0,0,0,0,1,0,0,0,0,0,0,0,0,1,0,0,0,0,https://www.imdb.com/title/tt0116565/?ref_=fn_ttl_ttl_1
1378,Rhyme & Reason (1997),05-Mar-1997,https://m.media-amazon.com/images/M/MV5BMTI5MTgxODI0Nl5BMl5BanBnXkFtZTYwNzg3MDU5..jpg,0,0,0,0,0,0,0,1,0,0,0,0,0,0,0,0,0,0,0,https://www.imdb.com/title/tt0120014/?ref_=fn_ttl_ttl_1
1379,Love and Other Catastrophes (1996),28-Mar-1997,https://m.media-amazon.com/images/M/MV5BMTg5NjkxNDk1OV5BMl5BanBnXkFtZTcwMzA2NDMyMQ@@..jpg,0,0,0,0,0,0,0,0,0,0,0,0,0,0,1,0,0,0,0,https://www.imdb.com/title/tt0116931/?ref_=fn_ttl_ttl_1
1380,Hollow Reed (1996),02-May-1997,https://m.media-amazon.com/images/M/MV5BNzcyOWE3M2UtZjU4My00OTY4LTk5MzItY2QwMzNkYmEzNzljXkEyXkFqcGc@..jpg,0,0,0,0,0,0,0,0,1,0,0,0,0,0,0,0,0,0,0,https://www.imdb.com/title/tt0113314/?ref_=fn_ttl_ttl_1
1381,Losing Chase (1996),01-Jan-1996,https://m.media-amazon.com/images/M/MV5BMTMxMzQ5MDEyMl5BMl5BanBnXkFtZTcwMzI2NjkxMQ@@..jpg,0,0,0,0,0,0,0,0,1,0,0,0,0,0,0,0,0,0,0,https://www.imdb.com/title/tt0116920/
1382,"Bonheur, Le (1965)",16-May-1997,https://m.media-amazon.com/images/M/MV5BZTc0MTc0NjQtMjM3ZS00OGYwLThmNDEtMzA2YzJkZDMzOTg1XkEyXkFqcGc@..jpg,0,0,0,0,0,0,0,0,1,0,0,0,0,0,0,0,0,0,0,https://www.imdb.com/title/tt0058985/?ref_=fn_ttl_ttl_1
1383,"Second Jungle Book: Mowgli & Baloo, The (1997)",16-May-1997,https://m.media-amazon.com/images/M/MV5BNTBmYjRhNTctNmZlYy00NWE2LTlmZjktZTBmZjUzNGQ1MTQ3XkEyXkFqcGc@..jpg,0,0,1,0,1,0,0,0,0,0,0,0,0,0,0,0,0,0,0,https://www.imdb.com/title/tt0120087/?ref_=fn_ttl_ttl_1
1384,Squeeze (1996),13-Jun-1997,https://m.media-amazon.com/images/M/MV5BMjAxMDUwMjQ3OV5BMl5BanBnXkFtZTcwMTI0ODAyMQ@@..jpg,0,0,0,0,0,0,0,0,1,0,0,0,0,0,0,0,0,0,0,https://www.imdb.com/title/tt0115680/?ref_=fn_ttl_ttl_1
1385,Roseanna's Grave (For Roseanna) (1997),20-Jun-1997,https://m.media-amazon.com/images/M/MV5BMWQyNWU3MmUtZGI4ZS00MmI5LTkyM2UtOTUwMDkzZDI4YzljXkEyXkFqcGc@..jpg,0,0,0,0,0,1,0,0,0,0,0,0,0,0,1,0,0,0,0,https://www.imdb.com/title/tt0120034/?ref_=fn_ttl_ttl_1
1386,Tetsuo II: Body Hammer (1992),20-Jun-1997,https://m.media-amazon.com/images/M/MV5BMDIzOTJiNDgtMjllZi00YzU0LWI0OGMtMTdlYjUyNGQ3NjVhXkEyXkFqcGc@..jpg,0,0,0,0,0,0,0,0,0,0,0,0,0,0,0,1,0,0,0,https://www.imdb.com/title/tt0105569/?ref_=fn_ttl_ttl_1
1387,Fall (1997),27-Jun-1997,https://m.media-amazon.com/images/M/MV5BYmJlMmFhYmMtOGUyYS00OTYxLTljYWUtYzQ0MWVlOTA0YjAxXkEyXkFqcGc@..jpg,0,0,0,0,0,0,0,0,0,0,0,0,0,0,1,0,0,0,0,https://www.imdb.com/title/tt0119098/?ref_=fn_ttl_ttl_1
1388,Gabbeh (1996),27-Jun-1997,https://m.media-amazon.com/images/M/MV5BYjdkMTRiNmYtMGU5Ni00ZDdkLTgwM2UtOTFhN2M5MDk3NGE1XkEyXkFqcGc@..jpg,0,0,0,0,0,0,0,0,1,0,0,0,0,0,0,0,0,0,0,https://www.imdb.com/title/tt0116384/?ref_=fn_ttl_ttl_1
1389,Mondo (1996),27-Jun-1997,https://m.media-amazon.com/images/M/MV5BMDM1YTQzMTYtZDgwNS00NDBkLTllMTQtYjI1YmM1YzkxNmZhXkEyXkFqcGc@..jpg,0,0,0,0,0,0,0,0,1,0,0,0,0,0,0,0,0,0,0,https://www.imdb.com/title/tt0118163/?ref_=fn_ttl_ttl_1
1390,"Innocent Sleep, The (1995)",27-Jun-1997,https://m.media-amazon.com/images/M/MV5BMTgyMTc0Mjc5Ml5BMl5BanBnXkFtZTcwNjIwMjUyMQ@@..jpg,0,0,0,0,0,0,1,0,0,0,0,0,0,0,0,0,0,0,0,https://www.imdb.com/title/tt0113425/?ref_=fn_ttl_ttl_1
1391,For Ever Mozart (1996),04-Jul-1997,https://m.media-amazon.com/images/M/MV5BZjc1N2NkZDItYmVlZi00Y2EwLTlhOTctNjE3OTg4ODA0NjRhXkEyXkFqcGc@..jpg,0,0,0,0,0,0,0,0,1,0,0,0,0,0,0,0,0,0,0,https://www.imdb.com/title/tt0116334/?ref_=fn_ttl_ttl_1
1392,"Locusts, The (1997)",01-Jan-1997,https://m.media-amazon.com/images/M/MV5BNDg5MzEyNDctOWNiMC00MmEyLTkxYjAtN2U4MDNiN2U0NjUxXkEyXkFqcGc@..jpg,0,0,0,0,0,0,0,0,1,0,0,0,0,0,0,0,0,0,0,https://www.imdb.com/title/tt0119557/?ref_=fn_ttl_ttl_1
1393,Stag (1997),01-Jan-1997,https://m.media-amazon.com/images/M/MV5BNmVkMzBlN2UtMjAyZC00MzUwLWI1MWEtZThkOTQyOWIxNWU3XkEyXkFqcGc@..jpg,0,1,0,0,0,0,0,0,0,0,0,0,0,0,0,0,1,0,0,https://www.imdb.com/title/tt0120192/?ref_=fn_ttl_ttl_1
1394,Swept from the Sea (1997),01-Jan-1997,https://m.media-amazon.com/images/M/MV5BMjBjY2NmYTItMDJmMi00Y2EzLWJhN2UtNmQxZWY4Y2NjZmJjXkEyXkFqcGc@..jpg,0,0,0,0,0,0,0,0,0,0,0,0,0,0,1,0,0,0,0,https://www.imdb.com/title/tt0120257/?ref_=fn_ttl_ttl_1
1395,Hurricane Streets (1998),01-Jan-1998,https://m.media-amazon.com/images/M/MV5BMTI5MTg5MjU3N15BMl5BanBnXkFtZTYwODEzMjY5..jpg,0,0,0,0,0,0,0,0,1,0,0,0,0,0,0,0,0,0,0,https://www.imdb.com/title/tt0119338/?ref_=fn_ttl_ttl_1
1396,Stonewall (1995),26-Jul-1996,https://m.media-amazon.com/images/M/MV5BMDAyNTg5MjItMDRmYy00ZjFmLWJhZGQtNDE4YzZiOTI3NjU4XkEyXkFqcGc@..jpg,0,0,0,0,0,0,0,0,1,0,0,0,0,0,0,0,0,0,0,https://www.imdb.com/title/tt0114550/?ref_=fn_ttl_ttl_1
1397,Of Human Bondage (1934),01-Jan-1934,https://m.media-amazon.com/images/M/MV5BNDJlNDE0NDEtOTE3Yi00MDQyLTk5NWEtNjFmNjI2NWU1MGEyXkEyXkFqcGc@..jpg,0,0,0,0,0,0,0,0,1,0,0,0,0,0,0,0,0,0,0,https://www.imdb.com/title/tt0025586/?ref_=fn_ttl_ttl_1
1398,Anna (1996),13-Nov-1996,https://m.media-amazon.com/images/M/MV5BNjkxNDM2OWUtNzM4Mi00OTU3LWE0MWYtNDg5MzAxOTQ4ZWZlXkEyXkFqcGc@..jpg,0,0,0,0,0,0,0,0,1,0,0,0,0,0,0,0,0,0,0,https://www.imdb.com/title/tt0115549/?ref_=fn_ttl_ttl_1
1399,Stranger in the House (1997),01-Jan-1997,https://m.media-amazon.com/images/M/MV5BMTg1MTg1NDE1OF5BMl5BanBnXkFtZTcwNzA2OTQxMQ@@..jpg,0,0,0,0,0,0,0,0,0,0,0,0,0,0,0,0,1,0,0,https://www.imdb.com/title/tt0120222/?ref_=fn_ttl_ttl_1
1400,Picture Bride (1995),01-Jan-1995,https://m.media-amazon.com/images/M/MV5BMDZjNjU4YmItY2M5MC00ZDAzLTgyMmEtNGY3NWQ5OTlhODRjXkEyXkFqcGc@..jpg,0,0,0,0,0,0,0,0,1,0,0,0,0,0,1,0,0,0,0,https://www.imdb.com/title/tt0114129/?ref_=fn_ttl_ttl_1
1401,M. Butterfly (1993),01-Jan-1993,https://m.media-amazon.com/images/M/MV5BNWIyN2Q4NWMtNzFiMS00NDRiLTk2Y2QtNzg1MGFiOGQ1NDgzXkEyXkFqcGc@..jpg,0,0,0,0,0,0,0,0,1,0,0,0,0,0,0,0,0,0,0,https://www.imdb.com/title/tt0107468/?ref_=fn_ttl_ttl_1
1402,"Ciao, Professore! (1993)",01-Jan-1993,https://m.media-amazon.com/images/M/MV5BYjdmYmU2YTktYTA5Ny00ZGNjLTg0MTItZTcxNDZmZWM2NzQ0XkEyXkFqcGc@..jpg,0,0,0,0,0,0,0,0,1,0,0,0,0,0,0,0,0,0,0,https://www.imdb.com/title/tt0107225/?ref_=fn_ttl_ttl_1
1403,Caro Diario (Dear Diary) (1994),01-Jan-1994,https://m.media-amazon.com/images/M/MV5BZWE1YzNlMmEtZGQwYy00YTFlLTk5NzQtZDJlZDdiMmM3OTE3XkEyXkFqcGc@..jpg,0,0,0,0,0,1,0,0,1,0,0,0,0,0,0,0,0,0,0,https://www.imdb.com/title/tt0109382/
1404,Withnail and I (1987),01-Jan-1987,https://m.media-amazon.com/images/M/MV5BNmFlOGIyNTMtNjBhYy00NTRiLTg3YWEtMThhOWM5ODU4Y2M2XkEyXkFqcGc@..jpg,0,0,0,0,0,1,0,0,0,0,0,0,0,0,0,0,0,0,0,https://www.imdb.com/title/tt0094336/?ref_=fn_ttl_ttl_1
1405,Boy's Life 2 (1997),07-Mar-1997,https://m.media-amazon.com/images/M/MV5BMTYxMTg5NDgwMV5BMl5BanBnXkFtZTcwNzA4NzgxMQ@@..jpg,0,0,0,0,0,0,0,0,1,0,0,0,0,0,0,0,0,0,0,https://www.imdb.com/title/tt0118762/?ref_=fn_ttl_ttl_1
1406,When Night Is Falling (1995),01-Jan-1995,https://m.media-amazon.com/images/M/MV5BZjMxMDYyNjItYjAwYi00NmExLWFiOTEtZWYzOGUzNmY3NmI2XkEyXkFqcGc@..jpg,0,0,0,0,0,0,0,0,1,0,0,0,0,0,1,0,0,0,0,https://www.imdb.com/title/tt0114916/?ref_=fn_ttl_ttl_1
1407,"Specialist, The (1994)",01-Jan-1994,https://m.media-amazon.com/images/M/MV5BZTI4MTYxYzItNmMyOC00MzBmLTg4MmUtNjM1OTlhM2IzMTc1XkEyXkFqcGc@..jpg,0,1,0,0,0,0,0,0,0,0,0,0,0,0,0,0,0,0,0,https://www.imdb.com/title/tt0111255/?ref_=fn_ttl_ttl_1
1408,Gordy (1995),01-Jan-1995,https://m.media-amazon.com/images/M/MV5BOTRlZTk4NzYtNmRlNi00ZTFjLWExOGEtYTlkMDc4ZDdhNGE3XkEyXkFqcGc@..jpg,0,0,0,0,0,1,0,0,0,0,0,0,0,0,0,0,0,0,0,https://www.imdb.com/title/tt0113199/?ref_=fn_ttl_ttl_1
1409,"Swan Princess, The (1994)",01-Jan-1994,https://m.media-amazon.com/images/M/MV5BMjU3NGY2MTktZjkzOC00YTQyLTkxOTUtYmZiZjZkNzJjNzg0XkEyXkFqcGc@..jpg,0,0,0,1,1,0,0,0,0,0,0,0,0,0,0,0,0,0,0,https://www.imdb.com/title/tt0111333/?ref_=fn_ttl_ttl_1
1410,Harlem (1993),01-Jan-1993,https://m.media-amazon.com/images/M/MV5BZDJhOTFlZjMtMWEyYy00M2FkLWIyYTgtZjJjYTFlNmM4YzNhXkEyXkFqcGc@..jpg,0,0,0,0,0,0,0,0,1,0,0,0,0,0,0,0,0,0,0,https://www.imdb.com/title/tt0097481/?ref_=fn_ttl_ttl_1
1411,Barbarella (1968),01-Jan-1968,https://m.media-amazon.com/images/M/MV5BMjExMzcwMjU4OV5BMl5BanBnXkFtZTgwNzYzMjU2MTE@..jpg,0,0,1,0,0,0,0,0,0,0,0,0,0,0,0,1,0,0,0,https://www.imdb.com/title/tt0062711/?ref_=fn_ttl_ttl_1
1412,Land Before Time III: The Time of the Great Giving (1995) (V),01-Jan-1995,https://m.media-amazon.com/images/M/MV5BMGQxMDlmZmItZjY2Ni00OTUwLTgxNWEtZGExYmNmNmE5YzcyXkEyXkFqcGc@..jpg,0,0,0,1,1,0,0,0,0,0,0,0,0,0,0,0,0,0,0,https://www.imdb.com/title/tt0113596/
1413,Street Fighter (1994),01-Jan-1994,https://m.media-amazon.com/images/M/MV5BMTliMDFmNDQtZjRlYS00MDE3LWJmOTktNjA0ZDUwZjcyNTdiXkEyXkFqcGc@..jpg,0,1,0,0,0,0,0,0,0,0,0,0,0,0,0,0,0,0,0,https://www.imdb.com/title/tt0111301/?ref_=fn_ttl_ttl_1
1414,Coldblooded (1995),01-Jan-1995,https://m.media-amazon.com/images/M/MV5BZTAxNTZjMjUtNDA4ZS00NGY5LWFmNjktYjRmMjlmYWYwZTQxXkEyXkFqcGc@..jpg,0,1,0,0,0,0,0,0,0,0,0,0,0,0,0,0,0,0,0,https://www.imdb.com/title/tt0112702/?ref_=fn_ttl_ttl_1
1415,"Next Karate Kid, The (1994)",01-Jan-1994,https://m.media-amazon.com/images/M/MV5BY2FhMzYzZjMtOGFhZS00OWQxLWI2Y2ItMWYyZjJiNjE4YWRlXkEyXkFqcGc@..jpg,0,1,0,0,1,0,0,0,0,0,0,0,0,0,0,0,0,0,0,https://www.imdb.com/title/tt0110657/?ref_=fn_ttl_ttl_1
1416,No Escape (1994),01-Jan-1994,https://m.media-amazon.com/images/M/MV5BNzQ3ODA1ODc4N15BMl5BanBnXkFtZTgwMDI4MzgxMTE@..jpg,0,1,0,0,0,0,0,0,0,0,0,0,0,0,0,1,0,0,0,https://www.imdb.com/title/tt0110678/?ref_=fn_ttl_ttl_1
1417,"Turning, The (1992)",02-May-1997,https://m.media-amazon.com/images/M/MV5BMTg2MDcyMjE5OF5BMl5BanBnXkFtZTcwNTcwNTUxMQ@@..jpg,0,0,0,0,0,0,0,0,1,0,0,0,0,0,0,0,0,0,0,https://www.imdb.com/title/tt0105660/?ref_=fn_ttl_ttl_1
1418,"Joy Luck Club, The (1993)",01-Jan-1993,https://m.media-amazon.com/images/M/MV5BNGE2YWVjZDYtOGI2Ni00NjUwLWI5ZjgtODA3ZTI5M2NlMmZmXkEyXkFqcGc@..jpg,0,0,0,0,0,0,0,0,1,0,0,0,0,0,0,0,0,0,0,https://www.imdb.com/title/tt0107282/?ref_=fn_ttl_ttl_1
1419,Highlander III: The Sorcerer (1994),01-Jan-1994,https://m.media-amazon.com/images/M/MV5BNDdlYTMwYTMtYjA0Mi00M2ViLTk5ZjctOTE3N2U2MjgyODFjXkEyXkFqcGc@..jpg,0,1,0,0,0,0,0,0,0,0,0,0,0,0,0,1,0,0,0,https://www.imdb.com/title/tt0110027/?ref_=fn_ttl_ttl_1
1420,Gilligan's Island: The Movie (1998),01-Jan-1997,https://m.media-amazon.com/images/M/MV5BZWQxYWNlNTItNWY4YS00OWM5LWJjMjMtZDNlZDdhMGUwMTVkXkEyXkFqcGc@..jpg,0,0,0,0,0,1,0,0,0,0,0,0,0,0,0,0,0,0,0,https://www.imdb.com/title/tt8098546/?ref_=fn_ttl_ttl_1
1421,My Crazy Life (Mi vida loca) (1993),01-Jan-1993,https://m.media-amazon.com/images/M/MV5BZjE0MzQ1MTItNWNmMC00ZTEzLWIyZTAtODM5ODZmYzFiZGM0XkEyXkFqcGc@..jpg,0,0,0,0,0,0,0,0,1,0,0,0,0,0,0,0,0,0,0,https://www.imdb.com/title/tt0107566/
1422,Suture (1993),01-Jan-1993,https://m.media-amazon.com/images/M/MV5BMWJmNGU1YTQtNWQ5MC00MmM3LTlmNmEtNDM5MmE5MTUxMTYzXkEyXkFqcGc@..jpg,0,0,0,0,0,0,0,0,0,0,1,0,0,0,0,0,1,0,0,https://www.imdb.com/title/tt0108260/?ref_=fn_ttl_ttl_1
1423,"Walking Dead, The (1995)",01-Jan-1995,https://m.media-amazon.com/images/M/MV5BNWNiMGQ2YWEtOWE4OC00NWVkLTg5Y2MtYzRjNGE5YjA2NWY0XkEyXkFqcGc@..jpg,0,0,0,0,0,0,0,0,1,0,0,0,0,0,0,0,0,1,0,https://www.imdb.com/title/tt0114888/?ref_=fn_ttl_ttl_1
1424,I Like It Like That (1994),01-Jan-1994,https://m.media-amazon.com/images/M/MV5BZGZlYjM1NjktOWNjNS00OGVmLTlkOGYtMzk3NGFjYzY1ZDU1XkEyXkFqcGc@..jpg,0,0,0,0,0,1,0,0,1,0,0,0,0,0,1,0,0,0,0,https://www.imdb.com/title/tt0110091/?ref_=fn_ttl_ttl_1
1425,I'll Do Anything (1994),01-Jan-1994,https://m.media-amazon.com/images/M/MV5BMGYyZGE5MjQtM2QxYS00NGRkLTllNjMtZmY3YmE4NGM4MTk5XkEyXkFqcGc@..jpg,0,0,0,0,0,1,0,0,1,0,0,0,0,0,0,0,0,0,0,https://www.imdb.com/title/tt0110097/?ref_=fn_ttl_ttl_1
1426,Grace of My Heart (1996),13-Sep-1996,https://m.media-amazon.com/images/M/MV5BZWRjZjA4MDEtZWYzYi00NDI5LTk3MjItMjEwZDRlYjFhZGNiXkEyXkFqcGc@..jpg,0,0,0,0,0,1,0,0,1,0,0,0,0,0,0,0,0,0,0,https://www.imdb.com/title/tt0116442/?ref_=fn_ttl_ttl_1
1427,Drunks (1995),01-Nov-1996,https://m.media-amazon.com/images/M/MV5BNzc3ODE3MTgtYjgxZS00MWE2LThlMDMtYWVlOTA2MjlkNWU2XkEyXkFqcGc@..jpg,0,0,0,0,0,0,0,0,1,0,0,0,0,0,0,0,0,0,0,https://www.imdb.com/title/tt0112907/?ref_=fn_ttl_ttl_1
1428,SubUrbia (1997),07-Feb-1997,https://m.media-amazon.com/images/M/MV5BZTU1OGIxYjItNGM4My00ZDUwLTg3MzQtMDBlYmUzMjQ3NzVjXkEyXkFqcGc@..jpg,0,0,0,0,0,1,0,0,0,0,0,0,0,0,0,0,0,0,0,https://www.imdb.com/title/tt0086589/?ref_=fn_ttl_ttl_1
1429,Sliding Doors (1998),01-Jan-1998,https://m.media-amazon.com/images/M/MV5BY2VhZDYyYjEtMzBkNC00MWI4LWIxNWYtZTAyMTJiNzY4NjgyXkEyXkFqcGc@..jpg,0,0,0,0,0,0,0,0,1,0,0,0,0,0,1,0,0,0,0,https://www.imdb.com/title/tt0120148/?ref_=fn_ttl_ttl_1
1430,Ill Gotten Gains (1997),01-Jan-1997,https://m.media-amazon.com/images/M/MV5BMDVkMjY4YjktZjFhMi00ODU4LTkyNDUtZmJhMTcwODc1ZmU5XkEyXkFqcGc@..jpg,0,0,0,0,0,0,0,0,1,0,0,0,0,0,0,0,0,0,0,https://www.imdb.com/title/tt0119352/?ref_=fn_ttl_ttl_1
1431,Legal Deceit (1997),01-Jan-1997,https://m.media-amazon.com/images/M/MV5BMDQxYWRkZmEtZTdhYS00Mzk2LThmZDgtYmY4NGM2YjllODZkXkEyXkFqcGc@..jpg,0,0,0,0,0,0,0,0,0,0,0,0,0,0,0,0,1,0,0,https://www.imdb.com/title/tt0130073/?ref_=fn_ttl_ttl_1
1432,"Mighty, The (1998)",09-Oct-1998,https://m.media-amazon.com/images/M/MV5BNzY4M2NkY2QtZDZhMC00MGFjLTgzNmMtZWQ0YmMxOTU2MjdkXkEyXkFqcGc@..jpg,0,0,0,0,0,0,0,0,1,0,0,0,0,0,0,0,0,0,0,https://www.imdb.com/title/tt0119670/?ref_=fn_ttl_ttl_1
1433,Men of Means (1998),01-Jan-1997,https://m.media-amazon.com/images/M/MV5BNGVlNGExYjktZTc0Yi00MjQ1LThiZDAtNmJiYWU0Y2RjODUyXkEyXkFqcGc@..jpg,0,1,0,0,0,0,0,0,1,0,0,0,0,0,0,0,0,0,0,https://www.imdb.com/title/tt0119655/?ref_=fn_ttl_ttl_1
1434,Shooting Fish (1997),16-Jan-1998,https://m.media-amazon.com/images/M/MV5BMGVjMmY5ZjAtMWNiMy00MGYwLTliNWQtZjM2MGQyMzk0MjM0XkEyXkFqcGc@..jpg,0,0,0,0,0,0,0,0,0,0,0,0,0,0,1,0,0,0,0,https://www.imdb.com/title/tt0120122/?ref_=fn_ttl_ttl_1
1435,"Steal Big, Steal Little (1995)",01-Jan-1995,https://m.media-amazon.com/images/M/MV5BNjVhMzhiMzMtYzg5Zi00ZTVkLTkyZGEtOGM3ZTE1Y2ZkODQ3XkEyXkFqcGc@..jpg,0,0,0,0,0,1,0,0,0,0,0,0,0,0,0,0,0,0,0,https://www.imdb.com/title/tt0114536/?ref_=fn_ttl_ttl_1
1436,Mr. Jones (1993),01-Jan-1993,https://m.media-amazon.com/images/M/MV5BNTUyYmZiNWMtMTNlYS00MTMzLTlmZTMtMzhiMDU4YmZlZWM0XkEyXkFqcGc@..jpg,0,0,0,0,0,0,0,0,1,0,0,0,0,0,1,0,0,0,0,https://www.imdb.com/title/tt0107611/?ref_=fn_ttl_ttl_1
1437,House Party 3 (1994),01-Jan-1994,https://m.media-amazon.com/images/M/MV5BZjM1NTk4MjItYjVhYS00ODQ5LWI5YjUtZTMzYjYxMDc5NzA5XkEyXkFqcGc@..jpg,0,0,0,0,0,1,0,0,0,0,0,0,0,0,0,0,0,0,0,https://www.imdb.com/title/tt0110064/?ref_=fn_ttl_ttl_1
1438,Panther (1995),01-Jan-1995,https://m.media-amazon.com/images/M/MV5BNDI3NTIxYTMtNTc5YS00NWQwLWFiM2EtMzY1MGZlZjNhNzYxXkEyXkFqcGc@..jpg,0,0,0,0,0,0,0,0,1,0,0,0,0,0,0,0,0,0,0,https://www.imdb.com/title/tt0114084/?ref_=fn_ttl_ttl_1
1439,Jason's Lyric (1994),01-Jan-1994,https://m.media-amazon.com/images/M/MV5BZWY1YjQ5NTMtNjE3MS00NzM4LTk1NTEtNDY4ZDA3OTA2NzA1XkEyXkFqcGc@..jpg,0,0,0,0,0,0,1,0,1,0,0,0,0,0,0,0,0,0,0,https://www.imdb.com/title/tt0110186/?ref_=fn_ttl_ttl_1
1440,Above the Rim (1994),01-Jan-1994,https://m.media-amazon.com/images/M/MV5BOWVkZTNmZDItMTdiOS00NTVmLTg4MzgtZjBkYjI2NjcwNTgyXkEyXkFqcGc@..jpg,0,0,0,0,0,0,0,0,1,0,0,0,0,0,0,0,0,0,0,https://www.imdb.com/title/tt0109035/?ref_=fn_ttl_ttl_1
1441,Moonlight and Valentino (1995),01-Jan-1995,https://m.media-amazon.com/images/M/MV5BYjk2YmEwYmItNGQ0NC00OWEzLTk4ZmItNjAxNjY2MWI3MjZiXkEyXkFqcGc@..jpg,0,0,0,0,0,0,0,0,1,0,0,0,0,0,1,0,0,0,0,https://www.imdb.com/title/tt0113851/?ref_=fn_ttl_ttl_1
1442,"Scarlet Letter, The (1995)",01-Jan-1995,https://m.media-amazon.com/images/M/MV5BM2EzYjU0YzAtMTk4NS00MDA2LTk3NTAtNmVkZTY2ZmM2ODVlXkEyXkFqcGc@..jpg,0,0,0,0,0,0,0,0,1,0,0,0,0,0,0,0,0,0,0,https://www.imdb.com/title/tt0114345/?ref_=fn_ttl_ttl_1
1443,8 Seconds (1994),01-Jan-1994,https://m.media-amazon.com/images/M/MV5BYWE4YjZmYjctYzBkOS00NWYwLWJlZGMtM2I5ZjY5N2E1MTUxXkEyXkFqcGc@..jpg,0,0,0,0,0,0,0,0,1,0,0,0,0,0,0,0,0,0,0,https://www.imdb.com/title/tt0109021/?ref_=fn_ttl_ttl_1
1444,That Darn Cat! (1965),01-Jan-1965,https://m.media-amazon.com/images/M/MV5BNTFjYjAyNGEtZjdlZS00NDZlLWE0ZjUtNzIyZTY5NTNkMDgzXkEyXkFqcGc@..jpg,0,0,0,0,1,1,0,0,0,0,0,0,0,1,0,0,0,0,0,https://www.imdb.com/title/tt0059793/?ref_=fn_ttl_ttl_1
1445,Ladybird Ladybird (1994),01-Jan-1994,https://m.media-amazon.com/images/M/MV5BMTAzYmFlYTktNjA4Yi00NDAxLTljNzgtMmNhM2IwZWViNzJmXkEyXkFqcGc@..jpg,0,0,0,0,0,0,0,0,1,0,0,0,0,0,0,0,0,0,0,https://www.imdb.com/title/tt0110296/?ref_=fn_ttl_ttl_1
1446,"Bye Bye, Love (1995)",01-Jan-1995,https://m.media-amazon.com/images/M/MV5BMGExNjM4ZjktYzNkYS00NWFmLWJiOTEtMTc0MTZlN2Q3NTUzXkEyXkFqcGc@..jpg,0,0,0,0,0,1,0,0,0,0,0,0,0,0,0,0,0,0,0,https://www.imdb.com/title/tt0112606/?ref_=fn_ttl_ttl_1
1447,Century (1993),01-Jan-1993,https://m.media-amazon.com/images/M/MV5BMTM1ODYwNzI1OF5BMl5BanBnXkFtZTcwNjMxODcxMQ@@..jpg,0,0,0,0,0,0,0,0,1,0,0,0,0,0,0,0,0,0,0,https://www.imdb.com/title/tt0106537/?ref_=fn_ttl_ttl_1
1448,My Favorite Season (1993),19-Apr-1996,https://m.media-amazon.com/images/M/MV5BMTQ0NzE2MzA2NF5BMl5BanBnXkFtZTgwNDc3NTkwMzE@..jpg,0,0,0,0,0,0,0,0,1,0,0,0,0,0,0,0,0,0,0,https://www.imdb.com/title/tt0107471/?ref_=fn_ttl_ttl_1
1449,Pather Panchali (1955),22-Mar-1996,https://m.media-amazon.com/images/M/MV5BNmZhNzc0ZDMtZDg2My00MjkxLWJjZTctNTljODc2ZjQzMzJkXkEyXkFqcGc@..jpg,0,0,0,0,0,0,0,0,1,0,0,0,0,0,0,0,0,0,0,https://www.imdb.com/title/tt0048473/?ref_=fn_ttl_ttl_1
1450,Golden Earrings (1947),01-Jan-1947,https://m.media-amazon.com/images/M/MV5BYzU4OTA0ZDctNTBiMy00NzhhLTk3NTgtMWQwNzUyYjdjNjk2XkEyXkFqcGc@..jpg,0,0,1,0,0,0,0,0,0,0,0,0,0,0,1,0,0,0,0,https://www.imdb.com/title/tt0039428/?ref_=fn_ttl_ttl_1
1451,Foreign Correspondent (1940),01-Jan-1940,https://m.media-amazon.com/images/M/MV5BNzE1M2QxY2YtNzI3NS00ZTViLTkxZTEtNGM4NWVjMjAyYjM0XkEyXkFqcGc@..jpg,0,0,0,0,0,0,0,0,0,0,0,0,0,0,0,0,1,0,0,https://www.imdb.com/title/tt0032484/?ref_=fn_ttl_ttl_1
1452,Lady of Burlesque (1943),01-Jan-1943,https://m.media-amazon.com/images/M/MV5BMDYyZjA3ZTgtOGY5OC00NmRlLTg1MDktY2UzZjJkNGEyZTIxXkEyXkFqcGc@..jpg,0,0,0,0,0,1,0,0,0,0,0,0,0,1,0,0,0,0,0,https://www.imdb.com/title/tt0036094/?ref_=fn_ttl_ttl_1
1453,Angel on My Shoulder (1946),01-Jan-1946,https://m.media-amazon.com/images/M/MV5BZjQ4MDUxMTctYmIzYy00ZWJjLWI4MjYtZDJhZDI3NTdkZTExXkEyXkFqcGc@..jpg,0,0,0,0,0,0,1,0,1,0,0,0,0,0,0,0,0,0,0,https://www.imdb.com/title/tt0038300/?ref_=fn_ttl_ttl_1
1454,Angel and the Badman (1947),01-Jan-1947,https://m.media-amazon.com/images/M/MV5BZjc4NzhmYjQtOTMwNi00OGVlLTlhMzItMWMxNTQ3YjFmYmYxXkEyXkFqcGc@..jpg,0,0,0,0,0,0,0,0,0,0,0,0,0,0,0,0,0,0,1,https://www.imdb.com/title/tt0039152/?ref_=fn_ttl_ttl_1
1455,"Outlaw, The (1943)",01-Jan-1943,https://m.media-amazon.com/images/M/MV5BMjhjODA0ZGYtNzQ3Mi00MmY3LWI4ZDItZDA5OTQwODk3NTA1XkEyXkFqcGc@..jpg,0,0,0,0,0,0,0,0,0,0,0,0,0,0,0,0,0,0,1,https://www.imdb.com/title/tt0036241/?ref_=fn_ttl_ttl_1
1456,Beat the Devil (1954),01-Jan-1954,https://m.media-amazon.com/images/M/MV5BMjA2MDUyMzcxMl5BMl5BanBnXkFtZTgwOTQzNzYzMjE@..jpg,0,0,0,0,0,1,0,0,1,0,0,0,0,0,0,0,0,0,0,https://www.imdb.com/title/tt0046414/?ref_=fn_ttl_ttl_1
1457,Love Is All There Is (1996),11-Oct-1996,https://m.media-amazon.com/images/M/MV5BMjA1ODEyMTg3M15BMl5BanBnXkFtZTcwNzgzNzA2NA@@..jpg,0,0,0,0,0,1,0,0,1,0,0,0,0,0,0,0,0,0,0,https://www.imdb.com/title/tt0116928/?ref_=fn_ttl_ttl_1
1458,"Damsel in Distress, A (1937)",01-Jan-1937,https://m.media-amazon.com/images/M/MV5BNzFiOWYwMjYtMmQ1OS00MTkxLWI3ZDQtNTVjNjA2NDUzNGNmXkEyXkFqcGc@..jpg,0,0,0,0,0,1,0,0,0,0,0,0,1,0,1,0,0,0,0,https://www.imdb.com/title/tt0028757/?ref_=fn_ttl_ttl_1
1459,Madame Butterfly (1995),20-Sep-1996,https://m.media-amazon.com/images/M/MV5BZTA0NTZhOTUtYjZlMC00NjZjLWE4OWQtM2RmZjc0YTcwY2FjXkEyXkFqcGc@..jpg,0,0,0,0,0,0,0,0,0,0,0,0,1,0,0,0,0,0,0,https://www.imdb.com/title/tt0113731/?ref_=fn_ttl_ttl_1
1460,Sleepover (1995),25-Oct-1996,https://m.media-amazon.com/images/M/MV5BMTUzMzY5MDA4M15BMl5BanBnXkFtZTcwNjE4MzAzMQ@@..jpg,0,0,0,0,0,1,0,0,1,0,0,0,0,0,0,0,0,0,0,https://www.imdb.com/title/tt0114472/?ref_=fn_ttl_ttl_1
1461,Here Comes Cookie (1935),01-Jan-1935,https://m.media-amazon.com/images/M/MV5BZmFkODU2OWUtMmYwNi00ODFmLTg3NzEtY2FhN2ExNGZiNjNkXkEyXkFqcGc@..jpg,0,0,0,0,0,1,0,0,0,0,0,0,0,0,0,0,0,0,0,https://www.imdb.com/title/tt0026465/?ref_=fn_ttl_ttl_1
1462,"Thieves (Voleurs, Les) (1996)",25-Dec-1996,https://m.media-amazon.com/images/M/MV5BN2NiYTIxYmQtYzA4Ni00NzU3LTkwYzktNzZjMDJkOTg1ZTI3XkEyXkFqcGc@..jpg,0,0,0,0,0,0,1,0,1,0,0,0,0,0,1,0,0,0,0,https://www.imdb.com/title/tt0118100/
1463,"Boys, Les (1997)",01-Jan-1997,https://m.media-amazon.com/images/M/MV5BNzYxOTJhMjctZjk5Mi00MzBmLWEyZTEtZTllZWIzMDU3NzI0XkEyXkFqcGc@..jpg,0,0,0,0,0,1,0,0,0,0,0,0,0,0,0,0,0,0,0,https://www.imdb.com/title/tt0118764/?ref_=fn_ttl_ttl_1
1464,"Stars Fell on Henrietta, The (1995)",01-Jan-1995,https://m.media-amazon.com/images/M/MV5BZGI3MjA1NzItMWI5OC00ODFkLWIxMzEtNjc4YTk2MTgzMmE2XkEyXkFqcGc@..jpg,0,0,0,0,0,0,0,0,1,0,0,0,0,0,0,0,0,0,0,https://www.imdb.com/title/tt0114534/?ref_=fn_ttl_ttl_1
1465,Last Summer in the Hamptons (1995),01-Jan-1995,https://m.media-amazon.com/images/M/MV5BMTY2OTM4MDI2OV5BMl5BanBnXkFtZTcwNTQxMTYxMQ@@..jpg,0,0,0,0,0,1,0,0,1,0,0,0,0,0,0,0,0,0,0,https://www.imdb.com/title/tt0113612/?ref_=fn_ttl_ttl_1
1466,Margaret's Museum (1995),01-Jan-1995,https://m.media-amazon.com/images/M/MV5BZTM4OTc5YWMtMzJkNy00NGRlLWJlOGUtOTdiMWVhYWQ2OWZiXkEyXkFqcGc@..jpg,0,0,0,0,0,0,0,0,1,0,0,0,0,0,0,0,0,0,0,https://www.imdb.com/title/tt0113774/?ref_=fn_ttl_ttl_1
1467,"Saint of Fort Washington, The (1993)",01-Jan-1993,https://m.media-amazon.com/images/M/MV5BOTlhZDIzMGQtNWFhMy00ODgwLWE3NjctM2RiODI0MGQzNjgxXkEyXkFqcGc@..jpg,0,0,0,0,0,0,0,0,1,0,0,0,0,0,0,0,0,0,0,https://www.imdb.com/title/tt0108026/?ref_=fn_ttl_ttl_1
1468,"Cure, The (1995)",01-Jan-1995,https://m.media-amazon.com/images/M/MV5BOTkzNjI3MWUtM2RhYi00YzliLWI2YmUtMWM3MjVhZjgwOGE2XkEyXkFqcGc@..jpg,0,0,0,0,0,0,0,0,1,0,0,0,0,0,0,0,0,0,0,https://www.imdb.com/title/tt0112757/?ref_=fn_ttl_ttl_1
1469,Tom and Huck (1995),01-Jan-1995,https://m.media-amazon.com/images/M/MV5BOGRlOTlkMDYtYjM4Ny00MGJhLWEyZGItMGYxYzUzNWQ1YWQ4XkEyXkFqcGc@..jpg,0,0,1,0,1,0,0,0,0,0,0,0,0,0,0,0,0,0,0,https://www.imdb.com/title/tt0112302/?ref_=fn_ttl_ttl_1
1470,Gumby: The Movie (1995),01-Jan-1995,https://m.media-amazon.com/images/M/MV5BZmEwYjFkNTgtZTI5Ni00YTZkLTlkYzItM2IyNTc5MTIzOWZlXkEyXkFqcGc@..jpg,0,0,0,1,1,0,0,0,0,0,0,0,0,0,0,0,0,0,0,https://www.imdb.com/title/tt0113234/?ref_=fn_ttl_ttl_1
1471,Hideaway (1995),01-Jan-1995,https://m.media-amazon.com/images/M/MV5BOGY1ZmYzZmUtOGIwYi00NTU4LWFjNTAtMTFkMWRjMjRlYTA3XkEyXkFqcGc@..jpg,0,0,0,0,0,0,0,0,0,0,0,0,0,0,0,0,1,0,0,https://www.imdb.com/title/tt0113303/?ref_=fn_ttl_ttl_1
1472,"Visitors, The (Visiteurs, Les) (1993)",19-Jul-1996,https://m.media-amazon.com/images/M/MV5BY2RhYjBlMTMtNTQxZS00ZDI3LWJiZTEtZDRkZGY3NmNhM2VlXkEyXkFqcGc@..jpg,0,0,0,0,0,1,0,0,0,0,0,0,0,0,0,1,0,0,0,https://www.imdb.com/title/tt0108500/
1473,"Little Princess, The (1939)",01-Jan-1939,https://m.media-amazon.com/images/M/MV5BYWM1NWQ2OTAtMGE1Ny00YzQwLWFhM2ItNTg2NjNkMWMzOTIwXkEyXkFqcGc@..jpg,0,0,0,0,1,0,0,0,1,0,0,0,0,0,0,0,0,0,0,https://www.imdb.com/title/tt0031580/?ref_=fn_ttl_ttl_1
1474,Nina Takes a Lover (1994),01-Jan-1994,https://m.media-amazon.com/images/M/MV5BODk1MWYwYWEtODQ3OS00OTI5LWJkYTktZTk5MTAyYWY3ZDA1XkEyXkFqcGc@..jpg,0,0,0,0,0,1,0,0,0,0,0,0,0,0,1,0,0,0,0,https://www.imdb.com/title/tt0110671/?ref_=fn_ttl_ttl_1
1475,Bhaji on the Beach (1993),01-Jan-1993,https://m.media-amazon.com/images/M/MV5BZmY0MmQ4ZmEtZDQ2MS00MGIyLWFmY2YtMjgxZTFhOGU2OTI2XkEyXkFqcGc@..jpg,0,0,0,0,0,1,0,0,1,0,0,0,0,0,0,0,0,0,0,https://www.imdb.com/title/tt0106408/?ref_=fn_ttl_ttl_1
1476,Raw Deal (1948),01-Jan-1948,https://m.media-amazon.com/images/M/MV5BMjI1MjQzMjQ2MF5BMl5BanBnXkFtZTgwNDY0MjE3MjE@..jpg,0,0,0,0,0,0,0,0,0,0,1,0,0,0,0,0,0,0,0,https://www.imdb.com/title/tt0040723/?ref_=fn_ttl_ttl_1
1477,Nightwatch (1997),22-Apr-1997,https://m.media-amazon.com/images/M/MV5BNTE0YTVlMmEtZmNkYS00OWE2LTgwYWEtOTMwNzNlZjYxYTBmXkEyXkFqcGc@..jpg,0,0,0,0,0,0,0,0,0,0,0,1,0,0,0,0,1,0,0,https://www.imdb.com/title/tt0119791/?ref_=fn_ttl_ttl_1
1478,Dead Presidents (1995),01-Jan-1995,https://m.media-amazon.com/images/M/MV5BNTUzZTczZGItNjY4My00YTIyLTgyODYtNjFmNDY2ZWJlNTlmXkEyXkFqcGc@..jpg,0,1,0,0,0,0,1,0,1,0,0,0,0,0,0,0,0,0,0,https://www.imdb.com/title/tt0112819/?ref_=fn_ttl_ttl_1
1479,Reckless (1995),01-Jan-1995,https://m.media-amazon.com/images/M/MV5BMDgzOWU5MmMtMDNhZC00NzRiLTkxMGUtNzk1OGY4OTEwMDY1XkEyXkFqcGc@..jpg,0,0,0,0,0,1,0,0,0,0,0,0,0,0,0,0,0,0,0,https://www.imdb.com/title/tt0114241/?ref_=fn_ttl_ttl_1
1480,Herbie Rides Again (1974),01-Jan-1974,https://m.media-amazon.com/images/M/MV5BYjkwZjI3YTEtYmU1ZS00N2U2LWEzNmEtZDBmZTdiYjFhNWVmXkEyXkFqcGc@..jpg,0,0,1,0,1,1,0,0,0,0,0,0,0,0,0,0,0,0,0,https://www.imdb.com/title/tt0071607/?ref_=fn_ttl_ttl_1
1481,S.F.W. (1994),01-Jan-1994,https://m.media-amazon.com/images/M/MV5BYTBlNjc2NjUtY2RjMS00MDFlLWE1NjUtNjc0ZjA5YzBiZDI1XkEyXkFqcGc@..jpg,0,0,0,0,0,0,0,0,1,0,0,0,0,0,0,0,0,0,0,https://www.imdb.com/title/tt0111048/?ref_=fn_ttl_ttl_1
1482,"Gate of Heavenly Peace, The (1995)",10-May-1996,https://m.media-amazon.com/images/M/MV5BNTQ5ZDQyMzYtMDRiNy00OTQxLWJjNGYtOWE1MmIyNzBiYWJjXkEyXkFqcGc@..jpg,0,0,0,0,0,0,0,1,0,0,0,0,0,0,0,0,0,0,0,https://www.imdb.com/title/tt23129470/?ref_=fn_ttl_ttl_1
1483,"Man in the Iron Mask, The (1998)",17-Mar-1998,https://m.media-amazon.com/images/M/MV5BNDc4YWYzNzEtNWMwMC00Y2ZlLWEzZWEtZDcwYjcwYTE3Y2ZlXkEyXkFqcGc@..jpg,0,1,0,0,0,0,0,0,1,0,0,0,0,0,1,0,0,0,0,https://www.imdb.com/title/tt0120744/?ref_=fn_ttl_ttl_1
1484,"Jerky Boys, The (1994)",01-Jan-1994,https://m.media-amazon.com/images/M/MV5BZTYwNWJjMDEtMjQ0Zi00NDk5LTgwMzItNjljOWU1N2UzYTEzXkEyXkFqcGc@..jpg,0,1,0,0,0,1,0,0,0,0,0,0,0,0,0,0,0,0,0,https://www.imdb.com/title/tt0110189/?ref_=fn_ttl_ttl_1
1485,"Colonel Chabert, Le (1994)",01-Jan-1994,https://m.media-amazon.com/images/M/MV5BMjY4MmMwYTMtYjBlYS00ZjRhLTkxNDAtY2RmZTQ2ZWRmYWIwXkEyXkFqcGc@..jpg,0,0,0,0,0,0,0,0,1,0,0,0,0,0,1,0,0,1,0,https://www.imdb.com/title/tt0109454/?ref_=fn_ttl_ttl_1
1486,Girl in the Cadillac (1995),01-Jan-1995,https://m.media-amazon.com/images/M/MV5BMjNmNjE2OTEtMDc5MS00ZjdkLTk0ZTQtOWIwMmRkZTRiOTM3XkEyXkFqcGc@..jpg,0,0,0,0,0,0,0,0,1,0,0,0,0,0,0,0,0,0,0,https://www.imdb.com/title/tt0113173/?ref_=fn_ttl_ttl_1
1487,Even Cowgirls Get the Blues (1993),01-Jan-1993,https://m.media-amazon.com/images/M/MV5BODFjYzFkNGItYTNkOS00NjdlLTgwODEtNTBjNmU1N2MzYjE2XkEyXkFqcGc@..jpg,0,0,0,0,0,1,0,0,0,0,0,0,0,0,1,0,0,0,0,https://www.imdb.com/title/tt0106834/?ref_=fn_ttl_ttl_1
1488,Germinal (1993),01-Jan-1993,https://m.media-amazon.com/images/M/MV5BYWIwY2FkOWItZDc4Yi00ZTQxLWI0YTQtNmNmZGZmMDZhNjA4XkEyXkFqcGc@..jpg,0,0,0,0,0,0,0,0,1,0,0,0,0,0,0,0,0,0,0,https://www.imdb.com/title/tt0107002/?ref_=fn_ttl_ttl_1
1489,Chasers (1994),01-Jan-1994,https://m.media-amazon.com/images/M/MV5BNWNjMWM0YjItZDJjNC00ZGVjLTlkNWUtZmQ1MmMwOTZiNGRjXkEyXkFqcGc@..jpg,0,0,0,0,0,1,0,0,0,0,0,0,0,0,0,0,0,0,0,https://www.imdb.com/title/tt0109403/?ref_=fn_ttl_ttl_1
1490,Fausto (1993),01-Jan-1993,https://m.media-amazon.com/images/M/MV5BMTY2NzQxOTcyM15BMl5BanBnXkFtZTcwMTM4MDcxMQ@@..jpg,0,0,0,0,0,1,0,0,0,0,0,0,0,0,0,0,0,0,0,https://www.imdb.com/title/tt0106878/?ref_=fn_ttl_ttl_1
1491,Tough and Deadly (1995),01-Jan-1995,https://m.media-amazon.com/images/M/MV5BYzE5Mzg3N2ItOTE2NC00N2I3LTk2YWEtYTE4NzM4YzgwYzQ2XkEyXkFqcGc@..jpg,0,1,0,0,0,0,0,0,1,0,0,0,0,0,0,0,1,0,0,https://www.imdb.com/title/tt0114706/
1492,Window to Paris (1994),01-Jan-1994,https://m.media-amazon.com/images/M/MV5BMTliOTZkNmEtMDdmYS00ZGY1LWJhNDgtY2ZhYTE4YjQ2MjY3XkEyXkFqcGc@..jpg,0,0,0,0,0,1,0,0,0,0,0,0,0,0,0,0,0,0,0,https://www.imdb.com/title/tt0110719/?ref_=fn_ttl_ttl_1
1493,"Modern Affair, A (1995)",06-Sep-1996,https://m.media-amazon.com/images/M/MV5BMjE5MDM4NzM2OV5BMl5BanBnXkFtZTcwODU2OTYxMQ@@..jpg,0,0,0,0,0,0,0,0,0,0,0,0,0,0,1,0,0,0,0,https://www.imdb.com/title/tt0113839/?ref_=fn_ttl_ttl_1
1494,"Mostro, Il (1994)",19-Apr-1996,https://m.media-amazon.com/images/M/MV5BODViOWNiOTItMjU3My00YTdhLWIxYTQtNjg5ZDI4ZGRmMmIwXkEyXkFqcGc@..jpg,0,0,0,0,0,1,0,0,0,0,0,0,0,0,0,0,0,0,0,https://www.imdb.com/title/tt0110570/?ref_=fn_ttl_ttl_1
1495,Flirt (1995),07-Aug-1996,https://m.media-amazon.com/images/M/MV5BZjk5M2ViOGMtN2JmOC00YmMwLTk4NDAtYzM3ODRhNGMyZjEyXkEyXkFqcGc@..jpg,0,0,0,0,0,0,0,0,1,0,0,0,0,0,0,0,0,0,0,https://www.imdb.com/title/tt0113080/?ref_=fn_ttl_ttl_1
1496,Carpool (1996),23-Aug-1996,https://m.media-amazon.com/images/M/MV5BNjg2ZTExNGQtOThjZC00NDU0LTkwYWQtM2I4M2VmOTcxMGU4XkEyXkFqcGc@..jpg,0,0,0,0,0,1,1,0,0,0,0,0,0,0,0,0,0,0,0,https://www.imdb.com/title/tt0115836/?ref_=fn_ttl_ttl_1
1497,"Line King: Al Hirschfeld, The (1996)",11-Oct-1996,https://m.media-amazon.com/images/M/MV5BMjE5MTMwMDY5NV5BMl5BanBnXkFtZTcwMDMwOTUyMQ@@..jpg,0,0,0,0,0,0,0,1,0,0,0,0,0,0,0,0,0,0,0,https://www.imdb.com/title/tt0116886/?ref_=fn_ttl_ttl_1
1498,Farmer & Chase (1995),10-Jan-1997,https://m.media-amazon.com/images/M/MV5BNzFkOGI4NmItMzgxNS00N2VhLWE4YTEtMTZiNTY2NGU2YTE5XkEyXkFqcGc@..jpg,0,0,0,0,0,1,0,0,0,0,0,0,0,0,0,0,0,0,0,https://www.imdb.com/title/tt0113031/?ref_=fn_ttl_ttl_1
1499,Grosse Fatigue (1994),01-Jan-1994,https://m.media-amazon.com/images/M/MV5BMGZlZGQzNzMtZGFhOC00MmFlLWJiMDctMDM4MTljMWE2NGM4XkEyXkFqcGc@..jpg,0,0,0,0,0,1,0,0,0,0,0,0,0,0,0,0,0,0,0,https://www.imdb.com/title/tt0109942/?ref_=fn_ttl_ttl_1
1500,Santa with Muscles (1996),08-Nov-1996,https://m.media-amazon.com/images/M/MV5BZDBiOWEzY2MtZjZiOC00OTQ0LWFiMWMtN2NhMzU5NTdlZjIwXkEyXkFqcGc@..jpg,0,0,0,0,0,1,0,0,0,0,0,0,0,0,0,0,0,0,0,https://www.imdb.com/title/tt0117550/?ref_=fn_ttl_ttl_1
1501,Prisoner of the Mountains (Kavkazsky Plennik) (1996),31-Jan-1997,https://m.media-amazon.com/images/M/MV5BOTMyOTdlOGItYjZmNi00NjEyLThjOTItZDQ1MWEzNjk3M2ZkXkEyXkFqcGc@..jpg,0,0,0,0,0,0,0,0,0,0,0,0,0,0,0,0,0,1,0,https://www.imdb.com/title/tt0116754/?ref_=fn_ttl_ttl_1
1502,Naked in New York (1994),01-Jan-1994,https://m.media-amazon.com/images/M/MV5BYmM5YmRlNTEtZmNmOC00YzRhLWE0MjAtNjZiODcyNzIxZjZjXkEyXkFqcGc@..jpg,0,0,0,0,0,1,0,0,0,0,0,0,0,0,1,0,0,0,0,https://www.imdb.com/title/tt0110623/?ref_=fn_ttl_ttl_1
1503,Gold Diggers: The Secret of Bear Mountain (1995),01-Jan-1995,https://m.media-amazon.com/images/M/MV5BNzNhZmE2MWItNTcxMy00YjE4LThiNTEtYTUxYWIwOGZhNzA2XkEyXkFqcGc@..jpg,0,0,1,0,1,0,0,0,0,0,0,0,0,0,0,0,0,0,0,https://www.imdb.com/title/tt0113188/?ref_=fn_ttl_ttl_1
1504,"Bewegte Mann, Der (1994)",12-Jul-1996,https://m.media-amazon.com/images/M/MV5BZjhmNzBjN2UtMjQzMy00ODA5LTg5M2EtODkwZmE3Yzc1YTY2XkEyXkFqcGc@..jpg,0,0,0,0,0,1,0,0,0,0,0,0,0,0,0,0,0,0,0,https://www.imdb.com/title/tt0109255/?ref_=fn_ttl_ttl_1
1505,Killer: A Journal of Murder (1995),06-Sep-1996,https://m.media-amazon.com/images/M/MV5BZjE5NGI1Y2YtNjgwNC00MzY4LTlmZDQtMWRiYzBiYWZmOWZkXkEyXkFqcGc@..jpg,0,0,0,0,0,0,1,0,1,0,0,0,0,0,0,0,0,0,0,https://www.imdb.com/title/tt0113542/?ref_=fn_ttl_ttl_1
1506,Nelly & Monsieur Arnaud (1995),12-Apr-1996,https://m.media-amazon.com/images/M/MV5BYjM2Y2M4MmMtNTVlMy00YjAwLWE4ZDQtNGUxNjEwYjAwMjlkXkEyXkFqcGc@..jpg,0,0,0,0,0,0,0,0,1,0,0,0,0,0,0,0,0,0,0,https://www.imdb.com/title/tt0113947/?ref_=fn_ttl_ttl_1
1507,Three Lives and Only One Death (1996),11-Oct-1996,https://m.media-amazon.com/images/M/MV5BZGMzNDMwMDUtMDJiZS00MTNjLWE2ZDktOGNkZDBkY2Y1MDc2XkEyXkFqcGc@..jpg,0,0,0,0,0,1,0,0,0,0,0,0,0,0,0,0,0,0,0,https://www.imdb.com/title/tt0117968/?ref_=fn_ttl_ttl_1
1508,"Babysitter, The (1995)",01-Jan-1995,https://m.media-amazon.com/images/M/MV5BMTY4NjgxOTI5M15BMl5BanBnXkFtZTcwNDYyNDk5MQ@@..jpg,0,0,0,0,0,0,0,0,1,0,0,0,0,0,0,0,1,0,0,https://www.imdb.com/title/tt0112438/?ref_=fn_ttl_ttl_1
1509,Getting Even with Dad (1994),01-Jan-1994,https://m.media-amazon.com/images/M/MV5BYTA0ZWY4YzctMmQ2Ni00YzZlLThhYWUtMjE5YmFkZTVmMDI1XkEyXkFqcGc@..jpg,0,0,0,0,0,1,0,0,0,0,0,0,0,0,0,0,0,0,0,https://www.imdb.com/title/tt0109891/?ref_=fn_ttl_ttl_1
1510,Mad Dog Time (1996),08-Nov-1996,https://m.media-amazon.com/images/M/MV5BOWI3YmU4ZjMtNWQ3MC00YWNlLWFiNDMtZmM3OWUzZGMwNmJlXkEyXkFqcGc@..jpg,0,0,0,0,0,0,1,0,0,0,0,0,0,0,0,0,0,0,0,https://www.imdb.com/title/tt0116953/?ref_=fn_ttl_ttl_1
1511,Children of the Revolution (1996),01-May-1997,https://m.media-amazon.com/images/M/MV5BMTE1ODQxZDEtYWViZS00ODIzLTg4N2QtOWYzMmMyMjU2NjVmXkEyXkFqcGc@..jpg,0,0,0,0,0,1,0,0,0,0,0,0,0,0,0,0,0,0,0,https://www.imdb.com/title/tt0115886/?ref_=fn_ttl_ttl_1
1512,"World of Apu, The (Apur Sansar) (1959)",05-Apr-1996,https://m.media-amazon.com/images/M/MV5BYjQwMDk3NGMtYzg2ZC00MWNmLTliZDUtM2MwYjZjM2E0MWYwXkEyXkFqcGc@..jpg,0,0,0,0,0,0,0,0,1,0,0,0,0,0,0,0,0,0,0,https://www.imdb.com/title/tt0052572/?ref_=fn_ttl_ttl_1
1513,Sprung (1997),14-May-1997,https://m.media-amazon.com/images/M/MV5BMzNiNzU5YWYtZjMzZi00M2MyLWExNTAtNmY2MWEwY2ZkZDc5XkEyXkFqcGc@..jpg,0,0,0,0,0,1,0,0,0,0,0,0,0,0,0,0,0,0,0,https://www.imdb.com/title/tt0120190/?ref_=fn_ttl_ttl_1
1514,Dream With the Fishes (1997),20-Jun-1997,https://m.media-amazon.com/images/M/MV5BNzgzNmY1ODktNzMwZi00ZGJiLTk3MDEtYzQ0ZGZkZTg4Y2JiXkEyXkFqcGc@..jpg,0,0,0,0,0,0,0,0,1,0,0,0,0,0,0,0,0,0,0,https://www.imdb.com/title/tt0119019/?ref_=fn_ttl_ttl_1
1515,Wings of Courage (1995),01-Jan-1995,https://m.media-amazon.com/images/M/MV5BNWUxZTNhYjAtYjU3MS00Yzg4LWFlMzYtMTM1ZjQxMGJlMTUxXkEyXkFqcGc@..jpg,0,0,1,0,0,0,0,0,0,0,0,0,0,0,1,0,0,0,0,https://www.imdb.com/title/tt0114952/?ref_=fn_ttl_ttl_1
1516,"Wedding Gift, The (1994)",01-Jan-1994,,0,0,0,0,0,0,0,0,1,0,0,0,0,0,0,0,0,0,0,https://www.imdb.com/title/tt28265462/?ref_=fn_ttl_ttl_1
1517,Race the Sun (1996),01-Jan-1996,https://m.media-amazon.com/images/M/MV5BMGI0ZTg4ZTgtMjUxOS00ODAzLWI1YTMtYTQ5NjEzZDc2YjBmXkEyXkFqcGc@..jpg,0,0,0,0,0,0,0,0,1,0,0,0,0,0,0,0,0,0,0,https://www.imdb.com/title/tt0117427/?ref_=fn_ttl_ttl_1
1518,Losing Isaiah (1995),01-Jan-1995,https://m.media-amazon.com/images/M/MV5BMmMxZjhlODYtN2JhNy00YmI5LTg4ODAtZjBlOGQ0MmU1ODFjXkEyXkFqcGc@..jpg,0,0,0,0,0,0,0,0,1,0,0,0,0,0,0,0,0,0,0,https://www.imdb.com/title/tt0113691/?ref_=fn_ttl_ttl_1
1519,New Jersey Drive (1995),01-Jan-1995,https://m.media-amazon.com/images/M/MV5BZDE4MmMxODItMGM3MS00MWJlLWFiMTAtM2Y4NDY4ZmM5OWRlXkEyXkFqcGc@..jpg,0,0,0,0,0,0,1,0,1,0,0,0,0,0,0,0,0,0,0,https://www.imdb.com/title/tt0113967/?ref_=fn_ttl_ttl_1
1520,"Fear, The (1995)",01-Jan-1995,https://m.media-amazon.com/images/M/MV5BNzRhMmI3MDctZWFmNC00MzQwLWI1YjgtMTg5MzI0NmZhYzdmXkEyXkFqcGc@..jpg,0,0,0,0,0,0,0,0,0,0,0,1,0,0,0,0,0,0,0,https://www.imdb.com/title/tt0113043/?ref_=fn_ttl_ttl_1
1521,Mr. Wonderful (1993),01-Jan-1993,https://m.media-amazon.com/images/M/MV5BZGUwMzA4N2ItMmVlOC00Y2MwLWE0Y2QtYjcwYmYzMmRlZWM5XkEyXkFqcGc@..jpg,0,0,0,0,0,1,0,0,0,0,0,0,0,0,1,0,0,0,0,https://www.imdb.com/title/tt0107613/?ref_=fn_ttl_ttl_1
1522,Trial by Jury (1994),01-Jan-1994,https://m.media-amazon.com/images/M/MV5BYzU1ZTZiOWEtOWMxZS00YmZiLTliNTEtMjIyNWE0NWNiZDIyXkEyXkFqcGc@..jpg,0,0,0,0,0,0,0,0,0,0,0,0,0,0,0,0,1,0,0,https://www.imdb.com/title/tt0111488/?ref_=fn_ttl_ttl_1
1523,"Good Man in Africa, A (1994)",01-Jan-1994,https://m.media-amazon.com/images/M/MV5BMjNiZmRhMDQtM2Y2MS00NGUwLWJlY2YtYjE2ZGVmYjhkYTY5XkEyXkFqcGc@..jpg,0,1,1,0,0,0,0,0,0,0,0,0,0,0,0,0,0,0,0,https://www.imdb.com/title/tt0109920/?ref_=fn_ttl_ttl_1
1524,Kaspar Hauser (1993),07-Jun-1996,https://m.media-amazon.com/images/M/MV5BMjAxMDU3NTcxNF5BMl5BanBnXkFtZTYwMDY0Nzg4..jpg,0,0,0,0,0,0,0,0,1,0,0,0,0,0,0,0,0,0,0,https://www.imdb.com/title/tt0110246/?ref_=fn_ttl_ttl_1
1525,"Object of My Affection, The (1998)",20-Mar-1998,https://m.media-amazon.com/images/M/MV5BNDY2MjRhMTQtY2NhYi00OWNhLWJhYjUtNzA2NDYwNGFmN2FjXkEyXkFqcGc@..jpg,0,0,0,0,0,1,0,0,0,0,0,0,0,0,1,0,0,0,0,https://www.imdb.com/title/tt0120772/?ref_=fn_ttl_ttl_1
1526,Witness (1985),01-Jan-1985,https://m.media-amazon.com/images/M/MV5BNDcyNjU5MWMtNDZiYy00Yjc4LWE4YjItMTA5ODBlOGU1NzRhXkEyXkFqcGc@..jpg,0,0,0,0,0,0,0,0,1,0,0,0,0,0,1,0,1,0,0,https://www.imdb.com/title/tt0090329/?ref_=fn_ttl_ttl_1
1527,Senseless (1998),09-Jan-1998,https://m.media-amazon.com/images/M/MV5BNTJiMGM0MzItZTM5Zi00NzFmLWEyNTctNGJiYjc0ZGE5OTU0XkEyXkFqcGc@..jpg,0,0,0,0,0,1,0,0,0,0,0,0,0,0,0,0,0,0,0,https://www.imdb.com/title/tt0120820/?ref_=fn_ttl_ttl_1
1528,Nowhere (1997),09-May-1997,https://m.media-amazon.com/images/M/MV5BN2M3NjE1MjItNjI3My00ODI3LWIwMWQtM2ExOTQ2ZTdlNDYyXkEyXkFqcGc@..jpg,0,0,0,0,0,0,0,0,1,0,0,0,0,0,0,0,0,0,0,https://www.imdb.com/title/tt0119809/?ref_=fn_ttl_ttl_1
1529,Underground (1995),29-Mar-1996,https://m.media-amazon.com/images/M/MV5BZGI3MGFhMTgtMDJjOC00ODU1LTlhMTQtZmYyZDQ3YWQxYjc5XkEyXkFqcGc@..jpg,0,0,0,0,0,0,0,0,0,0,0,0,0,0,0,0,0,1,0,https://www.imdb.com/title/tt0114787/?ref_=fn_ttl_ttl_1
1530,Jefferson in Paris (1995),01-Jan-1995,https://m.media-amazon.com/images/M/MV5BOTk5YjcwZmUtMzVkYi00YjI0LTliZTktZjQyMWNlZDgyZmM0XkEyXkFqcGc@..jpg,0,0,0,0,0,0,0,0,1,0,0,0,0,0,0,0,0,0,0,https://www.imdb.com/title/tt0113463/?ref_=fn_ttl_ttl_1
1531,Far From Home: The Adventures of Yellow Dog (1995),01-Jan-1995,https://m.media-amazon.com/images/M/MV5BNGM1NGQ2NDgtOWU4ZS00MjMxLWEzZmItZDUzMDA1OTZmOTI5XkEyXkFqcGc@..jpg,0,0,1,0,1,0,0,0,0,0,0,0,0,0,0,0,0,0,0,https://www.imdb.com/title/tt0113028/?ref_=fn_ttl_ttl_1
1532,Foreign Student (1994),01-Jan-1994,https://m.media-amazon.com/images/M/MV5BYzg1MDY5NDQtZGVmYS00YzViLTljNzMtZDMzMmExNjA5NDZkXkEyXkFqcGc@..jpg,0,0,0,0,0,0,0,0,1,0,0,0,0,0,0,0,0,0,0,https://www.imdb.com/title/tt0109828/?ref_=fn_ttl_ttl_1
1533,I Don't Want to Talk About It (De eso no se habla) (1993),01-Jan-1993,https://m.media-amazon.com/images/M/MV5BNDVlYWJkNGQtOTMyNS00MTAwLTllYWQtMTU1MzM5ZTM0YmRmXkEyXkFqcGc@..jpg,0,0,0,0,0,0,0,0,1,0,0,0,0,0,0,0,0,0,0,https://www.imdb.com/title/tt0106678/
1534,Twin Town (1997),30-May-1997,https://m.media-amazon.com/images/M/MV5BOTVmMWU3NDMtMzI5ZC00YTQ5LWFhN2ItNTJlOTk0Njk0ZDgwXkEyXkFqcGc@..jpg,0,0,0,0,0,1,1,0,0,0,0,0,0,0,0,0,0,0,0,https://www.imdb.com/title/tt0120394/?ref_=fn_ttl_ttl_1
1535,"Enfer, L' (1994)",01-Jan-1994,https://m.media-amazon.com/images/M/MV5BNTBhZjlkYzgtOGQxYi00NGIwLWJlNGYtMDlhY2YwOTc3OWZkXkEyXkFqcGc@..jpg,0,0,0,0,0,0,0,0,1,0,0,0,0,0,0,0,0,0,0,https://www.imdb.com/title/tt0109303/?ref_=fn_ttl_ttl_1
1536,Aiqing wansui (1994),22-Jul-1996,https://m.media-amazon.com/images/M/MV5BNjQ1MzNmMjctZjA1ZC00YjkzLTg2MTUtNzljYzY5MDY4M2RmXkEyXkFqcGc@..jpg,0,0,0,0,0,0,0,0,1,0,0,0,0,0,0,0,0,0,0,https://www.imdb.com/title/tt0109066/?ref_=fn_ttl_ttl_1
1537,Cosi (1996),11-Apr-1997,https://m.media-amazon.com/images/M/MV5BYTg1MWQ4ZDEtOWY5NC00NWU3LTllZjUtZmJkNTM1MjJhZDM0XkEyXkFqcGc@..jpg,0,0,0,0,0,1,0,0,0,0,0,0,0,0,0,0,0,0,0,https://www.imdb.com/title/tt0115951/?ref_=fn_ttl_ttl_1
1538,All Over Me (1997),25-Apr-1997,https://m.media-amazon.com/images/M/MV5BMzc5MjhhMmYtMmZhOC00MjU4LWE5NjUtOTJlZGQyMTY3OTFmXkEyXkFqcGc@..jpg,0,0,0,0,0,0,0,0,1,0,0,0,0,0,0,0,0,0,0,https://www.imdb.com/title/tt0118586/?ref_=fn_ttl_ttl_1
1539,Being Human (1993),01-Jan-1993,https://m.media-amazon.com/images/M/MV5BMmFkY2NiMGMtZTI0OC00ODM3LWExNTQtM2RmMzdiYjc1Nzg4XkEyXkFqcGc@..jpg,0,0,0,0,0,0,0,0,1,0,0,0,0,0,0,0,0,0,0,https://www.imdb.com/title/tt0106379/?ref_=fn_ttl_ttl_1
1540,"Amazing Panda Adventure, The (1995)",01-Jan-1995,https://m.media-amazon.com/images/M/MV5BYjk0OTcyMjMtN2QwNC00NjAzLWFkYmItMGMzOTkzMzNiZjgzXkEyXkFqcGc@..jpg,0,0,1,0,1,0,0,0,0,0,0,0,0,0,0,0,0,0,0,https://www.imdb.com/title/tt0112342/?ref_=fn_ttl_ttl_1
1541,"Beans of Egypt, Maine, The (1994)",01-Jan-1994,https://m.media-amazon.com/images/M/MV5BOThkOTVlMTAtOTcwZi00NGIyLWEwYmQtYTU2MzMxYTI1NzE3XkEyXkFqcGc@..jpg,0,0,0,0,0,0,0,0,1,0,0,0,0,0,0,0,0,0,0,https://www.imdb.com/title/tt0109226/?ref_=fn_ttl_ttl_1
1542,"Scarlet Letter, The (1926)",01-Jan-1926,https://m.media-amazon.com/images/M/MV5BYzlmMWVjZDEtNmVjNC00YjAzLWE4MWEtMmM2MWY5YjcxMjRhXkEyXkFqcGc@..jpg,0,0,0,0,0,0,0,0,1,0,0,0,0,0,0,0,0,0,0,https://www.imdb.com/title/tt0017350/?ref_=fn_ttl_ttl_1
1543,Johns (1996),18-Oct-1996,https://m.media-amazon.com/images/M/MV5BYTgxNTFlZmQtMThjNi00MzU4LWE3YmMtMjZmNjJhMjRkMTM2XkEyXkFqcGc@..jpg,0,0,0,0,0,0,0,0,1,0,0,0,0,0,0,0,0,0,0,https://www.imdb.com/title/tt0116714/?ref_=fn_ttl_ttl_1
1544,It Takes Two (1995),01-Jan-1995,https://m.media-amazon.com/images/M/MV5BMTQ3YTE5NmItNTRjNC00NjdlLTgwNmYtNDRkNmJiZjZiNGE3XkEyXkFqcGc@..jpg,0,0,0,0,0,1,0,0,0,0,0,0,0,0,0,0,0,0,0,https://www.imdb.com/title/tt0113442/?ref_=fn_ttl_ttl_1
1545,Frankie Starlight (1995),01-Jan-1995,https://m.media-amazon.com/images/M/MV5BMzczZGYyYjEtYTg1Yy00YzQ0LTk3MDctMjBiZjRiZGQ1YWI1XkEyXkFqcGc@..jpg,0,0,0,0,0,0,0,0,1,0,0,0,0,0,1,0,0,0,0,https://www.imdb.com/title/tt0113107/?ref_=fn_ttl_ttl_1
1546,Shadows (Cienie) (1988),01-Jan-1988,https://m.media-amazon.com/images/M/MV5BMmJjYzczYzMtZmZlNy00ODBjLWI4MzgtNTViZGMxZmFhODQwXkEyXkFqcGc@..jpg,0,0,0,0,0,0,0,0,1,0,0,0,0,0,0,0,0,0,0,https://www.imdb.com/title/tt2097245/?ref_=fn_ttl_ttl_1
1547,"Show, The (1995)",01-Jan-1995,https://m.media-amazon.com/images/M/MV5BMTAwNDYwMTEzNzZeQTJeQWpwZ15BbWU3MDY2MTY2MjE@..jpg,0,0,0,0,0,0,0,1,0,0,0,0,0,0,0,0,0,0,0,https://www.imdb.com/title/tt0114435/?ref_=fn_ttl_ttl_1
1548,The Courtyard (1995),01-Jan-1995,https://m.media-amazon.com/images/M/MV5BYzRjNmE1YzMtYmM5Mi00NTZmLWFhYTktYzJiZDE2ZWIwNTcxXkEyXkFqcGc@..jpg,0,1,0,0,0,0,0,0,0,0,0,0,0,0,0,0,1,0,0,https://www.imdb.com/title/tt2593224/?ref_=fn_ttl_ttl_1
1549,Dream Man (1995),01-Jan-1995,https://m.media-amazon.com/images/M/MV5BNDFhZjNlODktZmU3Ni00NDcyLWJmMzItYTkzOGFmNjYzODJhXkEyXkFqcGc@..jpg,0,0,0,0,0,0,0,0,0,0,0,0,0,0,0,0,1,0,0,https://www.imdb.com/title/tt7296604/?ref_=fn_ttl_ttl_1
1550,Destiny Turns on the Radio (1995),01-Jan-1995,https://m.media-amazon.com/images/M/MV5BYzMwZmZmNGYtNDNiZC00OWE2LTljZWQtMTFjNjk1Y2M2ZWFjXkEyXkFqcGc@..jpg,0,0,0,0,0,1,0,0,0,0,0,0,0,0,0,0,0,0,0,https://www.imdb.com/title/tt0112854/?ref_=fn_ttl_ttl_1
1551,"Glass Shield, The (1994)",01-Jan-1994,https://m.media-amazon.com/images/M/MV5BYTBmZGE0ZDYtM2NjMS00MTZkLTg4MDAtMzZjMTkxMGY0M2YzXkEyXkFqcGc@..jpg,0,0,0,0,0,0,0,0,1,0,0,0,0,0,0,0,0,0,0,https://www.imdb.com/title/tt0109906/?ref_=fn_ttl_ttl_1
1552,"Hunted, The (1995)",01-Jan-1995,https://m.media-amazon.com/images/M/MV5BNjgwNzQ5ZGEtZjE3MS00MmYwLWEzOTMtNTRjNmE5N2NjZTNiXkEyXkFqcGc@..jpg,0,1,0,0,0,0,0,0,0,0,0,0,0,0,0,0,0,0,0,https://www.imdb.com/title/tt0113360/?ref_=fn_ttl_ttl_1
1553,"Underneath, The (1995)",01-Jan-1995,https://m.media-amazon.com/images/M/MV5BOWZmMzA1YzctM2VkZS00OTcwLTk5NWYtYjFjMjVkOGJkM2Q1XkEyXkFqcGc@..jpg,0,0,0,0,0,0,0,0,0,0,0,0,0,1,0,0,1,0,0,https://www.imdb.com/title/tt0114788/?ref_=fn_ttl_ttl_1
1554,Safe Passage (1994),01-Jan-1994,https://m.media-amazon.com/images/M/MV5BZTAxODFiYmEtNDE2Zi00NGQwLWJjODUtM2JjNDk3MjEwY2Y0XkEyXkFqcGc@..jpg,0,0,0,0,0,0,0,0,1,0,0,0,0,0,0,0,0,0,0,https://www.imdb.com/title/tt0111054/?ref_=fn_ttl_ttl_1
1555,"Secret Adventures of Tom Thumb, The (1993)",01-Jan-1993,https://m.media-amazon.com/images/M/MV5BMTk1NTQ4NjM4NV5BMl5BanBnXkFtZTcwNjEzMzkxMQ@@..jpg,0,0,1,0,1,0,0,0,0,0,0,0,0,0,0,0,0,0,0,https://www.imdb.com/title/tt0108069/?ref_=fn_ttl_ttl_1
1556,Condition Red (1995),01-Jan-1995,https://m.media-amazon.com/images/M/MV5BMjA2MzA2Nzk0MV5BMl5BanBnXkFtZTcwODAyMTgyMQ@@..jpg,0,1,0,0,0,0,0,0,1,0,0,0,0,0,0,0,1,0,0,https://www.imdb.com/title/tt0112712/?ref_=fn_ttl_ttl_1
1557,Yankee Zulu (1994),16-Feb-1996,https://m.media-amazon.com/images/M/MV5BZDBlZGFhZjUtZTAxMC00NmNmLTljZDAtYjJmZTU4OWRkNDE3XkEyXkFqcGc@..jpg,0,0,0,0,0,1,0,0,1,0,0,0,0,0,0,0,0,0,0,https://www.imdb.com/title/tt0111787/?ref_=fn_ttl_ttl_1
1558,Aparajito (1956),29-Mar-1996,https://m.media-amazon.com/images/M/MV5BNmViYWRlZWEtYjFhZi00Njg4LTg4YmYtMTQ2MTFkYmMwNjRmXkEyXkFqcGc@..jpg,0,0,0,0,0,0,0,0,1,0,0,0,0,0,0,0,0,0,0,https://www.imdb.com/title/tt0048956/?ref_=fn_ttl_ttl_1
1559,Hostile Intentions (1994),01-Jan-1994,https://m.media-amazon.com/images/M/MV5BOWUzM2ZlZDktZGJlMi00N2ZhLThlNjYtMjE0N2MzZjVjNzJiXkEyXkFqcGc@..jpg,0,1,0,0,0,0,0,0,1,0,0,0,0,0,0,0,1,0,0,https://www.imdb.com/title/tt0110061/?ref_=fn_ttl_ttl_1
1560,Clean Slate (Coup de Torchon) (1981),01-Jan-1981,https://m.media-amazon.com/images/M/MV5BMTQ5NjlhNWEtMDdmZC00ZmY5LTgzNWQtYzgyNmJhYTY5NTYzXkEyXkFqcGc@..jpg,0,0,0,0,0,0,1,0,0,0,0,0,0,0,0,0,0,0,0,https://www.imdb.com/title/tt0082206/?ref_=fn_ttl_ttl_1
1561,Tigrero: A Film That Was Never Made (1994),01-Jan-1994,https://m.media-amazon.com/images/M/MV5BMTI0ODE4MDc0MV5BMl5BanBnXkFtZTcwMzkzNDUyMQ@@..jpg,0,0,0,0,0,0,0,1,1,0,0,0,0,0,0,0,0,0,0,https://www.imdb.com/title/tt0111430/?ref_=fn_ttl_ttl_1
1562,"Eye of Vichy, The (Oeil de Vichy, L') (1993)",01-Jan-1993,https://m.media-amazon.com/images/M/MV5BZTM1YWEyOGEtMTE5NS00YWE3LWJkMGEtODAzZTgyYjQ2ZDVjXkEyXkFqcGc@..jpg,0,0,0,0,0,0,0,1,0,0,0,0,0,0,0,0,0,0,0,https://www.imdb.com/title/tt0107727/
1563,"Promise, The (Versprechen, Das) (1994)",01-Jan-1994,https://m.media-amazon.com/images/M/MV5BOWIwNjg0OGYtY2I2YS00ZTcyLTkxMGUtMzFkODhjNDg3MzYwXkEyXkFqcGc@..jpg,0,0,0,0,0,0,0,0,0,0,0,0,0,0,1,0,0,0,0,https://www.imdb.com/title/tt0111613/
1564,To Cross the Rubicon (1991),01-Jan-1991,https://m.media-amazon.com/images/M/MV5BMTUxMjE5NjYzMF5BMl5BanBnXkFtZTcwMTQ1NjAwMQ@@..jpg,0,0,0,0,0,0,0,0,1,0,0,0,0,0,0,0,0,0,0,https://www.imdb.com/title/tt0103095/?ref_=fn_ttl_ttl_1
1565,Daens (1992),01-Jan-1992,https://m.media-amazon.com/images/M/MV5BMTUxNTgzOTE1OV5BMl5BanBnXkFtZTcwNDI3MzIyMQ@@..jpg,0,0,0,0,0,0,0,0,1,0,0,0,0,0,0,0,0,0,0,https://www.imdb.com/title/tt0104046/?ref_=fn_ttl_ttl_1
1566,"Man from Down Under, The (1943)",01-Jan-1943,https://m.media-amazon.com/images/M/MV5BYzY1MzhiYjEtN2FlOC00Mjk1LTlkZmUtYjBhOTRkZDNmMTdkXkEyXkFqcGc@..jpg,0,0,0,0,0,0,0,0,1,0,0,0,0,0,0,0,0,0,0,https://www.imdb.com/title/tt0031612/?ref_=fn_ttl_ttl_1
1567,Careful (1992),01-Jan-1992,https://m.media-amazon.com/images/M/MV5BMTU2Mjk4MTEzN15BMl5BanBnXkFtZTgwNTExNTkwMzE@..jpg,0,0,0,0,0,1,0,0,0,0,0,0,0,0,0,0,0,0,0,https://www.imdb.com/title/tt0103926/?ref_=fn_ttl_ttl_1
1568,Vermont Is For Lovers (1992),01-Jan-1992,https://m.media-amazon.com/images/M/MV5BOThlY2Q1NDEtZTAwMi00MDE4LTkxNzYtYTIwZDMxYmZjZjNiXkEyXkFqcGc@..jpg,0,0,0,0,0,1,0,0,0,0,0,0,0,0,1,0,0,0,0,https://www.imdb.com/title/tt0105737/?ref_=fn_ttl_ttl_1
1569,"Vie est belle, La (Life is Rosey) (1987)",01-Jan-1987,https://m.media-amazon.com/images/M/MV5BM2Y4MWY2NDktNWE0Zi00ODkxLTgzNjEtNTI2MjRmYTU1MWU1XkEyXkFqcGc@..jpg,0,0,0,0,0,1,0,0,1,0,0,0,0,0,0,0,0,0,0,https://www.imdb.com/title/tt0094265/?ref_=fn_ttl_ttl_1
1570,Quartier Mozart (1992),01-Jan-1992,https://m.media-amazon.com/images/M/MV5BODliYjc1MTItNmIwNy00MDE5LWE4YmMtNTM5YzgzMzk2OWZhXkEyXkFqcGc@..jpg,0,0,0,0,0,1,0,0,0,0,0,0,0,0,0,0,0,0,0,https://www.imdb.com/title/tt0105201/?ref_=fn_ttl_ttl_1
1571,Touki Bouki (Journey of the Hyena) (1973),01-Jan-1973,https://m.media-amazon.com/images/M/MV5BOGE3NDU3MjEtMjQwOS00Yjc1LWJkZjctZmQ4ZTAzNWRkZjNiXkEyXkFqcGc@..jpg,0,0,0,0,0,0,0,0,1,0,0,0,0,0,0,0,0,0,0,https://www.imdb.com/title/tt0070820/?ref_=fn_ttl_ttl_1
1572,Wend Kuuni (God's Gift) (1982),01-Jan-1982,https://m.media-amazon.com/images/M/MV5BZjJiNjYxYzMtZjEwMi00ZTA0LThlOGUtYjg1NWM5NTBmMzRmXkEyXkFqcGc@..jpg,0,0,0,0,0,0,0,0,1,0,0,0,0,0,0,0,0,0,0,https://www.imdb.com/title/tt0084898/
1573,Spirits of the Dead (Tre passi nel delirio) (1968),01-Jan-1968,https://m.media-amazon.com/images/M/MV5BNWVmMTJjY2YtMDgzZi00NjYyLWJjYjAtYzliOWZiYjQ3MDIzXkEyXkFqcGc@..jpg,0,0,0,0,0,0,0,0,0,0,0,1,0,0,0,0,0,0,0,https://www.imdb.com/title/tt0063715/?ref_=fn_ttl_ttl_1
1574,Pharaoh's Army (1995),01-Jan-1995,https://m.media-amazon.com/images/M/MV5BMTY0NTc2ODYwOV5BMl5BanBnXkFtZTcwMDU5MzYyMQ@@..jpg,0,0,0,0,0,0,0,0,0,0,0,0,0,0,0,0,0,1,0,https://www.imdb.com/title/tt0114122/?ref_=fn_ttl_ttl_1
1575,"I, Worst of All (Yo, la peor de todas) (1990)",01-Jan-1990,https://m.media-amazon.com/images/M/MV5BZWIyNTBkMzctMWIwNC00NjQxLWEyNDAtYWEwYzE3MGMxYzFhXkEyXkFqcGc@..jpg,0,0,0,0,0,0,0,0,1,0,0,0,0,0,0,0,0,0,0,https://www.imdb.com/title/tt0100990/
1576,"Hungarian Fairy Tale, A (1987)",01-Jan-1987,https://m.media-amazon.com/images/M/MV5BMTQ0NjE0Nzg3NF5BMl5BanBnXkFtZTcwMjA4MzkxMQ@@..jpg,0,0,0,0,0,0,0,0,0,1,0,0,0,0,0,0,0,0,0,https://www.imdb.com/title/tt0093199/?ref_=fn_ttl_ttl_1
1577,"Death in the Garden (Mort en ce jardin, La) (1956)",01-Jan-1956,https://m.media-amazon.com/images/M/MV5BZjgxYzA3YzgtODMyOC00NmUyLTk3NjQtMWU2Yjg4YzI4ZmY4XkEyXkFqcGc@..jpg,0,0,0,0,0,0,0,0,1,0,0,0,0,0,0,0,0,0,0,https://www.imdb.com/title/tt0049521/?ref_=fn_ttl_ttl_1
1578,"Collectionneuse, La (1967)",01-Jan-1967,https://m.media-amazon.com/images/M/MV5BZDQzMTIzNDUtODI2OC00MzY1LTliNTYtMDBlNzViNTk4M2NkXkEyXkFqcGc@..jpg,0,0,0,0,0,0,0,0,1,0,0,0,0,0,0,0,0,0,0,https://www.imdb.com/title/tt0061495/?ref_=fn_ttl_ttl_1
1579,Baton Rouge (1988),01-Jan-1988,https://m.media-amazon.com/images/M/MV5BYzgwM2IzYTAtMGE1MS00YWUxLTk0OWMtM2FiMDViNTFjZjJmXkEyXkFqcGc@..jpg,0,0,0,0,0,0,0,0,0,0,0,0,0,0,0,0,1,0,0,https://www.imdb.com/title/tt0094822/?ref_=fn_ttl_ttl_1
1580,Liebelei (1933),01-Jan-1933,https://m.media-amazon.com/images/M/MV5BNDRlY2Y3NmMtZDBiNS00MTM0LTg5MDUtYjVkNTI3OGYwZDUyXkEyXkFqcGc@..jpg,0,0,0,0,0,0,0,0,0,0,0,0,0,0,1,0,0,0,0,https://www.imdb.com/title/tt0024252/?ref_=fn_ttl_ttl_1
1581,"Woman in Question, The (1950)",01-Jan-1950,https://m.media-amazon.com/images/M/MV5BZjkwZWI4NDktOGY4Zi00YjJmLTk5ZWQtYzJhOGRhYzY5ZmI0XkEyXkFqcGc@..jpg,0,0,0,0,0,0,0,0,0,0,0,0,0,1,0,0,0,0,0,https://www.imdb.com/title/tt0043140/?ref_=fn_ttl_ttl_1
1582,T-Men (1947),01-Jan-1947,https://m.media-amazon.com/images/M/MV5BODBkZWI2YzEtOTU5MS00NzY5LWFiOGQtNTQ5N2M5MmUyMzY0XkEyXkFqcGc@..jpg,0,0,0,0,0,0,0,0,0,0,1,0,0,0,0,0,0,0,0,https://www.imdb.com/title/tt0039881/?ref_=fn_ttl_ttl_1
1583,"Invitation, The (Zaproszenie) (1986)",01-Jan-1986,https://m.media-amazon.com/images/M/MV5BZjM2OGJkNTQtZmNiNS00M2NiLThlNGYtNTc5MmFmN2NjNzBmXkEyXkFqcGc@..jpg,0,0,0,0,0,0,0,0,1,0,0,0,0,0,0,0,0,0,0,https://www.imdb.com/title/tt0092281/
1584,"Symphonie pastorale, La (1946)",01-Jan-1946,https://m.media-amazon.com/images/M/MV5BMGRjOWRjMjAtNGE0My00NjI4LTkxYjktOThhNjczY2Q2OGE5XkEyXkFqcGc@..jpg,0,0,0,0,0,0,0,0,1,0,0,0,0,0,0,0,0,0,0,https://www.imdb.com/title/tt0039004/?ref_=fn_ttl_ttl_1
1585,American Dream (1990),01-Jan-1990,https://m.media-amazon.com/images/M/MV5BMDA0OTliZGEtZGUxMy00ZWVhLWJmZDYtOTg0OTRlYTNlMjVhXkEyXkFqcGc@..jpg,0,0,0,0,0,0,0,1,0,0,0,0,0,0,0,0,0,0,0,https://www.imdb.com/title/tt0099028/?ref_=fn_ttl_ttl_1
1586,Lashou shentan (1992),01-Jan-1992,https://m.media-amazon.com/images/M/MV5BOTZkYjBlMTktOGNmMC00ZWMzLTlkYmYtNDAxYjNjNWRkNjE0XkEyXkFqcGc@..jpg,0,1,0,0,0,0,1,0,1,0,0,0,0,0,0,0,0,0,0,https://www.imdb.com/title/tt0104684/?ref_=fn_ttl_ttl_1
1587,Terror in a Texas Town (1958),01-Jan-1958,https://m.media-amazon.com/images/M/MV5BYmRkYTNlYWMtNjEzZi00MTJiLWE4MTQtMDk2ZmQ1Yjk2ODIyXkEyXkFqcGc@..jpg,0,0,0,0,0,0,0,0,0,0,0,0,0,0,0,0,0,0,1,https://www.imdb.com/title/tt0052287/?ref_=fn_ttl_ttl_1
1588,Salut cousin! (1996),21-Feb-1997,https://m.media-amazon.com/images/M/MV5BMjI4OTMzNjk5Ml5BMl5BanBnXkFtZTcwMjE1MTMyMQ@@..jpg,0,0,0,0,0,1,0,0,1,0,0,0,0,0,0,0,0,0,0,https://www.imdb.com/title/tt0117544/?ref_=fn_ttl_ttl_1
1589,Schizopolis (1996),23-May-1997,https://m.media-amazon.com/images/M/MV5BMjMyMDg1NjMyNl5BMl5BanBnXkFtZTgwNzQzMTE2ODE@..jpg,0,0,0,0,0,1,0,0,0,0,0,0,0,0,0,0,0,0,0,https://www.imdb.com/title/tt0117561/?ref_=fn_ttl_ttl_1
1590,"To Have, or Not (1995)",06-Jun-1997,https://m.media-amazon.com/images/M/MV5BZDlkYjJjMDItMzcxZi00OGJiLTgyMWYtNGY4YTliMjRmNmY1XkEyXkFqcGc@..jpg,0,0,0,0,0,0,0,0,1,0,0,0,0,0,0,0,0,0,0,https://www.imdb.com/title/tt0112951/?ref_=fn_ttl_ttl_1
1591,Duoluo tianshi (1995),21-Jan-1998,https://m.media-amazon.com/images/M/MV5BMWI3MDk4N2ItNzU2NS00Zjc5LWIxMDYtMGNmZmM2YzMzMDk3XkEyXkFqcGc@..jpg,0,0,0,0,0,0,0,0,1,0,0,0,0,0,0,0,0,0,0,https://www.imdb.com/title/tt0112913/?ref_=fn_ttl_ttl_1
1592,"Magic Hour, The (1998)",30-Jan-1998,https://m.media-amazon.com/images/M/MV5BMWE3ZjQ5M2ItYzg1OS00MTY5LThlYzktZTBlZWQ1OWZiZDQ1XkEyXkFqcGc@..jpg,0,0,0,0,0,0,0,0,1,0,0,0,0,0,0,0,0,0,0,https://www.imdb.com/title/tt0119594/?ref_=fn_ttl_ttl_1
1593,Death in Brunswick (1991),16-Aug-1996,https://m.media-amazon.com/images/M/MV5BMjA5OTk1Nzg3MF5BMl5BanBnXkFtZTcwNTE5OTUxMQ@@..jpg,0,0,0,0,0,1,0,0,0,0,0,0,0,0,0,0,0,0,0,https://www.imdb.com/title/tt0101692/?ref_=fn_ttl_ttl_1
1594,Everest (1998),10-Mar-1998,https://m.media-amazon.com/images/M/MV5BNDAzOTYxMTctY2ViNi00NDI3LTgwMGItY2FhN2JjZWE5MjRkXkEyXkFqcGc@..jpg,0,0,0,0,0,0,0,1,0,0,0,0,0,0,0,0,0,0,0,https://www.imdb.com/title/tt2719848/?ref_=fn_ttl_ttl_1
1595,Shopping (1994),09-Feb-1996,https://m.media-amazon.com/images/M/MV5BODNiNzg0MDQtNWI2Ni00MDE0LWFjZDgtMmI2N2UxMWUxYWYyXkEyXkFqcGc@..jpg,0,1,0,0,0,0,0,0,0,0,0,0,0,0,0,0,1,0,0,https://www.imdb.com/title/tt0111173/?ref_=fn_ttl_ttl_1
1596,Nemesis 2: Nebula (1995),01-Jan-1995,https://m.media-amazon.com/images/M/MV5BY2RiMzU2MmItYzI0Yy00ZmIyLTk2YmItYWU4MzQzMTZjN2JkXkEyXkFqcGc@..jpg,0,1,0,0,0,0,0,0,0,0,0,0,0,0,0,1,1,0,0,https://www.imdb.com/title/tt0113948/
1597,Romper Stomper (1992),01-Jan-1992,https://m.media-amazon.com/images/M/MV5BODUxYmUxZDUtZTA4Yi00NDY0LWI3NGUtODk1YjAwMzAxYTg4XkEyXkFqcGc@..jpg,0,1,0,0,0,0,0,0,1,0,0,0,0,0,0,0,0,0,0,https://www.imdb.com/title/tt0105275/?ref_=fn_ttl_ttl_1
1598,City of Industry (1997),14-Mar-1997,https://m.media-amazon.com/images/M/MV5BYmE2ZWQwMGUtMjBhYy00NTQxLWFiOTYtNzA4ZDQ3ZDJhMjdlXkEyXkFqcGc@..jpg,0,0,0,0,0,0,1,0,0,0,0,0,0,0,0,0,1,0,0,https://www.imdb.com/title/tt0118859/?ref_=fn_ttl_ttl_1
1599,Someone Else's America (1995),10-May-1996,https://m.media-amazon.com/images/M/MV5BZGUxZmRkYjMtZDFlOS00NDQ1LWE3YjItMTcyMGE5ZDg2MGZmXkEyXkFqcGc@..jpg,0,0,0,0,0,0,0,0,1,0,0,0,0,0,0,0,0,0,0,https://www.imdb.com/title/tt0114494/?ref_=fn_ttl_ttl_1
1600,Guantanamera (1994),16-May-1997,https://m.media-amazon.com/images/M/MV5BMjA0MjgyNDU0Nl5BMl5BanBnXkFtZTgwMjk3MDA2MDE@..jpg,0,0,0,0,0,1,0,0,0,0,0,0,0,0,0,0,0,0,0,https://www.imdb.com/title/tt0490080/?ref_=fn_ttl_ttl_1
1601,Office Killer (1997),01-Jan-1997,https://m.media-amazon.com/images/M/MV5BYWE0MTZmNDMtNzJmYS00YWQ0LWI0NzgtN2IzMDljZDAzNGUzXkEyXkFqcGc@..jpg,0,0,0,0,0,0,0,0,0,0,0,0,0,0,0,0,1,0,0,https://www.imdb.com/title/tt0119819/?ref_=fn_ttl_ttl_1
1602,"Price Above Rubies, A (1998)",20-Mar-1998,https://m.media-amazon.com/images/M/MV5BODM1ZTRhMzAtMWMzNi00YmQyLThjOWEtMTFjNmM2YzFiMTE3XkEyXkFqcGc@..jpg,0,0,0,0,0,0,0,0,1,0,0,0,0,0,0,0,0,0,0,https://www.imdb.com/title/tt0120793/?ref_=fn_ttl_ttl_1
1603,Angela (1995),16-Feb-1996,https://m.media-amazon.com/images/M/MV5BNmQxOWExMzItMzg3MC00MWQ1LTk3MmQtZmQyMmE1NTI5ZTM0XkEyXkFqcGc@..jpg,0,0,0,0,0,0,0,0,1,0,0,0,0,0,0,0,0,0,0,https://www.imdb.com/title/tt0112364/?ref_=fn_ttl_ttl_1
1604,He Walked by Night (1948),01-Jan-1948,https://m.media-amazon.com/images/M/MV5BZjUyYTU1MmEtNTM1Mi00NjgzLWIyZDQtOTBjZDhhNTQ4NDE0XkEyXkFqcGc@..jpg,0,0,0,0,0,0,1,0,0,0,1,0,0,0,0,0,1,0,0,https://www.imdb.com/title/tt0040427/?ref_=fn_ttl_ttl_1
1605,Love Serenade (1996),11-Jul-1997,https://m.media-amazon.com/images/M/MV5BMTMyNDMxNTU2M15BMl5BanBnXkFtZTcwNjg0MDgyMQ@@..jpg,0,0,0,0,0,1,0,0,0,0,0,0,0,0,0,0,0,0,0,https://www.imdb.com/title/tt0116930/?ref_=fn_ttl_ttl_1
1606,Deceiver (1997),01-Jan-1997,https://m.media-amazon.com/images/M/MV5BMTgyMDk1NjQyM15BMl5BanBnXkFtZTgwODYzMzgwMzE@..jpg,0,0,0,0,0,0,1,0,0,0,0,0,0,0,0,0,0,0,0,https://www.imdb.com/title/tt0119527/?ref_=fn_ttl_ttl_1
1607,Hurricane Streets (1998),01-Jan-1998,https://m.media-amazon.com/images/M/MV5BMTI5MTg5MjU3N15BMl5BanBnXkFtZTYwODEzMjY5..jpg,0,0,0,0,0,0,0,0,1,0,0,0,0,0,0,0,0,0,0,https://www.imdb.com/title/tt0119338/?ref_=fn_ttl_ttl_1
1608,Buddy (1997),06-Jun-1997,https://m.media-amazon.com/images/M/MV5BYTFmMjQ5OTktMmFkNC00Njg1LTgxMTktMWJjZDQzOTQ0MGRkXkEyXkFqcGc@..jpg,0,0,1,0,1,0,0,0,1,0,0,0,0,0,0,0,0,0,0,https://www.imdb.com/title/tt0118787/?ref_=fn_ttl_ttl_1
1609,B*A*P*S (1997),28-Mar-1997,https://m.media-amazon.com/images/M/MV5BZjgxYzgxYzgtMjc5My00NzZiLWI0N2ItZjU1NTU0NjY5MzFkXkEyXkFqcGc@..jpg,0,0,0,0,0,1,0,0,0,0,0,0,0,0,0,0,0,0,0,https://www.imdb.com/title/tt0118663/?ref_=fn_ttl_ttl_1
1610,"Truth or Consequences, N.M. (1997)",02-May-1997,https://m.media-amazon.com/images/M/MV5BNjVlYjc1MDctMTY1OC00ZWEyLWI0MTgtN2I0N2M5MzI1MDQ2XkEyXkFqcGc@..jpg,0,1,0,0,0,0,1,0,0,0,0,0,0,0,1,0,0,0,0,https://www.imdb.com/title/tt0120383/?ref_=fn_ttl_ttl_1
1611,Intimate Relations (1996),09-May-1997,https://m.media-amazon.com/images/M/MV5BMTM5MzczMTk5Ml5BMl5BanBnXkFtZTYwMzE4Njg5..jpg,0,0,0,0,0,1,0,0,0,0,0,0,0,0,0,0,0,0,0,https://www.imdb.com/title/tt0116643/?ref_=fn_ttl_ttl_1
1612,"Leading Man, The (1996)",16-Jan-1998,https://m.media-amazon.com/images/M/MV5BMDRjMWVkNzgtNWMwMy00ZDM0LWEwNmUtMTJkYWFhMTA3YTVjXkEyXkFqcGc@..jpg,0,0,0,0,0,0,0,0,0,0,0,0,0,0,1,0,0,0,0,https://www.imdb.com/title/tt0116845/?ref_=fn_ttl_ttl_1
1613,Tokyo Fist (1995),11-Feb-1998,https://m.media-amazon.com/images/M/MV5BZTQ3MWRmNGEtMDk0NS00MTU4LTk2YTctNjRmOTIyMzNmMGI3XkEyXkFqcGc@..jpg,0,1,0,0,0,0,0,0,1,0,0,0,0,0,0,0,0,0,0,https://www.imdb.com/title/tt0114690/?ref_=fn_ttl_ttl_1
1614,"Reluctant Debutante, The (1958)",01-Jan-1958,https://m.media-amazon.com/images/M/MV5BMGYzYTY4ZmItMTgyNS00MTEzLThhNDYtNGNkZTBlMzdhNDAxXkEyXkFqcGc@..jpg,0,0,0,0,0,1,0,0,1,0,0,0,0,0,0,0,0,0,0,https://www.imdb.com/title/tt0052126/?ref_=fn_ttl_ttl_1
1615,Warriors of Virtue (1997),02-May-1997,https://m.media-amazon.com/images/M/MV5BMzBkNTI1OTgtNDljOC00NzI2LTliZTYtZDgxYmU0NDRiZDI2XkEyXkFqcGc@..jpg,0,1,1,0,1,0,0,0,0,1,0,0,0,0,0,0,0,0,0,https://www.imdb.com/title/tt0120479/?ref_=fn_ttl_ttl_1
1616,Desert Winds (1995),01-Jan-1995,https://m.media-amazon.com/images/M/MV5BMjA0NDc0NTU3OF5BMl5BanBnXkFtZTcwMzMyNDkyMQ@@..jpg,0,0,0,0,0,0,0,0,1,0,0,0,0,0,0,0,0,0,0,https://www.imdb.com/title/tt0112849/?ref_=fn_ttl_ttl_1
1617,Hugo Pool (1997),01-Jan-1997,https://m.media-amazon.com/images/M/MV5BY2ExN2QyZDctOWIyZi00OGQ5LTk4ODMtMjE2MTIxYjdlYjM3XkEyXkFqcGc@..jpg,0,0,0,0,0,0,0,0,0,0,0,0,0,0,1,0,0,0,0,https://www.imdb.com/title/tt0119327/?ref_=fn_ttl_ttl_1
1618,King of New York (1990),01-Jan-1990,https://m.media-amazon.com/images/M/MV5BOTE2NDcxNzE4N15BMl5BanBnXkFtZTgwMDc1NTk4NjE@..jpg,0,1,0,0,0,0,1,0,0,0,0,0,0,0,0,0,0,0,0,https://www.imdb.com/title/tt0099939/?ref_=fn_ttl_ttl_1
1619,All Things Fair (1996),08-Mar-1996,https://m.media-amazon.com/images/M/MV5BMjVhNTBmMjctMzMyYS00ZTViLWEzZGEtYzZiMjBjMzNlODNlXkEyXkFqcGc@..jpg,0,0,0,0,0,0,0,0,1,0,0,0,0,0,0,0,0,0,0,https://www.imdb.com/title/tt0113720/?ref_=fn_ttl_ttl_1
1620,"Sixth Man, The (1997)",28-Mar-1997,https://m.media-amazon.com/images/M/MV5BZWUyYzI1M2MtZDhkYi00ODk1LTkyZmYtZWI2OTFiNDA2ODA1XkEyXkFqcGc@..jpg,0,0,0,0,0,1,0,0,0,0,0,0,0,0,0,0,0,0,0,https://www.imdb.com/title/tt0120142/?ref_=fn_ttl_ttl_1
1621,Butterfly Kiss (1995),26-Apr-1996,https://m.media-amazon.com/images/M/MV5BNDBhOGU5NDgtNDhhOS00NjNhLWI3NGItYzljMGM4MmRiNGI2XkEyXkFqcGc@..jpg,0,0,0,0,0,0,0,0,0,0,0,0,0,0,0,0,1,0,0,https://www.imdb.com/title/tt0112604/?ref_=fn_ttl_ttl_1
1622,"Paris, France (1993)",01-Jan-1993,https://m.media-amazon.com/images/M/MV5BMTgyNzk4Mjk3Nl5BMl5BanBnXkFtZTcwNzIzNjcyMQ@@..jpg,0,0,0,0,0,1,0,0,0,0,0,0,0,0,0,0,0,0,0,https://www.imdb.com/title/tt0107779/?ref_=fn_ttl_ttl_1
1623,"C�r�monie, La (1995)",20-Dec-1996,https://m.media-amazon.com/images/M/MV5BNjA1YWVhNTMtMDhiMS00ZmFkLWI5MWUtZGUxODIxNDA5OTMxXkEyXkFqcGc@..jpg,0,0,0,0,0,0,0,0,1,0,0,0,0,0,0,0,0,0,0,https://www.imdb.com/title/tt0112769/?ref_=fn_ttl_ttl_1
1624,Hush (1998),10-Mar-1998,https://m.media-amazon.com/images/M/MV5BODI4ODhhMjAtYTVkNC00NDY3LWIzZDktYmMyMjMzYzU0ZTJjXkEyXkFqcGc@..jpg,0,0,0,0,0,0,0,0,0,0,0,0,0,0,0,0,1,0,0,https://www.imdb.com/title/tt0118744/?ref_=fn_ttl_ttl_1
1625,Nightwatch (1997),22-Apr-1997,https://m.media-amazon.com/images/M/MV5BNTE0YTVlMmEtZmNkYS00OWE2LTgwYWEtOTMwNzNlZjYxYTBmXkEyXkFqcGc@..jpg,0,0,0,0,0,0,0,0,0,0,0,1,0,0,0,0,1,0,0,https://www.imdb.com/title/tt0119791/?ref_=fn_ttl_ttl_1
1626,Nobody Loves Me (Keiner liebt mich) (1994),09-Feb-1996,https://m.media-amazon.com/images/M/MV5BMTM1NzQ2NjQ3Ml5BMl5BanBnXkFtZTcwNzg5NjYxMQ@@..jpg,0,0,0,0,0,1,0,0,1,0,0,0,0,0,0,0,0,0,0,https://www.imdb.com/title/tt0110251/?ref_=fn_ttl_ttl_1
1627,"Wife, The (1995)",26-Jul-1996,https://m.media-amazon.com/images/M/MV5BODlhOGU2NWEtY2JhZS00YmZjLTljNmEtZWY0NmQxMTc3ZTcyXkEyXkFqcGc@..jpg,0,0,0,0,0,1,0,0,1,0,0,0,0,0,0,0,0,0,0,https://www.imdb.com/title/tt0114936/?ref_=fn_ttl_ttl_1
1628,Lamerica (1994),01-Jan-1994,https://m.media-amazon.com/images/M/MV5BMzgzODMwMWMtY2RhMi00OGEwLWFmNjktZmMxMTI1MzUzMTk1XkEyXkFqcGc@..jpg,0,0,0,0,0,0,0,0,1,0,0,0,0,0,0,0,0,0,0,https://www.imdb.com/title/tt0110299/?ref_=fn_ttl_ttl_1
1629,Nico Icon (1995),01-Jan-1995,https://m.media-amazon.com/images/M/MV5BNTY2MDM2NzcyM15BMl5BanBnXkFtZTcwMjk3MzcyMQ@@..jpg,0,0,0,0,0,0,0,1,0,0,0,0,0,0,0,0,0,0,0,https://www.imdb.com/title/tt0113973/?ref_=fn_ttl_ttl_1
1630,"Silence of the Palace, The (Saimt el Qusur) (1994)",02-Feb-1996,https://m.media-amazon.com/images/M/MV5BODc5NDBlNmYtNDE4YS00ODQ4LTk5NmItNGJiNGI0ZWQxZTc3XkEyXkFqcGc@..jpg,0,0,0,0,0,0,0,0,1,0,0,0,0,0,0,0,0,0,0,https://www.imdb.com/title/tt0111055/
1631,"Slingshot, The (1993)",01-Jan-1993,https://m.media-amazon.com/images/M/MV5BYjRiNWY5NGUtNmYwMC00MTVkLTkwNGUtMmIxYmEzNGU2MDFmXkEyXkFqcGc@..jpg,0,0,0,0,0,1,0,0,1,0,0,0,0,0,0,0,0,0,0,https://www.imdb.com/title/tt0107349/?ref_=fn_ttl_ttl_1
1632,Land and Freedom (Tierra y libertad) (1995),29-Mar-1996,https://m.media-amazon.com/images/M/MV5BNzZiMDNjZjUtZGJkOC00NDAwLWEwYzctMDY4YWUzMDk5ZGZkXkEyXkFqcGc@..jpg,0,0,0,0,0,0,0,0,0,0,0,0,0,0,0,0,0,1,0,https://www.imdb.com/title/tt0114671/?ref_=fn_ttl_ttl_1
1633,� k�ldum klaka (Cold Fever) (1994),08-Mar-1996,https://m.media-amazon.com/images/M/MV5BNjc0MzA5YTUtNTNlZC00MWZiLTg0YTQtNzUyNjg1NzJlODQzXkEyXkFqcGc@..jpg,0,0,0,0,0,1,0,0,1,0,0,0,0,0,0,0,0,0,0,https://www.imdb.com/title/tt0109028/
1634,Etz Hadomim Tafus (Under the Domin Tree) (1994),19-Apr-1996,https://m.media-amazon.com/images/M/MV5BZGM0Y2M3M2ItMThmMy00MDg4LTkzZGUtNGQ5YzY4Mzg3YjIyXkEyXkFqcGc@..jpg,0,0,0,0,0,0,0,0,1,0,0,0,0,0,0,0,0,0,0,https://www.imdb.com/title/tt0109751/
1635,Two Friends (1986),26-Apr-1986,https://m.media-amazon.com/images/M/MV5BZDY5YzU5ODQtZTNiNi00YjA2LTgxOGQtMTBiMzU4NTI1M2YyXkEyXkFqcGc@..jpg,0,0,0,0,0,0,0,0,1,0,0,0,0,0,0,0,0,0,0,https://www.imdb.com/title/tt0073036/?ref_=fn_ttl_ttl_1
1636,Brothers in Trouble (1995),26-Apr-1996,https://m.media-amazon.com/images/M/MV5BMTI0MzM2OTU5OF5BMl5BanBnXkFtZTYwNzIxOTI5..jpg,0,0,0,0,0,0,0,0,1,0,0,0,0,0,0,0,0,0,0,https://www.imdb.com/title/tt0112586/?ref_=fn_ttl_ttl_1
1637,Girls Town (1996),23-Aug-1996,https://m.media-amazon.com/images/M/MV5BYzAwM2NlZmEtNWJiMy00ODQ1LWE2MzUtZjQ5NGNkNzYwOWE0XkEyXkFqcGc@..jpg,0,0,0,0,0,0,0,0,1,0,0,0,0,0,0,0,0,0,0,https://www.imdb.com/title/tt0116418/?ref_=fn_ttl_ttl_1
1638,Normal Life (1996),25-Oct-1996,https://m.media-amazon.com/images/M/MV5BZTc4YTRhNWItZGI0Mi00ZDczLTg2OTctMDI0ZTk3ZGFjMDYzXkEyXkFqcGc@..jpg,0,0,0,0,0,0,1,0,1,0,0,0,0,0,0,0,0,0,0,https://www.imdb.com/title/tt0117202/?ref_=fn_ttl_ttl_1
1639,Bitter Sugar (Azucar Amargo) (1996),22-Nov-1996,https://m.media-amazon.com/images/M/MV5BOTVlYjMxMmQtMjUwZS00ZjVlLThhZDItNzk1NDNjNjVmY2JmXkEyXkFqcGc@..jpg,0,0,0,0,0,0,0,0,1,0,0,0,0,0,0,0,0,0,0,https://www.imdb.com/title/tt0115600/
1640,"Eighth Day, The (1996)",01-Nov-1996,https://m.media-amazon.com/images/M/MV5BOTZlNzVlYjYtZTNlZS00ZjA3LTk1NDUtODdmYzRlMmExNDc2XkEyXkFqcGc@..jpg,0,0,0,0,0,0,0,0,1,0,0,0,0,0,0,0,0,0,0,https://www.imdb.com/title/tt0116581/?ref_=fn_ttl_ttl_1
1641,Dadetown (1995),18-Sep-1996,https://m.media-amazon.com/images/M/MV5BZmIwZjdmNDctMGVlOS00MjA3LTkzNTktYWRlYmI2ZjM0N2MyXkEyXkFqcGc@..jpg,0,0,0,0,0,0,0,1,0,0,0,0,0,0,0,0,0,0,0,https://www.imdb.com/title/tt0112777/?ref_=fn_ttl_ttl_1
1642,Some Mother's Son (1996),27-Dec-1996,https://m.media-amazon.com/images/M/MV5BNDE0ODJhZWUtODEwMC00Y2VlLWE4M2ItMDVmN2JiN2E1MjVhXkEyXkFqcGc@..jpg,0,0,0,0,0,0,0,0,1,0,0,0,0,0,0,0,0,0,0,https://www.imdb.com/title/tt0117690/?ref_=fn_ttl_ttl_1
1643,Angel Baby (1995),10-Jan-1997,https://m.media-amazon.com/images/M/MV5BODdkM2QwNTItZjhmMi00ODc2LWEyNDgtYTdhODc4M2U2YThkXkEyXkFqcGc@..jpg,0,0,0,0,0,0,0,0,1,0,0,0,0,0,0,0,0,0,0,https://www.imdb.com/title/tt0112362/?ref_=fn_ttl_ttl_1
1644,Sudden Manhattan (1996),13-Jun-1997,https://m.media-amazon.com/images/M/MV5BMTM5OTE0NDMyOF5BMl5BanBnXkFtZTcwMjcxMTYxMQ@@..jpg,0,0,0,0,0,1,0,0,0,0,0,0,0,0,0,0,0,0,0,https://www.imdb.com/title/tt0117775/?ref_=fn_ttl_ttl_1
1645,"Butcher Boy, The (1998)",01-Jan-1998,https://m.media-amazon.com/images/M/MV5BMjRhNTQxNGUtNWFjZS00NjY4LTgxZmItZDgzZTA2NmVmNmQxXkEyXkFqcGc@..jpg,0,0,0,0,0,0,0,0,1,0,0,0,0,0,0,0,0,0,0,https://www.imdb.com/title/tt0118804/?ref_=fn_ttl_ttl_1
1646,Men With Guns (1997),06-Mar-1998,https://m.media-amazon.com/images/M/MV5BZDk4YTc4ZGQtMjBlYy00ZmQ3LWJjOGQtOGU5ZjlmN2ZiZWVjXkEyXkFqcGc@..jpg,0,1,0,0,0,0,0,0,1,0,0,0,0,0,0,0,0,0,0,https://www.imdb.com/title/tt0119657/?ref_=fn_ttl_ttl_1
1647,Hana-bi (1997),20-Mar-1998,https://m.media-amazon.com/images/M/MV5BNThmZmJhYjktNzVlOC00YTRkLWEyZmEtNTk1NTA2NzQ3ODI3XkEyXkFqcGc@..jpg,0,0,0,0,0,1,1,0,1,0,0,0,0,0,0,0,0,0,0,https://www.imdb.com/title/tt0119250/?ref_=fn_ttl_ttl_1
1648,"Niagara, Niagara (1997)",20-Mar-1998,https://m.media-amazon.com/images/M/MV5BZTBjNjVkZGEtMzJiNy00OTBiLWJkYzUtODJhYjJkZTFiOGI4XkEyXkFqcGc@..jpg,0,0,0,0,0,0,0,0,1,0,0,0,0,0,0,0,0,0,0,https://www.imdb.com/title/tt0119780/?ref_=fn_ttl_ttl_1
1649,"Big One, The (1997)",27-Mar-1998,https://m.media-amazon.com/images/M/MV5BYjA3MGIyY2MtZjJlOS00OTRiLWI0YzktOWNkOGE3MWI5YTVlXkEyXkFqcGc@..jpg,0,0,0,0,0,1,0,1,0,0,0,0,0,0,0,0,0,0,0,https://www.imdb.com/title/tt0124295/?ref_=fn_ttl_ttl_1
1650,"Butcher Boy, The (1998)",01-Jan-1998,https://m.media-amazon.com/images/M/MV5BMjRhNTQxNGUtNWFjZS00NjY4LTgxZmItZDgzZTA2NmVmNmQxXkEyXkFqcGc@..jpg,0,0,0,0,0,0,0,0,1,0,0,0,0,0,0,0,0,0,0,https://www.imdb.com/title/tt0118804/?ref_=fn_ttl_ttl_1
1651,"Spanish Prisoner, The (1997)",27-Mar-1998,https://m.media-amazon.com/images/M/MV5BZDY1N2U5MDQtYTczYy00ODhjLWFiMGQtMjUxYmUwNGU4MmUzXkEyXkFqcGc@..jpg,0,0,0,0,0,0,0,0,1,0,0,0,0,0,0,0,1,0,0,https://www.imdb.com/title/tt0120176/?ref_=fn_ttl_ttl_1
1652,Temptress Moon (Feng Yue) (1996),13-Jun-1997,https://m.media-amazon.com/images/M/MV5BMjlmNTFkNTQtZjEwZi00MDhmLWJjMGItYWJmMTBhOWU2MTlkXkEyXkFqcGc@..jpg,0,0,0,0,0,0,0,0,0,0,0,0,0,0,1,0,0,0,0,https://www.imdb.com/title/tt0116295/
1653,Entertaining Angels: The Dorothy Day Story (1996),27-Sep-1996,https://m.media-amazon.com/images/M/MV5BMTU5Nzc5MTYyNl5BMl5BanBnXkFtZTcwMDkwMTQyMQ@@..jpg,0,0,0,0,0,0,0,0,1,0,0,0,0,0,0,0,0,0,0,https://www.imdb.com/title/tt0116212/?ref_=fn_ttl_ttl_1
1654,Chairman of the Board (1998),01-Jan-1998,https://m.media-amazon.com/images/M/MV5BZTg2MWVlODYtNDI4Ni00ZWM4LWEzNDQtMDZlM2ZlZTA3OWE4XkEyXkFqcGc@..jpg,0,0,0,0,0,1,0,0,0,0,0,0,0,0,0,0,0,0,0,https://www.imdb.com/title/tt0118836/?ref_=fn_ttl_ttl_1
1655,"Favor, The (1994)",01-Jan-1994,https://m.media-amazon.com/images/M/MV5BMzM3YzFlZTUtNmUzYi00MGUzLWIxZTgtMzJlOTczZWY5NDQ1XkEyXkFqcGc@..jpg,0,0,0,0,0,1,0,0,0,0,0,0,0,0,1,0,0,0,0,https://www.imdb.com/title/tt0109783/?ref_=fn_ttl_ttl_1
1656,Little City (1998),20-Feb-1998,https://m.media-amazon.com/images/M/MV5BMzE3NjNmNDYtYTk1Yy00YTQyLThiODItMGJkMzllZWE5MDk4XkEyXkFqcGc@..jpg,0,0,0,0,0,1,0,0,0,0,0,0,0,0,1,0,0,0,0,https://www.imdb.com/title/tt0119548/?ref_=fn_ttl_ttl_1
1657,Target (1995),28-Feb-1996,https://m.media-amazon.com/images/M/MV5BYmE0NWZiMjktY2U4MC00MDVmLTljMGMtMWZiMThiNjczNzViXkEyXkFqcGc@..jpg,0,1,0,0,0,0,0,0,1,0,0,0,0,0,0,0,0,0,0,https://www.imdb.com/title/tt0822854/?ref_=fn_ttl_ttl_1
1658,"Substance of Fire, The (1996)",06-Dec-1996,https://m.media-amazon.com/images/M/MV5BNDcyNjkwMTY1OF5BMl5BanBnXkFtZTcwNDAzNTQyMQ@@..jpg,0,0,0,0,0,0,0,0,1,0,0,0,0,0,0,0,0,0,0,https://www.imdb.com/title/tt0117773/?ref_=fn_ttl_ttl_1
1659,Getting Away With Murder (1996),12-Apr-1996,https://m.media-amazon.com/images/M/MV5BMWRjZTU3MzctNTJiZi00ZmIwLWFjY2YtYWE5MzY5OTUzYjY4XkEyXkFqcGc@..jpg,0,0,0,0,0,1,0,0,0,0,0,0,0,0,0,0,0,0,0,https://www.imdb.com/title/tt0116405/?ref_=fn_ttl_ttl_1
1660,Small Faces (1995),09-Aug-1996,https://m.media-amazon.com/images/M/MV5BNGFkMzcxOGQtYzkyNi00NjEyLTg1ZDEtYzU4NzcwY2MwODU3XkEyXkFqcGc@..jpg,0,0,0,0,0,0,0,0,1,0,0,0,0,0,0,0,0,0,0,https://www.imdb.com/title/tt0114474/?ref_=fn_ttl_ttl_1
1661,"New Age, The (1994)",01-Jan-1994,https://m.media-amazon.com/images/M/MV5BYTkwNDkwMTgtNTU4MS00M2QyLWJlOTEtNTIyN2ViZWJkZjFmXkEyXkFqcGc@..jpg,0,0,0,0,0,0,0,0,1,0,0,0,0,0,0,0,0,0,0,https://www.imdb.com/title/tt0110649/?ref_=fn_ttl_ttl_1
1662,Rough Magic (1995),30-May-1997,https://m.media-amazon.com/images/M/MV5BMTU1NzJlNTktY2NiYi00MmU5LTk1OWItNjgyNTVlODY4Mzg4XkEyXkFqcGc@..jpg,0,0,0,0,0,0,0,0,1,0,0,0,0,0,1,0,0,0,0,https://www.imdb.com/title/tt0114303/?ref_=fn_ttl_ttl_1
1663,Nothing Personal (1995),30-Apr-1997,https://m.media-amazon.com/images/M/MV5BMTAyOTM2NjYxMTBeQTJeQWpwZ15BbWU3MDc4ODg4MTE@..jpg,0,0,0,0,0,0,0,0,1,0,0,0,0,0,0,0,0,1,0,https://www.imdb.com/title/tt0114007/?ref_=fn_ttl_ttl_1
1664,8 Heads in a Duffel Bag (1997),18-Apr-1997,https://m.media-amazon.com/images/M/MV5BZDU3Yzc1ZmYtNDVlMy00ZjY2LWIwMTYtNmIyOWNlZWQyMWQyXkEyXkFqcGc@..jpg,0,0,0,0,0,1,0,0,0,0,0,0,0,0,0,0,0,0,0,https://www.imdb.com/title/tt0118541/?ref_=fn_ttl_ttl_1
1665,"Brother's Kiss, A (1997)",25-Apr-1997,https://m.media-amazon.com/images/M/MV5BZTBlNDYzZDUtNzQzZi00MzA2LTlkOGMtMmIyYWIxMjBjZTBkXkEyXkFqcGc@..jpg,0,0,0,0,0,0,0,0,1,0,0,0,0,0,0,0,0,0,0,https://www.imdb.com/title/tt0118783/?ref_=fn_ttl_ttl_1
1666,Ripe (1996),02-May-1997,https://m.media-amazon.com/images/M/MV5BMjI1ODUyMzgyN15BMl5BanBnXkFtZTgwMzg5MjgwMzE@..jpg,0,0,0,0,0,0,0,0,1,0,0,0,0,0,0,0,0,0,0,https://www.imdb.com/title/tt0117482/?ref_=fn_ttl_ttl_1
1667,"Next Step, The (1995)",13-Jun-1997,https://m.media-amazon.com/images/M/MV5BMmQyMzVmYWEtYjJiNS00MzE3LTlhZWItOWQyMDk0ODQzMjE2XkEyXkFqcGc@..jpg,0,0,0,0,0,0,0,0,1,0,0,0,0,0,0,0,0,0,0,https://www.imdb.com/title/tt14838460/?ref_=fn_ttl_ttl_1
1668,Wedding Bell Blues (1996),13-Jun-1997,https://m.media-amazon.com/images/M/MV5BMzU1Mzc4MTA3NV5BMl5BanBnXkFtZTcwMTM4ODQyMQ@@..jpg,0,0,0,0,0,1,0,0,0,0,0,0,0,0,0,0,0,0,0,https://www.imdb.com/title/tt0118127/?ref_=fn_ttl_ttl_1
1669,MURDER and murder (1996),20-Jun-1997,https://m.media-amazon.com/images/M/MV5BZmJjYzVhNDMtNTdmNy00YTQyLWI0NDktZGFiZGQ0ODZmMjRmXkEyXkFqcGc@..jpg,0,0,0,0,0,0,1,0,1,0,0,0,0,1,0,0,0,0,0,https://www.imdb.com/title/tt0116949/?ref_=fn_ttl_ttl_1
1670,Tainted (1998),01-Feb-1998,https://m.media-amazon.com/images/M/MV5BMjA3ODk4MzM2MF5BMl5BanBnXkFtZTgwMzE4MDU1NjE@..jpg,0,0,0,0,0,1,0,0,0,0,0,0,0,0,0,0,1,0,0,https://www.imdb.com/title/tt0128690/?ref_=fn_ttl_ttl_1
1671,"Further Gesture, A (1996)",20-Feb-1998,https://m.media-amazon.com/images/M/MV5BY2ZiOWE5OTgtMjIwZC00NjI0LWJhMGUtODJiM2EzNjU0MzZlXkEyXkFqcGc@..jpg,0,0,0,0,0,0,0,0,1,0,0,0,0,0,0,0,0,0,0,https://www.imdb.com/title/tt0116379/?ref_=fn_ttl_ttl_1
1672,Kika (1993),01-Jan-1993,https://m.media-amazon.com/images/M/MV5BMGU3OTZmODUtZGJkNi00MWRiLTkxMzctODhlZThhMjJkZTVlXkEyXkFqcGc@..jpg,0,0,0,0,0,0,0,0,1,0,0,0,0,0,0,0,0,0,0,https://www.imdb.com/title/tt0107315/?ref_=fn_ttl_ttl_1
1673,Mirage (1995),01-Jan-1995,https://m.media-amazon.com/images/M/MV5BNGRlMjNjZDQtMThhOS00OTc5LWE5MjQtN2ZjZGQ3ZjI5MTVkXkEyXkFqcGc@..jpg,0,1,0,0,0,0,0,0,0,0,0,0,0,0,0,0,1,0,0,https://www.imdb.com/title/tt0113827/?ref_=fn_ttl_ttl_1
1674,Mamma Roma (1962),01-Jan-1962,https://m.media-amazon.com/images/M/MV5BZTJkZmVkNmItNDVjYS00ZTkyLTlhNWEtYWRhZjQxNTE0YmY3XkEyXkFqcGc@..jpg,0,0,0,0,0,0,0,0,1,0,0,0,0,0,0,0,0,0,0,https://www.imdb.com/title/tt0056215/?ref_=fn_ttl_ttl_1
1675,"Sunchaser, The (1996)",25-Oct-1996,https://m.media-amazon.com/images/M/MV5BYTdkODA1MWQtNGYzZC00NTg2LTg2OTMtNjcxYWM1ZjBkOTc4XkEyXkFqcGc@..jpg,0,0,0,0,0,0,0,0,1,0,0,0,0,0,0,0,0,0,0,https://www.imdb.com/title/tt0117781/?ref_=fn_ttl_ttl_1
1676,"War at Home, The (1996)",01-Jan-1996,https://m.media-amazon.com/images/M/MV5BODI4MTI1M2UtYjNhYi00NDU5LThiNmItN2E1ZmY3ZTdjOGFjXkEyXkFqcGc@..jpg,0,0,0,0,0,0,0,0,1,0,0,0,0,0,0,0,0,0,0,https://www.imdb.com/title/tt0118117/?ref_=fn_ttl_ttl_1
1677,Sweet Nothing (1995),20-Sep-1996,https://m.media-amazon.com/images/M/MV5BMTYxZjc1Y2QtOTJkMy00MjBmLWFhNGYtNjc5ZWUwN2I5NTRkXkEyXkFqcGc@..jpg,0,0,0,0,0,0,0,0,1,0,0,0,0,0,0,0,0,0,0,https://www.imdb.com/title/tt0114592/?ref_=fn_ttl_ttl_1
1678,Mat' i syn (1997),06-Feb-1998,https://m.media-amazon.com/images/M/MV5BZjM3ZGQwMDAtZWYyMi00NzExLWJkYzUtMTU2YjM2MTk0ZWEwXkEyXkFqcGc@..jpg,0,0,0,0,0,0,0,0,1,0,0,0,0,0,0,0,0,0,0,https://www.imdb.com/title/tt0119711/?ref_=fn_ttl_ttl_1
1679,B. Monkey (1998),06-Feb-1998,https://m.media-amazon.com/images/M/MV5BMTM5MzIzMDAxNV5BMl5BanBnXkFtZTcwNTc2NzAyMQ@@..jpg,0,0,0,0,0,0,0,0,0,0,0,0,0,0,1,0,1,0,0,https://www.imdb.com/title/tt0120594/?ref_=fn_ttl_ttl_1
1680,Sliding Doors (1998),01-Jan-1998,https://m.media-amazon.com/images/M/MV5BY2VhZDYyYjEtMzBkNC00MWI4LWIxNWYtZTAyMTJiNzY4NjgyXkEyXkFqcGc@..jpg,0,0,0,0,0,0,0,0,1,0,0,0,0,0,1,0,0,0,0,https://www.imdb.com/title/tt0120148/?ref_=fn_ttl_ttl_1
1681,You So Crazy (1994),01-Jan-1994,https://m.media-amazon.com/images/M/MV5BOTg5ODM5ODY0OF5BMl5BanBnXkFtZTcwNjA2NDAyMQ@@..jpg,0,0,0,0,0,1,0,0,0,0,0,0,0,0,0,0,0,0,0,https://www.imdb.com/title/tt0111804/?ref_=fn_ttl_ttl_1
1682,Scream of Stone (Schrei aus Stein) (1991),08-Mar-1996,https://m.media-amazon.com/images/M/MV5BNzUyNmI3NGQtZjU3ZS00MTExLWIxMzYtODc4OWM3N2NiOGZjXkEyXkFqcGc@..jpg,0,0,0,0,0,0,0,0,1,0,0,0,0,0,0,0,0,0,0,https://www.imdb.com/title/tt0102855/?ref_=fn_ttl_ttl_1